<?xml version="1.0" encoding="UTF-8" ?><root><aio_key>AIO_798</aio_key><translation_title>Honours for Dionysios of Syracuse</translation_title><url>www.atticinscriptions.com/inscription/IGII2/18</url><IPR>Creative Commons</IPR><translators><item>P. J.  Rhodes</item></translators><translation_source>RO 10</translation_source><translation>Relief

In the archonship of Euboulides (394/3). In the prytany of

Pandionis, being the sixth,

for which Platon son of Nikochares of Phlya was

secretary.

(5)The Council decided. Kinesias proposed: concerning what

Androsthenes says, to praise Dionysios the

ruler (archonta) of Sicily and Leptines the brother

of Dionysios and Thearides the brother

of Dionysios and Polyxenos the [brother-in-law

(10)of Dionysios] . . .

. . .

</translation></root>