<?xml version="1.0" encoding="UTF-8" ?><root><aio_key>AIO_799</aio_key><translation_title>Honours for Euagoras of Salamis</translation_title><url>www.atticinscriptions.com/inscription/RO/11</url><IPR>Creative Commons</IPR><translators><item>P. J.  Rhodes</item></translators><translation_source>RO 11</translation_source><translation>Relief

[Of Euagoras the] Salaminian.

Aristokles son of - of - was secretary.

The Council and People decided. [Aiantis or Leontis] was in prytany. Aristokles

was secretary. Euboulides (394/3) was archon. - was chairman. Sophilos

(5)proposed: [since Euagoras] the king (basileus) of the Salaminians [is a good man

with regard to the] Athenian People both [now and in time past]

. . . sent by

. . . of the city

. . .







Fragment b

(10). . .

. . .

. . . Greeks

Euagoras . . .

. . . announce

(15). . . contend

. . . king of

Salamis . . . on behalf of Greece Greek

. . . shall proclaim ([k]ēruxei)

. . . Athen-

(20). . . the secretary of the

Council . . . in front of the statue (agalmatos)

. . . praise also the

. . .







Fragment c

. . .

(25). . .

. . . prytany . . .

. . . Konon . . .

. . . both praise . . . [and crown?

. . . with a -?] crown. The herald . . .

(30). . . when the tragedies . . .

. . . Athenians Euagoras . . .

. . . to the Athenians . . .

. . . himself and his descendants . . .

. . . all the . . .

(35) . . . inscribe . . .

</translation></root>