<?xml version="1.0" encoding="UTF-8" ?><root><aio_key>AIO_508</aio_key><translation_title>Honours connected with king A[ntigonos?] and the Aitolians</translation_title><url>www.atticinscriptions.com/inscription/IGII31/1136</url><IPR>Creative Commons</IPR><translators><item>Stephen Lambert</item></translators><translation_source>&lt;i&gt;IG&lt;/i&gt; II&lt;sup&gt;3&lt;/sup&gt; 1 1136</translation_source><translation>Gods.

In the archonship of Heliodoros (228/7), in the [eleventh?]

prytany, of [Kekropis?], for which Charias son of Kallias of Athmonon^IX^

was secretary. On the - of Thargelion,

(5) the twent- of the prytany. Assembly. Of the presiding committee

Sosippos son of Aischronides of Kedoi was putting to the vote, and

his fellow presiding committee members.

&lt;in&gt;&lt;in&gt;&lt;in&gt;The People decided.

Archonides son of Chaireas of Pallene proposed: since

(10)-antos both previously at every opportunity . . .

. . .  considering . . . nonetheless . . .

. . . of king A[ntigonos?] . . .

. . . the Aitolians+1+ . . .

. . .




</translation></root>