<?xml version="1.0" encoding="UTF-8" ?><root><aio_key>AIO_509</aio_key><translation_title></translation_title><url>www.atticinscriptions.com/inscription/IGII31/1138</url><IPR>Creative Commons</IPR><translators><item>Stephen Lambert</item></translators><translation_source>&lt;i&gt;IG&lt;/i&gt; II&lt;sup&gt;3&lt;/sup&gt; 1 1138</translation_source><translation>In the archonship of Leochares (227/6), in the first

prytany, of Hippothontis, for which

Theokrisios son of Pasion of Oion^X^

was secretary. On the eighteenth

(5) of Hekatombaion, the eighteenth

of the prytany. [Principal] Assembly [in the theatre].

Of the presiding committee – son of Xenotimos of Teithras^IV^

was putting to the vote, and his fellow presiding committee members,

Menekles of Lamptrai^I^, – of –^II^,

(10) Moschos of Phegous^III^, – of –^V^,

Nikokrates of Sounion^VI^,  – of –^VII^,

-mokles of Acharnai^VIII^, – of –^IX or X^,

Chares of Aphidna^XI^,  – of –^XII^.

&lt;in&gt;The Council and the People decided.

(15) – son of Philotheros of -

proposed: . . .

. . .+1+</translation></root>