<?xml version="1.0" encoding="UTF-8" ?><root><aio_key>AIO_512</aio_key><translation_title></translation_title><url>www.atticinscriptions.com/inscription/IGII31/1142</url><IPR>Creative Commons</IPR><translators><item>Stephen Lambert</item></translators><translation_source>&lt;i&gt;IG&lt;/i&gt; II&lt;sup&gt;3&lt;/sup&gt; 1 1142</translation_source><translation>. . . 

. . . the ninth of the prytany.

Assembly in the Piraeus.  Of the presiding

committee -s  son of Polynikos of Kephale was putting to the vote,

(5) and his fellow presiding committee members, Apollophanes of -,

- of Hagnous^II^, Moschos of -

-  of Teithras^IV^, Kleogenes

of -, -  of Sounion^VI^, Theogo-

of -, -  of Thymaitadai^X^, Soge-

(10) of -, - of Anaphlystos^XII^.

The Council and the People decided.

. . .</translation></root>