<?xml version="1.0" encoding="UTF-8" ?><root><aio_key>AIO_513</aio_key><translation_title></translation_title><url>www.atticinscriptions.com/inscription/IGII31/1143</url><IPR>Creative Commons</IPR><translators><item>Stephen Lambert</item></translators><translation_source>&lt;i&gt;IG&lt;/i&gt; II&lt;sup&gt;3&lt;/sup&gt; 1 1143</translation_source><translation>Gods.

In the archonship of Theophilos (226/5), in the third prytany,

of Kekropis, for which Philippos son of Kephisodoros of Aphidna^XI^

was secretary. On the twenty-fifth (hektei met&apos; eikadas) of Boedromion,

(5) the twenty-[third or fourth] of the prytany. Assembly [in the

theatre]. Of the presiding committee - son of

- of Anaphlystos was putting to the vote, and his fellow presiding committee members.

&lt;in&gt;&lt;in&gt; The Council and the People decided.

- son of - of -ettos proposed: . . .

. . .</translation></root>