<?xml version="1.0" encoding="UTF-8" ?><root><aio_key>AIO_520</aio_key><translation_title>Honours for Kastor, friend of king Ptolemy </translation_title><url>www.atticinscriptions.com/inscription/IGII31/1146</url><IPR>Creative Commons</IPR><translators><item>Stephen Lambert</item></translators><translation_source>&lt;i&gt;IG&lt;/i&gt; II&lt;sup&gt;3&lt;/sup&gt; 1 1146</translation_source><translation>In the archonship of Ergochares (225/4), in the third

prytany, of Hippothontis, for which Zoilos son of Diphilos

of Alopeke^XII^ was secretary. On the second

intercalated twenty-second (enatēi met&apos; eikadas deuterai embolimōi) of Metageitnion, 

(5)the twentieth of the prytany. Assembly in

the theatre, convened by the decree which Ktesias

of Thorikos proposed.  Of the presiding committee

The- son of - of Koile was putting to the vote, and

his fellow presiding committee members. The People decided. Chaireas son of

(10) Archeneos of Pallene proposed: since Kastor, being

a friend . . .  of Ptolemy the king+1+ . . . the

. . . conveyed (?) (diakomisthēnai)

. . . and at the same time . . .

. . . on the . . . 

(15) . . . received or undertook (hupedeixato)

. . . safely those things

. . . made a 

. . . elected

. . . of Ptolemy the king

(20) . . . and the

. . . having despatched the

. . . all . . . of the new or of the ships

. . . being present

. . . worthy in all

(25) . . . of the People and of 

[Ptolemy the king]. So, therefore, that no-one

. . . that are displayed

. . . but all . . . of the 

. . . the honour, for good [fortune,

(30) the People shall decide . . .]

. . .</translation></root>