<?xml version="1.0" encoding="UTF-8" ?><root><aio_key>AIO_525</aio_key><translation_title>On the dedication of a censer and dish</translation_title><url>www.atticinscriptions.com/inscription/IGII31/1151</url><IPR>Creative Commons</IPR><translators><item>Stephen Lambert</item></translators><translation_source>&lt;i&gt;IG&lt;/i&gt; II&lt;sup&gt;3&lt;/sup&gt; 1 1151</translation_source><translation>. . .

. . . [choose -

men, who with the priest and]

the general [in charge of equipment (epi tēn paraskeuēn)]

and the director of works (architektonos) [in charge of sanctuaries and]

anyone else whom the laws prescribe, 

(5) will provide from the . . .

and shall fashion (kataskeuōsin) . . .  and

a censer and a [dish (ph[ialēn]) for the god] as finely as possible,

and will inscribe and dedicate them.







In the archonship of Antiphilos (223/2) . . .

(10) dedications (anathēmatōn) . . .

and . . . these things . . .

. . . to the . . .

. . .</translation></root>