<?xml version="1.0" encoding="UTF-8" ?><root><aio_key>AIO_526</aio_key><translation_title>Honours for the Prytany of Aiantis</translation_title><url>www.atticinscriptions.com/inscription/IGII31/1152</url><IPR>Creative Commons</IPR><translators><item>Stephen Lambert</item></translators><translation_source>&lt;i&gt;IG&lt;/i&gt; II&lt;sup&gt;3&lt;/sup&gt; 1 1152</translation_source><translation>. . .





. . .

. . . and the undersecretary, Timokrates

of Kydathenaion, and the pipe-player, Dexilaos of Halai;

and the prytany secretary shall inscribe this

decree on a stone stele and stand it in the

(5) prytanikon; and the administrator (ton epi tei dioikēsei)

shall allocate for inscribing the stele the expenditure

accrued.

col. 1

&lt;in&gt;[Rhamnous]+1+

. . .







col. 2

&lt;in&gt;Trikorynthos

Lysias

Theodoros

Argeios

(25) Diodoros

Aischylos

Demetrios

&lt;in&gt;Phaleron 

Zoilos

(30) Helixos

Philoxenos

Patron

Nikolaos

Olynpichos







col. 3

(35) S-es

K-on

Theoxenos

Demophon

Andron

(40) Philokles

Diogenes

&lt;in&gt;Marathon

EPHAIPES+2+

Menekrates

(45) M.YINOS+2+

Nikon

Boethos

Phainippos









col. 4

Kallimachos

(50) Sokles

Alexandros

Straton

Herakleides

Hellen

(55) Amyntas

&lt;in&gt;Oinoe

Eteokles

Aristokritos

Eretymenes

(60) Theogenes

Nikokles

Xenophilos









col. 1 

[The Council (crowns)]

. . .

(65) . . .

. . .







col. 2 

The Council (crowns)

Proxenos 

of

(70) Aphidna







col. 3 

The Council (crowns)

Eukles 

of

Trinemeia







col. 1 

(75) The Council (crowns)

. . .







col. 2 

The Council (crowns)

(80) Timokrates 

of

Kydathenaion







col. 3 

The Council (crowns)

Dexilaos

of

(85) Halai</translation></root>