<?xml version="1.0" encoding="UTF-8" ?><root><aio_key>AIO_527</aio_key><translation_title>Honours for the Prytany of Akamantis</translation_title><url>www.atticinscriptions.com/inscription/IGII31/1153</url><IPR>Creative Commons</IPR><translators><item>Stephen Lambert</item></translators><translation_source>AIO Papers 4, 1153 (l. 55)</translation_source><translation>Gods.

Decree 1

[In the archonship of Euxenos (222/1)], in the seventh

prytany, of Hippothontis, for which – son of – of Kedoi^III^

was secretary. On the – of Posideon, the [eleventh or thirteenth] of the prytany.

(5) Assembly [in the theatre]. Of the presiding committee Herodoros son of The-

of -  was putting to the vote, and his fellow presiding committee members.

&lt;in&gt;&lt;in&gt;&lt;in&gt; The People decided.

. . . proposed: concerning what

the prytany of Akamantis report about the sacrifices which they made

(10) before the Assemblies, to Apollo Prostaterios

and Artemis Boulaia and to the other gods to whom it is traditional,

and managed the convening of the Council and the Assembly,

and everything else which the laws and

decrees of the People prescribe for them, for good fortune, the People

(15) shall decide, to praise the prytany of Akamantis and

crown them with a gold crown according to the law for their piety

towards the gods and their love of honour towards the Athenian Council

and People; and the prytany secretary shall inscribe

this decree on a stone stele and stand it

(20)  in the prytanikon; and for [inscribing?] the stele

the administrator (ton epi tei dioikēsei) shall allocate the expenditure accrued.







col. 1

The Council (crowns)

the treasurer

Antiphon

(25) of 

Hermos







col. 2

The People (crowns)

the

prytany







col. 3

(30) The Council (crowns)

the

secretary

Apollodoros

of

(35) Sphettos







col. 4

[The Council (crowns)]

. . .









Decree 2

On the second (?) of Posideon, the second of the prytany.

Council in the Council chamber. Of the presiding committee - son of Phanostratos

of Phegous was putting to the vote and his fellow presiding committee members. The Council decided.

(45) Arkesilas son of Sostratos of - proposed: since the prytany

of Akamantis, having praised and crowned

the treasurer, whom they chose from among themselves, Antiphon*, and

the secretary, Apollodoros*, report to the Council that they have made all the proper

sacrifices in the prytany on behalf of the Council and the People,

(50)and have managed everything else well and with love of honour,

for good fortune, the Council shall decide, to praise the treasurer,

Antiphon son of [H?]er- of Hermos, and the secretary, Apollodoros

son of Apollodoros of Sphettos, for their piety towards the gods

and their love of honour towards the tribesmen; and to praise also the

(55) [priest of the eponymous, Androkles?] son of Xeinis of Sphettos and the [treasurer

of the Council, Proxenos son of -] of Aphidna, and the herald of the

Council and the People, Eukles son of Philokles of Trinemeia, and the

secretary of the Council and the People, Philiskos son of Hippias of K-, and

the undersecretary, Timokrates son of Timokrates of Kydathenaion, and

(60) the pipe-player, Dexilaos of Halai;  and the prytany secretary

shall inscribe this decree on a stone stele and stand it

in the prytanikon; and the administrator (ton epi tei dioikēsei) shall allocate for inscribing

the stele the expenditure accrued.

col. 1

&lt;in&gt;Hermos

(65) [Antiphon son of [H?]er-]

. . .

&lt;in&gt;Sphettos

[Apollodoros son of Apo(-)]

. . .

(70) . . .

. . .

(75) &lt;in&gt; [Kephale?]

. . .







col. 2

. . .

(89)&lt;in&gt;[Cholargos?]

. . .







col. 3

Apollophanes son of Apollo(-)

(95) Asklepiades son of Polem(-)

&lt;in&gt;Kerameis

Kallistratos son of Steph(-)

Stephanos son of Kallistr(atos)

Timobios son of Parmen-

(100) Aristokrates -

Xenokles son of Xe-

Hestiaios son of P-

&lt;in&gt;Kikynna

. . .







col. 4

&lt;in&gt;[Eiresi]dai

O-

S-

(110)&lt;in&gt;[Thorikos?]

. . .

(120)&lt;in&gt;[Iphistiadai?]

. . .
</translation></root>