<?xml version="1.0" encoding="UTF-8" ?><root><aio_key>AIO_529</aio_key><translation_title></translation_title><url>www.atticinscriptions.com/inscription/IGII31/1156</url><IPR>Creative Commons</IPR><translators><item>Stephen Lambert</item></translators><translation_source>&lt;i&gt;IG&lt;/i&gt; II&lt;sup&gt;3&lt;/sup&gt; 1 1156</translation_source><translation>In the archonship of Chairephon (218/7), in the – prytany,

of –, for which Ph- son of - of Kydantidai^VII^

was secretary.   . . .

. . . of the prytany. [Assembly].

(5) Of the presiding committee . . . was putting to the vote,

and his fellow presiding committee members.   . . .

. . .</translation></root>