<?xml version="1.0" encoding="UTF-8" ?><root><aio_key>AIO_530</aio_key><translation_title></translation_title><url>www.atticinscriptions.com/inscription/IGII31/1157</url><IPR>Creative Commons</IPR><translators><item>Stephen Lambert</item></translators><translation_source>&lt;i&gt;IG&lt;/i&gt; II&lt;sup&gt;3&lt;/sup&gt; 1 1157</translation_source><translation>In the archonship of Chairephon (218/7), in the third

prytany, of –, for which Ph- son of -

of Kydantidai^VII^ was secretary. On the eleventh

[of Boedromion], the fifteenth of the

(5) prytany. Assembly. Of the presiding committee

Theodotos or Diodotos son of Nikon of - was putting to the vote. . . .

. . .</translation></root>