<?xml version="1.0" encoding="UTF-8" ?><root><aio_key>AIO_531</aio_key><translation_title>Honours for the Ephebes of 219/8 and their officers</translation_title><url>www.atticinscriptions.com/inscription/IGII31/1158</url><IPR>Creative Commons</IPR><translators><item>Stephen Lambert</item></translators><translation_source>&lt;i&gt;IG&lt;/i&gt; II&lt;sup&gt;3&lt;/sup&gt; 1 1158</translation_source><translation>. . . (218/7)

. . .

[. . . and the secretary, -]n son of Pra- (?) . . .

[. . . and crown each of them] with a foliage [crown]; 

[and the prytany secretary shall inscribe this decree and their names]

(5) on a stone stele and stand it [in the agora];

and the administrator (ton epi tei dioikēsei) [shall allocate the accrued expenditure].







col. 1

. . .







col. 2

In crown

The Council

the People (crown)

the 

(10) ephebes







col. 3

In crown

. . .







The ephebes of the archonship of Menekrates (219/8)

col. 1

&lt;in&gt;[Antigonis^I^]

. . .







col. 2

&lt;in&gt;Akamantis^VIII^

Phaidros son of Thymochares of Sphettos

Menekrates son of Xenon of Hermous

(15) Charikles son of Philoxenos of Sphettos

&lt;in&gt;Oineis^IX^

&lt;in&gt;Kekropis^X^

Andronikos . . .

Aristeides . . .

lacuna

(20)&lt;in&gt;[Hippothontis^XI^]

lacuna

. . .

. . . son of Klea- . . .

&lt;in&gt;Aiantis^XII^

&lt;in&gt;Antiochis^XIII^

(25) -estos son of Theomnestos . . .







. . .

col. 3

The Council

the People (crown)

. . .</translation></root>