<?xml version="1.0" encoding="UTF-8" ?><root><aio_key>AIO_532</aio_key><translation_title></translation_title><url>www.atticinscriptions.com/inscription/IGII31/1159</url><IPR>Creative Commons</IPR><translators><item>Stephen Lambert</item></translators><translation_source>&lt;i&gt;IG&lt;/i&gt; II&lt;sup&gt;3&lt;/sup&gt; 1 1159</translation_source><translation>Gods.

In the archonship of [Kallimachos (217/6)], in the twelfth

prytany, of Aegeis, for which Aristoteles son of Theainetos

of Kephale^VIII^ was secretary. On the tenth of Thargelion

(5) . . . of the prytany. Principal Assembly.

Of the presiding committee Kallistratos son of Nikias of – was putting to the vote,

and his fellow presiding committee members. The People decided.

. . . of Phegaia proposed: since previously

. . . ancestors being Athenians

(10) . . . were proxenoi and benefactors

of the Athenian People, and continues also

. . . concerning the city of the Athenians,

for which the People honoured him both with other grants

. . . and his descendants

(15) . . .  his own [ancestors?]

. . .  campaigning (strateuome-)

. . .  under the leadership (eph&apos; ēgemonias)

. . .  [collectively for the] city and individually

. . .  and . . .  the needs

(20) . . .

. . .  the [territory]

. . .</translation></root>