<?xml version="1.0" encoding="UTF-8" ?><root><aio_key>AIO_631</aio_key><translation_title>Honours for Eurykleides of Kephisia</translation_title><url>www.atticinscriptions.com/inscription/IGII31/1160</url><IPR>Creative Commons</IPR><translators><item>Stephen Lambert</item></translators><translation_source>&lt;i&gt;IG&lt;/i&gt; II&lt;sup&gt;3&lt;/sup&gt; 1 1160</translation_source><translation>. . .

military (?) (stratiōt-) . . . was wanting (?) ([e]gleip[o]nt-) . . . 

management (epimeleian), and [the treasurership of?] the military fund (?) (strati[ōtikōn])+1+

he carried out through his son+2+ and spent no small sums

[from his own resources], and as Games-sponsor (agōnothetēs) obediently (hupakousas) spent a [further?]

(5) seven talents, and having again given over to his son [this]

responsibility, and having accomplished the Games-sponsorship well,

he expended no small further sums, and when the country, because of its

enemies, was fallow and unsown, he was responsible

for it being worked and sown, having supplied money ([chrēmata pori]sas),

(10) and he re-established the freedom of the city with

his brother Mikion,+3+ after those who gave back the 

Piraeus (meta tous ap[odontas ton Pei]raia), and he supplied the money ([chrēma]ta eporisen) for the crown for [those forces] who

with Diogenes returned [the garrisons (ta phrouria)],+4+

and fortified (ōchurōsen) the harbours+5+ and repaired (epeskeuase)

(15) the walls of the city and of the Piraeus, with Mikion his 

brother, and approached [with him?] Greek cities and [kings (basileis)]

and as many as . . . money to the People . . . 

considered how justice might be done . . .

supplying money and the . . .

(20) having . . . showed himself . . .

made useful contributions to the People . . .

and introduced laws [in the interests of the People?] and . . .

the seating (?) (theas)+6+ . . .

introduced a competition . . .

(25) also strengthened (ēuxēsen) the People (?) (d[ēmon])+7+ . . .

precincts and . . . a stoa . . .

towards all Athenians . . .

. . .



</translation></root>