<?xml version="1.0" encoding="UTF-8" ?><root><aio_key>AIO_533</aio_key><translation_title>Honours for the Ephebes of 216/5</translation_title><url>www.atticinscriptions.com/inscription/IGII31/1161</url><IPR>Creative Commons</IPR><translators><item>Stephen Lambert</item></translators><translation_source>&lt;i&gt;IG&lt;/i&gt; II&lt;sup&gt;3&lt;/sup&gt; 1 1161</translation_source><translation>In the archonship of Hagnias (215/4), in the [third] prytany, of –,

for which Potamon son of Do- of -^X^ was secretary.

On the fourth or fourteenth or twenty-seventh (tetrad[i -) of Boedromion, the - 

of the prytany. Council in the [Panathenaic stadium. Of the]

(5) presiding committee Soteles . . .  was putting to the vote, and

his fellow presiding committee members.&lt;in&gt;The Council and the People decided.

-es son of Poseidippos of Paionidai proposed. Since the ephebes

of the archonship of [Hoplon?] (216/5) . . .

. . . having . . .

(10) . . .

. . .



</translation></root>