<?xml version="1.0" encoding="UTF-8" ?><root><aio_key>AIO_539</aio_key><translation_title>Honours for the Prytany of Leontis</translation_title><url>www.atticinscriptions.com/inscription/IGII31/1168</url><IPR>Creative Commons</IPR><translators><item>Stephen Lambert</item></translators><translation_source>&lt;i&gt;IG&lt;/i&gt; II&lt;sup&gt;3&lt;/sup&gt; 1 1168</translation_source><translation>Decree 1

In the archonship of Archelaos (211/0), in the third prytany, 

of Leontis, for which Moschos son of Moschion of Ankyle^I^ was secretary. 

On the - of Boedromion, the twentieth of the prytany.

Principal Assembly. Of the presiding committee Kallistratos son of Kalli- of -

(5) was putting to the vote, and his fellow presiding committee members.

&lt;in&gt;&lt;in&gt;&lt;in&gt; The People decided.

Ekphantos [son of Euphanes of Thria] proposed: since the prytany of Leontis

made the sacrifices before the Assemblies to Apollo 

Prostaterios and Artemis Boulaia and the other gods to whom it is 

(10) traditional, and managed the convening of the Council and the

Assembly, [and everything else which the laws prescribe for them], for good fortune,

the People shall decide, to accept the good things that occurred

in the sacrifices which they made for the health and preservation of the Council

and the People and the women and children, and to praise

(15) the prytany of Leontis and crown it with a gold crown according to 

the law for its piety towards the gods and its love of honour

towards the Athenian Council and People; and the prytany

secretary shall inscribe this decree on a stone stele

and stand it in the prytanikon; and for inscribing the stele

(20) the administrator (ton epi tei dioikēsei) shall allocate the

expenditure accrued.









col. 1

The Council (crowns)

the

treasurer

(25) Patrokles

of Sounion







col. 2

[The People] (crowns)

the

prytany







col. 3

(30) The Council (crowns)

the

secretary

Apollophanes 

of Kettos








Decree 2

(35) In the archonship of Archelaos (211/0), in the fourth prytany, of Aiantis,

for which Moschos son of Moschion of Ankyle^I^ was secretary. On the twenty-fourth (hebdomei met&apos; eikadas) of 

Boedromion, the third of the prytany. Council in the Council chamber, [and from? (kai ek)] the Council chamber in the Eleusinion.+1+

Of the presiding committee Lysikles son of Apollodoros of Kephale was putting to the vote,

(40) and his fellow presiding committee members.

&lt;in&gt;&lt;in&gt;&lt;in&gt;The Council decided.

Ekphantos son of Euphanes of Thria proposed: since the prytany of Leontis,

having praised and crowned the treasurer,

whom they chose from among themselves, Patrokles of Sounion,

(45) and the secretary, Apollophanes of Kettos, report to the Council that they performed

all the proper sacrifices in the prytany on behalf of the Council

and the People, and managed everything else

well and with love of honour, for good fortune, the Council shall decide, to praise

the treasurer, Patrokles son of Kalli- of Sounion, and the secretary,

(50) Apollophanes son of Apollophanes of Kettos, and the treasurer

of the Council, Ekphantos of Thria, and the priest of the eponymous,

Euboulides of Potamos, and the herald of the Council and People,

Eukles of Trinemeia, and the secretary of the Council and the People,

[Ep- son of - of -], and the undersecretary, Lanomos

(55) of Berenikidai; [and the prytany secretary shall inscribe this decree]

[on a stone stele and stand it in the prytanikon];

and the administrator (ton epi tei dioikēsei) [shall allocate]

[for making (poiēsin) or setting up (anathesin) and inscribing the stele the expenditure accrued].









col. 1

Sounion

(60)&lt;in&gt;Patrokles

&lt;in&gt;Diomedon

&lt;in&gt;Sonikos

&lt;in&gt;-

&lt;in&gt;Kleitophon

(65)Phrearrhioi

&lt;in&gt;-

&lt;in&gt;Philinos

&lt;in&gt;Olympiodoros

&lt;in&gt;-

(70)&lt;in&gt;-es

&lt;in&gt;-	

&lt;in&gt;Eubiotos

&lt;in&gt;Epigenes

&lt;in&gt;Philon







col.2

(75)&lt;in&gt;Nikodoros

Cholleidai

&lt;in&gt;Dionysios

&lt;in&gt;Stesagoras

&lt;in&gt; Menephron son of Me()

(80) &lt;in&gt;Zopyros son of Xen()

&lt;in&gt;Philon son of Philothe(os)

Leukonoion

&lt;in&gt;Pandios

&lt;in&gt;Hephaistodoros

(85) &lt;in&gt;Theogenes

&lt;in&gt;Straton

&lt;in&gt;Athenogenes

Halimous

&lt;in&gt;Diodoros son of Epis()

(90) &lt;in&gt;Hermias










col. 3

&lt;in&gt;- 

Kettos

&lt;in&gt;-

&lt;in&gt;Apollophanes

(95) &lt;in&gt;[Eux]enos

Paionidai

&lt;in&gt;Timon son of Timo()

&lt;in&gt;Theophanes

&lt;in&gt;Kallixenos

(100) Skambonidai

&lt;in&gt;Niketes son of Leo()

&lt;in&gt;Ithygitonides

&lt;in&gt;Lysimachos

&lt;in&gt;Dexandros

(105) Hybadai

&lt;in&gt;Dionysodoros







col. 4

Pelekes

&lt;in&gt;- 

&lt;in&gt;- 

(110) Eupyridai

&lt;in&gt;Malakon

&lt;in&gt;Nikosthenes

Potamos

&lt;in&gt;Moschos

(115) &lt;in&gt;Olympiodoros

Kolonos

&lt;in&gt;Hermolykos

Kropidai

&lt;in&gt;Protagoras














col. 1

(120)The Council (crowns)

Ekphantos

of 

Thria








col. 2

The Council (crowns)

(125) Euboulides

of Potamos








col. 3

The Council (crowns)

Eukles

(130)of 

Trinemeia









col. 1

The Council (crowns)

Ep- 

. . .







col. 2

The Council (crowns)

(135) Lanomos

of

Berenikidai.

</translation></root>