<?xml version="1.0" encoding="UTF-8" ?><root><aio_key>AIO_542</aio_key><translation_title></translation_title><url>www.atticinscriptions.com/inscription/IGII31/1172</url><IPR>Creative Commons</IPR><translators><item>Stephen Lambert</item></translators><translation_source>&lt;i&gt;IG&lt;/i&gt; II&lt;sup&gt;3&lt;/sup&gt; 1 1172</translation_source><translation>In the archonship of Kallistratos (207/6), in the eighth prytany, of -,

for which Hagnonides son of Apatourios of -^V^ was secretary. . . .

. . .  On the twenty-seventh (tetradi met&apos; eikadas) of Gamelion, the -  of the

prytany. Assembly in Piraeus. Of the presiding committee -

(5) son of Philokrates of Ptelea was putting to the vote, and his fellow presiding committee members.

&lt;in&gt;&lt;in&gt;The People decided.

- son of [Kt]eson or [Mn]eson of - proposed: . . . 

. . .</translation></root>