<?xml version="1.0" encoding="UTF-8" ?><root><aio_key>AIO_544</aio_key><translation_title></translation_title><url>www.atticinscriptions.com/inscription/IGII31/1174</url><IPR>Creative Commons</IPR><translators><item>Stephen Lambert</item></translators><translation_source>&lt;i&gt;IG&lt;/i&gt; II&lt;sup&gt;3&lt;/sup&gt; 1 1174</translation_source><translation>In the archonship of [Isokra]tes (205/4), in the first prytany, of Antiochis,

for which - son of -ophantos of Aigilia^VII^ was secretary. . . .

. . . , the -teenth of the prytany.

. . .  Of the presiding committee . . . was putting to the vote,

(5)and his fellow presiding committee members . . .

. . .</translation></root>