<?xml version="1.0" encoding="UTF-8" ?><root><aio_key>AIO_545</aio_key><translation_title></translation_title><url>www.atticinscriptions.com/inscription/IGII31/1175</url><IPR>Creative Commons</IPR><translators><item>Stephen Lambert</item></translators><translation_source>&lt;i&gt;IG&lt;/i&gt; II&lt;sup&gt;3&lt;/sup&gt; 1 1175</translation_source><translation>Gods.

In the archonship of Apollodoros (203/2), in the second prytany,

of Pandionis or Antigonis, for which - son of -

of Oe^IX^ was secretary. On the eleventh 

(5)of Metageitnion, the eleventh of the prytany. 

Principal Assembly in the theatre. Of the presiding committee

Athenogenes . . . was putting to the vote . . .

. . .</translation></root>