<?xml version="1.0" encoding="UTF-8" ?><root><aio_key>AIO_552</aio_key><translation_title>Honours for an Aitolian</translation_title><url>www.atticinscriptions.com/inscription/IGII31/1181</url><IPR>Creative Commons</IPR><translators><item>Stephen Lambert</item></translators><translation_source>&lt;i&gt;IG&lt;/i&gt; II&lt;sup&gt;3&lt;/sup&gt; 1 1181</translation_source><translation>. . .

. . . the interests of the People . . .

. . . the needs of the delegates (sunedrōn chrei[as]) (?) . . .

. . . happen to be . . .

(5) . . . [in this] year ambassadors (?) . . .

. . . in like manner after this continues [always to

meet the needs of?] embassies [sent to?] Aitolia+1+ (?)  . . . 

. . . individually the [Athenians?] who come [to Aitolia?] . . .

. . . [whatever] requests they make of him, and collaborates on everything . . .

(10) . . . [announces that?] also in the time after this . . .

. . . [the good will] which he has collectively towards [the city and?]

[individually towards each?] Athenian; in order therefore that also  . . .

. . . of the privileges that have applied . . .

. . . for good fortune, the Council shall decide . . .

(15) . . . [the presiding committee] allotted to preside . . .

. . . shall put these matters on the agenda . . .

. . .

</translation></root>