<?xml version="1.0" encoding="UTF-8" ?><root><aio_key>AIO_553</aio_key><translation_title>Honours for the Managers of the Mysteries</translation_title><url>www.atticinscriptions.com/inscription/IGII31/1182</url><IPR>Creative Commons</IPR><translators><item>Stephen Lambert</item></translators><translation_source>&lt;i&gt;IG&lt;/i&gt; II&lt;sup&gt;3&lt;/sup&gt; 1 1182</translation_source><translation>In the archonship of –, in the . . . of Oineis, for which 

. . . of Myrrhinoutta^IV^ was secretary. . . .

. . . on the twenty-second of the prytany. 

[Assembly in the theatre]. Of the presiding committee . . . was putting to the vote

(5) and his fellow presiding committte members. The Council and the People decided.

. . . proposed: [since the managers (epimelētai) of the]

[Mysteries] in the archonship of - [made the sacrifices of the Great

Mysteries and those] by Agrai (pros Agran) [at the appointed times?] . . .

. . . the laws require [and the decrees of the]

(10) [People, and sacrificed to] Demeter and the Girl (Korēi) [and the other gods

to whom it is traditional for the health and preservation of the Athenian Council 

and People and the children and women and [everyone else]

. . . (sacrifices) went well and efficaciously (kala kai s[ōtēria]) . . .

. . .

(15) . . .

. . . their piety towards the gods . . .

. . .</translation></root>