<?xml version="1.0" encoding="UTF-8" ?><root><aio_key>AIO_554</aio_key><translation_title>On Festival Competitions and Official Missions (&lt;i&gt;theoriai&lt;/i&gt;)</translation_title><url>www.atticinscriptions.com/inscription/IGII31/1183</url><IPR>Creative Commons</IPR><translators><item>Stephen Lambert</item></translators><translation_source>&lt;i&gt;IG&lt;/i&gt; II&lt;sup&gt;3&lt;/sup&gt; 1 1183</translation_source><translation>. . .

. . .

. . . by the . . .

. . . [towards?] the divine piously . . .

. . . musical competition for a crown (stephanitēn) . . .

(5) . . . [to . . .] to Apollo . . .

. . . knowing that . . . is necessary

. . . the People and thinking . . .

. . . the sacrifices . . . by themselves . . .

. . . as just (kathaper dikaion) . . .

(10) . . . sending the official missions (theōrias) . . .

. . . of the competitions of the city . . .

. . . [those?] making manifest . . .

. . . think it right to accept . . .

. . . for a crown, . . .

(15) . . . just as . . . him or it . . .

. . . honours . . .

. . .

. . .</translation></root>