<?xml version="1.0" encoding="UTF-8" ?><root><aio_key>AIO_555</aio_key><translation_title>On the Renewal of the Competitions at the Lykaia</translation_title><url>www.atticinscriptions.com/inscription/IGII31/1184</url><IPR>Creative Commons</IPR><translators><item>Stephen Lambert</item></translators><translation_source>&lt;i&gt;IG&lt;/i&gt; II&lt;sup&gt;3&lt;/sup&gt; 1 1184</translation_source><translation>[. . .?]

-ylos son of Kleon- [of - proposed: since previously?] . . .

the Megalopolitan [People . . . announced . . . 

competition(s)?] for a crown at the Lykaia+1+ . . . the People [chose?] to

give thanks . . . [and accept?]

(5) the competition, just as . . . [decided?]

to despatch official visitors (theōrous) . . .

and now again despatched [offfical visitors] . . .

[considered] to be necessary, since . . .

prizes to be given to the [victors] . . .

(10) the People everything . . . Megalopolitan  . . .

the Council shall decide, that the presiding committee allotted for the forthcoming Assembly

shall place these matters on the agenda, and submit the opinion of the Council to the

People, that It seems good to the Council . . .

. . . to the . . .

(15)  . . . [in the?] city hall . . .

. . .

. . . of the Megalopolitans . . .

. . .







lacuna







In crown

. . .

(20) of the

Megalopolitans.</translation></root>