<?xml version="1.0" encoding="UTF-8" ?><root><aio_key>AIO_560</aio_key><translation_title>Honours for a Priestess of Demeter</translation_title><url>www.atticinscriptions.com/inscription/IGII31/1189</url><IPR>Creative Commons</IPR><translators><item>Stephen Lambert</item></translators><translation_source>&lt;i&gt;IG&lt;/i&gt; II&lt;sup&gt;3&lt;/sup&gt; 1 1189</translation_source><translation>. . .

. . . and crown - with a myrtle

crown for - piety towards 

the gods and love of honour; and the prytany

(5) secretary shall inscribe this decree

on a stone stele and stand it beside the temple

of Demeter; and the treasurer shall allocate

for inscribing and setting 

up the stele the expenditure

(10)accrued.





The Council (crowns)

the priestess

-





[. . .?]</translation></root>