<?xml version="1.0" encoding="UTF-8" ?><root><aio_key>AIO_633</aio_key><translation_title>Honours for Kydonia</translation_title><url>www.atticinscriptions.com/inscription/IGII31/1190</url><IPR>Creative Commons</IPR><translators><item>Stephen Lambert</item></translators><translation_source>&lt;i&gt;IG&lt;/i&gt; II&lt;sup&gt;3&lt;/sup&gt; 1 1190</translation_source><translation>In the archonship of -, in the - prytany, of

Demetrias, for which Nikanor

. . . was secretary. Decrees

of the People. On the old and new day (henei kai neai) of Boedromion,

(5) the - of the prytany. Assembly in [the 

theatre]. Of the presiding committee, Kle- 

son of - of Phaleron was putting to the vote, and his fellow presiding committee members.

&lt;in&gt;&lt;in&gt;The People decided.

. . . proposed: since the Kydonians

(10) being [friends and] kinsmen (suggeneis) of the Athenian

People, have [reported or written] to the Council and 

the People concerning their dealings (pepragmenōn) with the Illyrians (pros [I]lly[rious])+1+

. . . and concerning those with the Th- 

. . . and urge

(15) . . . friendship and connections (oikeiotēta)

. . . to the cities

. . . and . . .

. . . concerning 

. . . for good fortune, the People

(20)shall decide, that [the grants which?] the  Athenian People 

[made] to the city of Kydonia [shall be valid?]

. . . exist- . . .

. . .</translation></root>