<?xml version="1.0" encoding="UTF-8" ?><root><aio_key>AIO_561</aio_key><translation_title></translation_title><url>www.atticinscriptions.com/inscription/IGII31/1191</url><IPR>Creative Commons</IPR><translators><item>Stephen Lambert</item></translators><translation_source>&lt;i&gt;IG&lt;/i&gt; II&lt;sup&gt;3&lt;/sup&gt; 1 1191</translation_source><translation>In the archonship of –, in the

[ninth or tenth] prytany, of Aiantis, for which Nikanor son of -

of - was secretary. On the - of Elaphebolion,

the - of the prytany. Assembly

(5) [in the theatre?]. Of the presiding committee . . .

was putting to the vote, and his fellow presiding committee members.

&lt;in&gt;&lt;in&gt;The People decided.

. . . proposed: since . . . 

13 lines traces

. . .</translation></root>