<?xml version="1.0" encoding="UTF-8" ?><root><aio_key>AIO_562</aio_key><translation_title></translation_title><url>www.atticinscriptions.com/inscription/IGII31/1192</url><IPR>Creative Commons</IPR><translators><item>Stephen Lambert</item></translators><translation_source>&lt;i&gt;IG&lt;/i&gt; II&lt;sup&gt;3&lt;/sup&gt; 1 1192</translation_source><translation>. . .

. . .

. . .

. . . -ed to the (?) . . .

well and in an orderly manner . . .

(5) . . . and as if on behalf of his own [fatherland continued]

his consideration [for the city] at every opportunity, 

the Council shall decide, that the presiding committee

allotted for the forthcoming Assembly shall put these matters on the agenda,

and submit the opinion of the Council to the

(10)People, that it seems good to the Council

. . .

. . .</translation></root>