<?xml version="1.0" encoding="UTF-8" ?><root><aio_key>AIO_563</aio_key><translation_title>Decree honouring Ephebes</translation_title><url>www.atticinscriptions.com/inscription/IGII31/1193</url><IPR>Creative Commons</IPR><translators><item>Stephen Lambert</item></translators><translation_source>&lt;i&gt;IG&lt;/i&gt; II&lt;sup&gt;3&lt;/sup&gt; 1 1193</translation_source><translation>. . .

[in order that there may be an incentive (ephamillon) for those who are ephebes to be disciplined and

obedient to] those appointed by the People [to be in charge of their 

orderliness (eukosmian); and so that the Council and the People may be [seen to be honouring those

who are worthy], for good fortune, the Council shall decide, that the presiding committee

(5)allotted for the forthcoming Assembly shall place these matters

on the agenda, and submit the opinion of the Council to the People, that

it seems good to the Council to praise the ephebes [of the archonship of –]

. . .</translation></root>