<?xml version="1.0" encoding="UTF-8" ?><root><aio_key>AIO_564</aio_key><translation_title>Honours for the Ephebes and their officers?</translation_title><url>www.atticinscriptions.com/inscription/IGII31/1194</url><IPR>Creative Commons</IPR><translators><item>Stephen Lambert</item></translators><translation_source>&lt;i&gt;IG&lt;/i&gt; II&lt;sup&gt;3&lt;/sup&gt; 1 1194</translation_source><translation>. . .






The Council

the People (crown)

Heortios 

of Acharnai+1+</translation></root>