<?xml version="1.0" encoding="UTF-8" ?><root><aio_key>AIO_565</aio_key><translation_title>Decree honouring Ephebes?</translation_title><url>www.atticinscriptions.com/inscription/IGII31/1195</url><IPR>Creative Commons</IPR><translators><item>Stephen Lambert</item></translators><translation_source>&lt;i&gt;IG&lt;/i&gt; II&lt;sup&gt;3&lt;/sup&gt; 1 1195</translation_source><translation>. . .





col. 2

&lt;in&gt;[Oineis^IX^]

. . .

. . . of Epikephisia or Phyle or Thria

. . . of Acharnai

. . . of -

. . . of Acharnai

(5)&lt;in&gt;[Kekropis^X^]

. . . of -

. . .

&lt;in&gt;[Hippothontis^XI^]

. . . of Hamaxanteia

(10). . . of Phaleron

. . .</translation></root>