<?xml version="1.0" encoding="UTF-8" ?><root><aio_key>AIO_566</aio_key><translation_title>Decree honouring Ephebes?</translation_title><url>www.atticinscriptions.com/inscription/IGII31/1196</url><IPR>Creative Commons</IPR><translators><item>Stephen Lambert</item></translators><translation_source>&lt;i&gt;IG&lt;/i&gt; II&lt;sup&gt;3&lt;/sup&gt; 1 1196</translation_source><translation>. . .

. . . of Hamaxanteia

&lt;in&gt;[Aiantis^XII^]

&lt;in&gt;[Antiochis^XIII^]

- son of - of Alopeke.</translation></root>