<?xml version="1.0" encoding="UTF-8" ?><root><aio_key>AIO_567</aio_key><translation_title>Honours for the Prytany of Kekropis</translation_title><url>www.atticinscriptions.com/inscription/IGII31/1197</url><IPR>Creative Commons</IPR><translators><item>Stephen Lambert</item></translators><translation_source>&lt;i&gt;IG&lt;/i&gt; II&lt;sup&gt;3&lt;/sup&gt; 1 1197</translation_source><translation>. . .

Kleosthenes [. . . proposed]: since the prytany of Kekropis,

having praised and crowned the treasurer,

whom they chose from among themselves,

[Theophanes son of - of Epieikidai], report to the Council 

(5) that they performed all the proper sacrifices 

in the prytany on behalf of the Council and the People,

and the children and women . . .

and managed everything else

well and with love of honour, for good fortune, the Council shall decide, 

(10)to praise the [treasurer, Theophanes of Epieikidai], and

crown him with a foliage [crown for his piety towards]

[the gods and his love of honour towards the Athenian People],

and to praise also the secretary, - son of -

of Aixone, and the -, - son of -

(15)of Paiania and the -, - son of -doros

of Potamos, and the herald of the Council and People,

Eukles son of - of -, and the secretary

of the Council and the People, . . .

of Rhamnous, and the undersecretary, . . .

(20)of Phyle, and the pipe-player, Dexilaos of Halai; and the prytany

secretary shall inscribe this decree

on a stone stele and stand it in the prytanikon.

col. 1

&lt;in&gt;Epieikidai

Theophanes

(25)&lt;in&gt;Sypalettos

Sosias

. . .





col. 2

Ph-

Habr-

Kt-

. . .





col. 3

. . .





col. 4

. . .</translation></root>