<?xml version="1.0" encoding="UTF-8" ?><root><aio_key>AIO_568</aio_key><translation_title>Honours for a Prytany</translation_title><url>www.atticinscriptions.com/inscription/IGII31/1198</url><IPR>Creative Commons</IPR><translators><item>Stephen Lambert</item></translators><translation_source>&lt;i&gt;IG&lt;/i&gt; II&lt;sup&gt;3&lt;/sup&gt; 1 1198</translation_source><translation>. . .

to Apollo Prostaterios and Artemis 

Boulaia and the other gods to whom 

it is traditional, for good fortune, the People shall decide,

to accept the good things that occurred in the

(5) sacrifices which they made for the health and preservation of the 

Council and the People; and since the prytany 

[of -] made all the sacrifices that were 

proper in the prytany well and with love of honour, 

and managed the convening of the 

(10) Council and the Assembly and everything else which 

the laws and decrees of the People 

require of them; to praise the prytany . . .

. . .</translation></root>