<?xml version="1.0" encoding="UTF-8" ?><root><aio_key>AIO_569</aio_key><translation_title>Honours for a Prytany</translation_title><url>www.atticinscriptions.com/inscription/IGII31/1199</url><IPR>Creative Commons</IPR><translators><item>Stephen Lambert</item></translators><translation_source>&lt;i&gt;IG&lt;/i&gt; II&lt;sup&gt;3&lt;/sup&gt; 1 1199</translation_source><translation>. . .

. . . and to praise also the . . .

. . . and the secretary of the Council and People . . .

. . . and the undersecretary . . .

. . . and the herald of the Council and People, Eukles

(5) . . . inscribe this decree . . .

. . .</translation></root>