<?xml version="1.0" encoding="UTF-8" ?><root><aio_key>AIO_570</aio_key><translation_title>Honours for the Prytany of Oineis</translation_title><url>www.atticinscriptions.com/inscription/IGII31/1200</url><IPR>Creative Commons</IPR><translators><item>Stephen Lambert</item></translators><translation_source>&lt;i&gt;IG&lt;/i&gt; II&lt;sup&gt;3&lt;/sup&gt; 1 1200</translation_source><translation>. . .





col. 1

. . .

(5) . . .





col. 2

. . .

. . . son of Leon

Kallonides son of Antiphon

Euboulos son of Aristaichmos

&lt;in&gt;Thria

(10) . . .





col. 3

. . .

Athenodoros . . .

Eratonides son of The- . . .

-krates son of The-

(15) . . .</translation></root>