<?xml version="1.0" encoding="UTF-8" ?><root><aio_key>AIO_571</aio_key><translation_title>Honours for the Prytany of Akamantis</translation_title><url>www.atticinscriptions.com/inscription/IGII31/1201</url><IPR>Creative Commons</IPR><translators><item>Stephen Lambert</item></translators><translation_source>&lt;i&gt;IG&lt;/i&gt; II&lt;sup&gt;3&lt;/sup&gt; 1 1201</translation_source><translation>. . .


Traces from list of prytany





col. 1

[The treasurer

of the Council]

. . .

(10) . . .

. . .





col. 2 

The priest

of the eponymous

Androkles

(15) of 

Sphettos</translation></root>