<?xml version="1.0" encoding="UTF-8" ?><root><aio_key>AIO_572</aio_key><translation_title>Honours for the Prytany of Erechtheis</translation_title><url>www.atticinscriptions.com/inscription/IGII31/1202</url><IPR>Creative Commons</IPR><translators><item>Lina van&apos;t Wout</item></translators><translation_source>&lt;i&gt;IG&lt;/i&gt; II&lt;sup&gt;3&lt;/sup&gt; 1 1202</translation_source><translation>. . .





col. 1

[The Council]

[the People (crown)]

[the treasurer]

. . .

(5) . . .

. . .





col. 2

The Council

the People (crown)

(10) the

prytany







col. 3

The Council

the People (crown)

(15) the secretary

Thaliarchos

son of Pythion

of 

Kephisia







col. 1

(20) . . .









col. 2

(25) The 

priest

of the

eponymous

Aristonymos

(30) son of Aristonymos

of Pithos








col. 3

The treasurer

of the 

Council

(35) -lias 

son of -stratos

of -. 
</translation></root>