<?xml version="1.0" encoding="UTF-8" ?><root><aio_key>AIO_573</aio_key><translation_title>Honours for the Prytany of Erechtheis</translation_title><url>www.atticinscriptions.com/inscription/IGII31/1203</url><IPR>Creative Commons</IPR><translators><item>Stephen Lambert</item></translators><translation_source>&lt;i&gt;IG&lt;/i&gt; II&lt;sup&gt;3&lt;/sup&gt; 1 1203</translation_source><translation>. . .





The Council

and the

prytany (crown)

the secretary

(5) Herakleitos 

of Kephisia.</translation></root>