<?xml version="1.0" encoding="UTF-8" ?><root><aio_key>AIO_574</aio_key><translation_title>Honours for a Prytany?</translation_title><url>www.atticinscriptions.com/inscription/IGII31/1204</url><IPR>Creative Commons</IPR><translators><item>Stephen Lambert</item></translators><translation_source>&lt;i&gt;IG&lt;/i&gt; II&lt;sup&gt;3&lt;/sup&gt; 1 1204</translation_source><translation>. . .





[The Council] (crowns)

the secretary

of the People

Ptolemaios

(5)of Trinemeia.</translation></root>