<?xml version="1.0" encoding="UTF-8" ?><root><aio_key>AIO_579</aio_key><translation_title>Honours for service connected with Eleusis</translation_title><url>www.atticinscriptions.com/inscription/IGII31/1209</url><IPR>Creative Commons</IPR><translators><item>Stephen Lambert</item></translators><translation_source>&lt;i&gt;IG&lt;/i&gt; II&lt;sup&gt;3&lt;/sup&gt; 1 1209</translation_source><translation>. . .

. . . for their piety towards

the gods and love of honour towards the Council

and People, and crown each 

of them with a myrtle crown;

(5) and the prytany secretary shall inscribe this 

decree on a stone stele 

and stand it [by the Eleusinion?] . . .

. . .</translation></root>