<?xml version="1.0" encoding="UTF-8" ?><root><aio_key>AIO_580</aio_key><translation_title></translation_title><url>www.atticinscriptions.com/inscription/IGII31/1210</url><IPR>Creative Commons</IPR><translators><item>Stephen Lambert</item></translators><translation_source>&lt;i&gt;IG&lt;/i&gt; II&lt;sup&gt;3&lt;/sup&gt; 1 1210</translation_source><translation>. . .







Decree 2

In the [thirteenth?] prytany, of -.

On the - [of Skirophorion?],

the - of the prytany. Council in the Council chamber.

Of the presiding committee -dotos son of Dio- of -

(5) was putting to the vote, and his fellow presiding committee members

&lt;in&gt;[The Council decided].

. . . proposed: since

. . .</translation></root>