<?xml version="1.0" encoding="UTF-8" ?><root><aio_key>AIO_582</aio_key><translation_title>Honours for the Prytany of [Aegeis]</translation_title><url>www.atticinscriptions.com/inscription/IGII31/1211</url><IPR>Creative Commons</IPR><translators><item>Stephen Lambert</item></translators><translation_source>&lt;i&gt;IG&lt;/i&gt; II&lt;sup&gt;3&lt;/sup&gt; 1 1211</translation_source><translation>. . .







. . . in the fourth prytany,

for which  . . . was secretary

. . .

. . . Of the presiding committee

(5). . . was putting to the vote, and his fellow presiding committee members. The Council decided.

. . . proposed: since the prytany of 

. . .

. . .

. . .

(10) . . . and everything else

well and in an honour-loving way, for good fortune, the Council shall decide,

to praise [the treasurer] . . .

. . .

. . .

(15) . . .

four lines illegible

(20) . . . the prytany secretary shall inscribe this decree

on a stone stele and stand it in the prytanikon; and for 

[inscribing? . . .  the administrator (ton epi tei dioikēsei)] shall allocate 

the expenditure accrued.







Traces of the list of the prytany, including:

col. 1

. . .

(32)Ar-

. . .









col. 4

. . .

(65)Xeno-es

. . .








and concluding:

col. 5

. . .

(85)Archon

-eitos

Xeno[ti]mos or Xeno[de]mos

&lt;in&gt; . . .

S-.</translation></root>