<?xml version="1.0" encoding="UTF-8" ?><root><aio_key>AIO_583</aio_key><translation_title>Honours for the Prytany of Erechtheis</translation_title><url>www.atticinscriptions.com/inscription/IGII31/1212</url><IPR>Creative Commons</IPR><translators><item>Stephen Lambert</item></translators><translation_source>&lt;i&gt;IG&lt;/i&gt; II&lt;sup&gt;3&lt;/sup&gt; 1 1212</translation_source><translation>. . .

. . . the priest of the eponymous, Aristonymos

[son of Aristonymos of Pithos, and the treasurer] of the Council, Kall-

. . . and the herald of the 

Council and People, Eukles of Trinemeia, and the

(5)secretary of the People . . . and the 

undersecretary . . .

. . .</translation></root>