<?xml version="1.0" encoding="UTF-8" ?><root><aio_key>AIO_588</aio_key><translation_title>Proxeny decree?</translation_title><url>www.atticinscriptions.com/inscription/IGII31/1217</url><IPR>Creative Commons</IPR><translators><item>Stephen Lambert</item></translators><translation_source>&lt;i&gt;IG&lt;/i&gt; II&lt;sup&gt;3&lt;/sup&gt; 1 1217</translation_source><translation>. . .

. . . and put these matters on the agenda, and submit

the opinion of the Council to the People,

that it seems good to the Council, . . .

(5) . . .

. . . Athenikon . . .

. . . [benefactor?] of the city . . .

. . . proxeny . . .

. . . to the People, since . . .

(10) . . . 

. . .

. . .

. . .

. . . who arrived . . .

(15) . . . so that . . .

. . .

. . .

. . . of the Athenians . . .

. . .

(20) . . .

. . .</translation></root>