<?xml version="1.0" encoding="UTF-8" ?><root><aio_key>AIO_592</aio_key><translation_title>Honours for Ephebes</translation_title><url>www.atticinscriptions.com/inscription/IGII31/1221</url><IPR>Creative Commons</IPR><translators><item>Stephen Lambert</item></translators><translation_source>&lt;i&gt;IG&lt;/i&gt; II&lt;sup&gt;3&lt;/sup&gt; 1 1221</translation_source><translation>. . .









&lt;in&gt;&lt;in&gt;[[Antigonis^I^]]+1+

Pyrrhinos son of Theop[ompos of Gargettos?]

-achos son of Hermo- of -

&lt;in&gt;&lt;in&gt;[[Demetrias^II^]]+1+

(5)Aristeides . . .

. . .

. . .

. . .

-as.kles son of . . .

(10)&lt;in&gt;&lt;in&gt;Erechtheis^III^

[Diony?]sios son of Dromeas . . .

-ippos son of Sopatros

&lt;in&gt;&lt;in&gt;Aigeis^IV^

-on son of Kallias . . .

(15) -ates . . .

-s son of La- . . .

. . .</translation></root>