<?xml version="1.0" encoding="UTF-8" ?><root><aio_key>AIO_594</aio_key><translation_title>Honours for a Prytany?</translation_title><url>www.atticinscriptions.com/inscription/IGII31/1222</url><IPR>Creative Commons</IPR><translators><item>Stephen Lambert</item></translators><translation_source>&lt;i&gt;IG&lt;/i&gt; II&lt;sup&gt;3&lt;/sup&gt; 1 1222</translation_source><translation>. . .

. . . of the prytany . . .

. . . was secretary. On the - of Skirophorion . . .

. . . of the prytany. Council in . . .

. . . according to the decree [which . . .

(5) . . . proposed. Of the presiding committee . . .] was putting to the vote

[and his fellow presiding committee members. The Council] decided.  . . .

. . . proposed: since the pr[ytany?] . . .

. . .

. . .</translation></root>