<?xml version="1.0" encoding="UTF-8" ?><root><aio_key>AIO_595</aio_key><translation_title>Honours for the Prytany of [Aegeis]</translation_title><url>www.atticinscriptions.com/inscription/IGII31/1223</url><IPR>Creative Commons</IPR><translators><item>Stephen Lambert</item></translators><translation_source>&lt;i&gt;IG&lt;/i&gt; II&lt;sup&gt;3&lt;/sup&gt; 1 1223</translation_source><translation>. . .

. . . that they performed all the proper sacrifices in the 

prytany on behalf of the Council and the People, and managed everything else

well and with love of honour, for good fortune, the Council shall decide, to praise the treasurer, 

. . ., and crown him with a foliage crown; and to praise 

(5) also the secretary, - son of - of Philaidai, and the priest of the eponymous,

. . . and the secretary of the Council and the People, . . .

 . . . and the 

herald of the Council and the People, Eukles son of Eukles [of Berenikidai, and the pipe-player, 

Neokles son of Asklepiades of Berenikidai, and] crown each of them . . .

. . .


</translation></root>