<?xml version="1.0" encoding="UTF-8" ?><root><aio_key>AIO_596</aio_key><translation_title>Honours for the Prytany of [Attalis]</translation_title><url>www.atticinscriptions.com/inscription/IGII31/1224</url><IPR>Creative Commons</IPR><translators><item>Stephen Lambert</item></translators><translation_source>&lt;i&gt;IG&lt;/i&gt; II&lt;sup&gt;3&lt;/sup&gt; 1 1224</translation_source><translation>Decree 1

. . .







col. 1

[The Council (crowns)]

[the treasurer]

. . .

. . .





col. 2

(5) [The People (crowns)]

the prytany





col. 3

[The Council (crowns)]

the secretary

(10) Timeas 

of Atene







Decree 2

In the archonship of -, in the ninth prytany, of Aegeis,

for which . . . was secretary. On the - of Elaphebolion,

the . . . of the prytany. Council in 

(15) the Council chamber. Of the presiding committee Theon son of Dikaios of Melite was putting to the vote,

[and his fellow presiding committee members. The Council decided]. -s son of Nikandr-

[of - proposed: since the prytany of Attalis] . . .

. . .

</translation></root>