<?xml version="1.0" encoding="UTF-8" ?><root><aio_key>AIO_598</aio_key><translation_title>Honours for the Prytany of Demetrias</translation_title><url>www.atticinscriptions.com/inscription/IGII31/1226</url><IPR>Creative Commons</IPR><translators><item>Lina van&apos;t Wout</item></translators><translation_source>&lt;i&gt;IG&lt;/i&gt; II&lt;sup&gt;3&lt;/sup&gt; 1 1226</translation_source><translation>. . .

&lt;in&gt;Hippotomadai

Androkles

&lt;in&gt;Diomeia

Aristarchos

(5)&lt;in&gt;Oion

Dionysodoros

&lt;in&gt;Hagnous

Charistratos

Aristok-

(10) [K]illes or [Ph]illes

Demetrios

. . .</translation></root>