<?xml version="1.0" encoding="UTF-8" ?><root><aio_key>AIO_599</aio_key><translation_title></translation_title><url>www.atticinscriptions.com/inscription/IGII31/1227</url><IPR>Creative Commons</IPR><translators><item>Stephen Lambert</item></translators><translation_source>&lt;i&gt;IG&lt;/i&gt; II&lt;sup&gt;3&lt;/sup&gt; 1 1227</translation_source><translation>. . .

. . . of the prytany . . . [Of the presiding committee -]

son of Menekrates [of - was putting to the vote, and his fellow presiding committee members. The Council and the People decided].

-n son of Philon of [- proposed: since] . . .

. . . of -sias (?) . . .

(5) . . . exist- . . .

the Council shall decide, [that the presiding committee allotted for the forthcoming Assembly]

shall put these matters on the agenda, [and submit the opinion of the Council to the People, that it seems good] 

to the Council [to praise] . . .

. . .

(10) . . .

. . . Ptolemy (?) . . .

. . . this decree . . .

. . .

. . .</translation></root>