<?xml version="1.0" encoding="UTF-8" ?><root><aio_key>AIO_600</aio_key><translation_title></translation_title><url>www.atticinscriptions.com/inscription/IGII31/1228</url><IPR>Creative Commons</IPR><translators><item>Stephen Lambert</item></translators><translation_source>&lt;i&gt;IG&lt;/i&gt; II&lt;sup&gt;3&lt;/sup&gt; 1 1228</translation_source><translation>. . .

. . . Kallistrat-

. . . [proposed]: since Phil-

. . . showing . . .

. . . and . . . those coming 

(5) to - . . . both collectively

[and individually] . . . making himself

[useful] . . . for good

fortune, the Council shall decide, that the presiding committee 

allotted to preside . . .

. . .</translation></root>