<?xml version="1.0" encoding="UTF-8" ?><root><aio_key>AIO_602</aio_key><translation_title>Honours for a man from Taras</translation_title><url>www.atticinscriptions.com/inscription/IGII31/1230</url><IPR>Creative Commons</IPR><translators><item>Stephen Lambert</item></translators><translation_source>&lt;i&gt;IG&lt;/i&gt; II&lt;sup&gt;3&lt;/sup&gt; 1 1230</translation_source><translation>. . .

. . . of Eleusis [was putting to the vote, and his fellow presiding committee members].

-s son of Theotimos of - proposed: since -son of Taras [previously?] . . .

for a long time in a well-disciplined manner and . . . resided

(5) in the city . . . 

fatherland at every opportunity . . .

needs of those Athenians coming to Taras,

valuing highly his good will towards

the People, for good fortune, the Council shall decide,

(10) that the presiding committee allotted for the forthcoming

Assembly shall put these matters on the agenda, and submit

the opinion of the Council to the People, that it seems good

to the Council to praise . . .

of Taras . . .

. . .</translation></root>