<?xml version="1.0" encoding="UTF-8" ?><root><aio_key>AIO_605</aio_key><translation_title>Honours for a Prytany</translation_title><url>www.atticinscriptions.com/inscription/IGII31/1233</url><IPR>Creative Commons</IPR><translators><item>Stephen Lambert</item></translators><translation_source>&lt;i&gt;IG&lt;/i&gt; II&lt;sup&gt;3&lt;/sup&gt; 1 1233</translation_source><translation>. . .

. . . son of -boulos 

of - proposed: concerning what the prytany of -

report about the sacrifices

which they made before the Assemblies to Apollo 

(5) Prostaterios and Artemis Boulaia

and the other gods to whom it is traditional, for good 

fortune, [the People shall decide] . . .



&lt;in&gt;lacuna



. . . and the prytany secretary

shall inscribe this decree 

(10) on a stone stele and stand it in the prytanikon; 

and for [inscribing?] and setting up the stele 

the administrator (ton epi tei dioikēsei) shall allocate the expenditure 

accrued.</translation></root>