<?xml version="1.0" encoding="UTF-8" ?><root><aio_key>AIO_606</aio_key><translation_title>Honours for a Prytany</translation_title><url>www.atticinscriptions.com/inscription/IGII31/1234</url><IPR>Creative Commons</IPR><translators><item>Stephen Lambert</item></translators><translation_source>&lt;i&gt;IG&lt;/i&gt; II&lt;sup&gt;3&lt;/sup&gt; 1 1234</translation_source><translation>. . .

. . .

. . . and to praise also the . . .

. . . and the secretary of the Council and People . . .

. . . and the undersecretary . . .

(5) . . . and the pipe-player . . . and the prytany 

secretary shall inscribe this decree on a stone 

stele and stand it in the prytanikon; and for [inscribing?] the 

stele the administrator (ton epi tei dioikēsei) shall allocate the expenditure accrued.</translation></root>