<?xml version="1.0" encoding="UTF-8" ?><root><aio_key>AIO_607</aio_key><translation_title>Honours for the Prytany of Kekropis</translation_title><url>www.atticinscriptions.com/inscription/IGII31/1235</url><IPR>Creative Commons</IPR><translators><item>Lina van&apos;t Wout</item></translators><translation_source>&lt;i&gt;IG&lt;/i&gt; II&lt;sup&gt;3&lt;/sup&gt; 1 1235</translation_source><translation>. . .








col. 1

. . .

traces of names







col. 2

. . .

Eunostides

&lt;in&gt;Pithos

Demetrios son of Brom(ios)

Iason

(15) Ergophilos son of Mosch-

Olympos

Dionysios

&lt;in&gt;Trinemeia

Tarantinos

(20) Simaristos









col. 3

. . .

. . .

Demeas

Hephaistodoros

Timokles

(25) Chairestratos

Poseidippos

Dionysios

Kallias

Polemon

(30) Theochares











col. 1

The Council (crowns)

. . . 
 










col. 2

(35) The Council (crowns)

Eukles

of 

Berenikidai








col. 3

The Council (crowns)

(40) Neokles

of 

Berenikidai.</translation></root>