<?xml version="1.0" encoding="UTF-8" ?><root><aio_key>AIO_609</aio_key><translation_title>Honours for Ephebes</translation_title><url>www.atticinscriptions.com/inscription/IGII31/1237</url><IPR>Creative Commons</IPR><translators><item>Stephen Lambert</item></translators><translation_source>&lt;i&gt;IG&lt;/i&gt; II&lt;sup&gt;3&lt;/sup&gt; 1 1237</translation_source><translation>. . .

. . . and crown . . .

. . . and love of honour which they continue to have . . .

. . . and to praise also the physical trainer (paidotribēn) . . .

. . . and the . . .

(5) . . .

. . .



</translation></root>