<?xml version="1.0" encoding="UTF-8" ?><root><aio_key>AIO_611</aio_key><translation_title>Honours for envoys from Priene sent to the Panathenaia</translation_title><url>www.atticinscriptions.com/inscription/IGII31/1239</url><IPR>Creative Commons</IPR><translators><item>Stephen Lambert</item></translators><translation_source>&lt;i&gt;IG&lt;/i&gt; II&lt;sup&gt;3&lt;/sup&gt; 1 1239</translation_source><translation>. . .

Assembly in the theatre. Of the presiding committee . . . was putting to

the vote, and his fellow presiding committee members. . . .

. . .  proposed: since the Prienians being friends [of the Athenian]

(5)[People] from ancient times, . . . 

[call to mind?] by all means (dia pantos) both the other benefactions of the People

towards them, and especially that 

the Athenians -settled (?) (-ō]ikisan) them after (meta tēn EPI) . . .+1+ 

and now wishing to join in enlarging (sunepauxein) the honours done to the gods

(10) by the People, have sent [ambassadors]

to the Panathenaia, who . . . the . . .

. . . which there was for Athena Archegetis [and . . .+2+]

of the city; and those who were present . . .

. . . took care of this also splendidly (end[oxōs]) . . .

(15) and of the Great [Panathenaia] . . .

. . .

. . .

. . .

. . . good will of the People [of Priene]

(20) . . . of the - and . . .

. . . according to the law . . .

. . .

. . .

. . . and the generals shall take care of

(25) the announcement; and to praise also the ambassadors . . . 

. . . son of Arke&lt;ph&gt;on (?), Lakon . . .

. . .</translation></root>