<?xml version="1.0" encoding="UTF-8" ?><root><aio_key>AIO_615</aio_key><translation_title>Decree renewing friendship with the Milesians</translation_title><url>www.atticinscriptions.com/inscription/IGII31/1242</url><IPR>Creative Commons</IPR><translators><item>Stephen Lambert</item></translators><translation_source>&lt;i&gt;IG&lt;/i&gt; II&lt;sup&gt;3&lt;/sup&gt; 1 1242</translation_source><translation>. . .

. . . the [Milesian?] People . . .

. . . Aristaichmos . . .

. . . and submit the opinion of the Council to the People

 that it seems in good to it to renew the existing [relations (oikeiotēta) and]

(5) friendship [towards the Milesian People],

and the citizenship, for Andrios . . .

Maiandrios, residing with us; and the wall-builders (teichopoious)

[and the master of the works (architektona)] shall take care of the stele

and let out the contract for inscribing the decree . . .

. . .

</translation></root>