<?xml version="1.0" encoding="UTF-8" ?><root><aio_key>AIO_617</aio_key><translation_title>Citizenship Decree</translation_title><url>www.atticinscriptions.com/inscription/IGII31/1244</url><IPR>Creative Commons</IPR><translators><item>Stephen Lambert</item></translators><translation_source>&lt;i&gt;IG&lt;/i&gt; II&lt;sup&gt;3&lt;/sup&gt; 1 1244</translation_source><translation>. . .

. . . and the court presidents (thesmothetas), when they fill 

the court with the five hundred and one jurors, shall introduce 

the scrutiny . . .

. . .</translation></root>