<?xml version="1.0" encoding="UTF-8" ?><root><aio_key>AIO_618</aio_key><translation_title>Citizenship Decree</translation_title><url>www.atticinscriptions.com/inscription/IGII31/1245</url><IPR>Creative Commons</IPR><translators><item>Stephen Lambert</item></translators><translation_source>&lt;i&gt;IG&lt;/i&gt; II&lt;sup&gt;3&lt;/sup&gt; 1 1245</translation_source><translation>. . .

. . . and

. . . to be inscribed in the 

tribe and deme and phratry that they

wish . . . concerning 

(5)them . . . the court presidents (thesmothetas)

. . .

. . .</translation></root>