<?xml version="1.0" encoding="UTF-8" ?><root><aio_key>AIO_619</aio_key><translation_title>Honours for the Prytany of Kekropis</translation_title><url>www.atticinscriptions.com/inscription/IGII31/1246</url><IPR>Creative Commons</IPR><translators><item>Stephen Lambert</item></translators><translation_source>&lt;i&gt;IG&lt;/i&gt; II&lt;sup&gt;3&lt;/sup&gt; 1 1246</translation_source><translation>In the archonship of Ankylos, in the (prytany of) Pandionis. On the

twenty-first (dekatei husterai); the twenty-fourth of the prytany.

Assembly in the Piraeus. Of the presiding committee [Komaios] son of Chares

of Lakiadai was putting to the vote, and his fellow presiding committee members.

(5)&lt;in&gt;&lt;in&gt;&lt;in&gt; The People decided.

Xenophon son of Euphantos of Berenikidai proposed: about what the prytany 

of Kekropis report about the sacrifices 

which they made before the Assemblies to Apollo 

Prostaterios and Artemis Boulaia and the other 

(10)gods to whom it is traditional, for good fortune, the People shall decide, 

to accept the good things that occurred in the sacrifices which they 

made for the health and preservation of the Council and the People; and since

the prytany made all the sacrifices which were proper

in the prytany well and with love of honour, and managed 

(15)the convening of the Council and the People, and everything else which the laws prescribe 

. . .</translation></root>