<?xml version="1.0" encoding="UTF-8" ?><root><aio_key>AIO_620</aio_key><translation_title>Honours for a Prytany</translation_title><url>www.atticinscriptions.com/inscription/IGII31/1247</url><IPR>Creative Commons</IPR><translators><item>Stephen Lambert</item></translators><translation_source>&lt;i&gt;IG&lt;/i&gt; II&lt;sup&gt;3&lt;/sup&gt; 1 1247</translation_source><translation>Gods

Decree 1

In the archonship of -, in the - prytany . . .

. . . was secretary. Decree or Decrees of the People.

. . . -teenth . . .

(5) . . . Of the presiding committee . . .

. . . and his fellow presiding committee members.

&lt;in&gt;&lt;in&gt;&lt;in&gt;[The People decided].

. . . proposed: about what . . . report . . .

. . .







Decree 2

. . .

(10) . . . and the secretary of the Council . . .

. . . and the undersecretary . . .

. . . and the herald of the Council and People

. . . and the priest of the eponymous

. . .
</translation></root>