<?xml version="1.0" encoding="UTF-8" ?><root><aio_key>AIO_621</aio_key><translation_title>Honours for a Prytany?</translation_title><url>www.atticinscriptions.com/inscription/IGII31/1248</url><IPR>Creative Commons</IPR><translators><item>Stephen Lambert</item></translators><translation_source>&lt;i&gt;IG&lt;/i&gt; II&lt;sup&gt;3&lt;/sup&gt; 1 1248</translation_source><translation>. . .

. . . for good fortune, the People shall decide,

to accept the good things that occurred in the sacrifices which

they made for the health and preservation of the Athenian Council

and People; and since [the prytany?] . . .

. . .
</translation></root>