<?xml version="1.0" encoding="UTF-8" ?><root><aio_key>AIO_622</aio_key><translation_title>Honours for the Prytany of Aegeis</translation_title><url>www.atticinscriptions.com/inscription/IGII31/1249</url><IPR>Creative Commons</IPR><translators><item>Lina van&apos;t Wout</item></translators><translation_source>&lt;i&gt;IG&lt;/i&gt; II&lt;sup&gt;3&lt;/sup&gt; 1 1249</translation_source><translation>. . .







col. 1 

. . .

(5) . . .

&lt;in&gt;-s

Hestiaia or Ankyle

&lt;in&gt;-ros

. . .










col. 2

. . .

. . .

(10) &lt;in&gt;-od-

Erikeia

&lt;in&gt;Lysip-

&lt;in&gt;Nausi-

Otryne

(15)&lt;in&gt;Philist-

4 lines uninscribed

Assistant (hupēre[tēs])

&lt;in&gt; . . .
</translation></root>