<?xml version="1.0" encoding="UTF-8" ?><root><aio_key>AIO_623</aio_key><translation_title></translation_title><url>www.atticinscriptions.com/inscription/IGII31/1250</url><IPR>Creative Commons</IPR><translators><item>Stephen Lambert</item></translators><translation_source>&lt;i&gt;IG&lt;/i&gt; II&lt;sup&gt;3&lt;/sup&gt; 1 1250</translation_source><translation>Gods

In the archonship of -ippos, in the - prytany, 

of Erechtheis, [for which -thenes son of D]emokles

of - was secretary. On the -six- of -,

(5) the - of the prytany. Council

in the Council chamber. Of the presiding committee . . .

. . . was putting to the vote and his fellow presiding committee members.

&lt;in&gt;&lt;in&gt;&lt;in&gt;[The Council decided].

. . .
</translation></root>