<?xml version="1.0" encoding="UTF-8" ?><root><aio_key>AIO_624</aio_key><translation_title></translation_title><url>www.atticinscriptions.com/inscription/IGII31/1251</url><IPR>Creative Commons</IPR><translators><item>Stephen Lambert</item></translators><translation_source>&lt;i&gt;IG&lt;/i&gt; II&lt;sup&gt;3&lt;/sup&gt; 1 1251</translation_source><translation>In the archonship of -ippos, in the [twelfth prytany, of -],

for which -thenes son of Demokles . . . [was secretary. Decrees

of the People]. . . . of Skirophorion . . . of the prytany.

Assembly in the Piraeus. [Of the presiding committee] . . .

. . .
</translation></root>