<?xml version="1.0" encoding="UTF-8" ?><root><aio_key>AIO_626</aio_key><translation_title>Decree honouring a Prytany</translation_title><url>www.atticinscriptions.com/inscription/IGII31/1254</url><IPR>Creative Commons</IPR><translators><item>Lina van&apos;t Wout</item></translators><translation_source>&lt;i&gt;IG&lt;/i&gt; II&lt;sup&gt;3&lt;/sup&gt; 1 1254</translation_source><translation>. . .

traces of names from list of prytany members







The Council (crowns)

Aristophilos

(5)  of Cholargos.
</translation></root>