<?xml version="1.0" encoding="UTF-8" ?><root><aio_key>AIO_628</aio_key><translation_title></translation_title><url>www.atticinscriptions.com/inscription/IGII31/1255</url><IPR>Creative Commons</IPR><translators><item>Stephen Lambert</item></translators><translation_source>&lt;i&gt;IG&lt;/i&gt; II&lt;sup&gt;3&lt;/sup&gt; 1 1255</translation_source><translation>In the archonship of -, in the - prytany, of -, for which Arist-

. . . was secretary. Decrees of the  . . .

. . . of the prytany. . . .

. . .</translation></root>