<?xml version="1.0" encoding="UTF-8" ?><root><aio_key>AIO_802</aio_key><translation_title>Alliance with Chios</translation_title><url>www.atticinscriptions.com/inscription/RO/20</url><IPR>Creative Commons</IPR><translators><item>P. J.  Rhodes</item></translators><translation_source>RO 20</translation_source><translation>Relief

Alliance of Athens and Chios. In the archonship

of Dieitrephes. In the first prytany,

of Hippothontis, for which -

son of -anes (?) from Oion was secretary . . .

lacuna

(5). . .

these . . . [the common?]

[discussion which was held among the]

Greeks, have been mindful to preserve, like

the Athenians, the peace and the friendship

(10)and the oaths and the existing agreement,

which the King swore and the Athenians and

the Spartans and the other Greeks,

and have come [announcing] good things for the

People of Athens and the whole of

(15)Greece and the King, the People shall resolve:

to praise the People of Chios

and the ambassadors (presbeis) who have come; and

the peace shall apply (huparchen), and the oaths and the

agreements which now exist; and to make

(20)the Chians allies on the basis of freedom and

autonomy, not contravening anything

that is written on the stelai about the

peace, nor being persuaded if anybody else contravenes anything

as far as possible. To put

(25)a stele on the acropolis in front of the statue;

and on this to inscribe, that if anybody

goes against the Athenians the Chians shall support with all their

strength as far as possible, and if anybody goes against

the Chians the Athenians shall support with all their strength

(30)as far as possible. The Council and the generals

and the taxiarchs shall swear the oath to the Chians

who have come, and in Chios the Council
 
and the other officials (archas). To choose

five men who shall sail to Chios and

(35)administer the oath to the city of Chios. The alliance

shall be in force for all time. To invite

the embassy (presbeian) of the Chians to

hospitality (xenian) in the city hall (prutaneion) tomorrow.

These were chosen as ambassadors (presbeis): Kephalos of

(40)Kollytos, - of Alopeke, Aisimos of

-, -s of Phrearrhioi, Demokleides

of -. These were ambassadors (presbeis) of the Chians: Bryon, [Apelles?],

[Theokritos?], Archelas.

</translation></root>