<?xml version="1.0" encoding="UTF-8" ?><root><aio_key>AIO_803</aio_key><translation_title>Decree admitting Methymna to the Second Athenian League</translation_title><url>www.atticinscriptions.com/inscription/IGII2/42</url><IPR>Creative Commons</IPR><translators><item>P. J.  Rhodes</item></translators><translation_source>RO 23</translation_source><translation>The Council and the People decided. -

was in prytany. Kall- of

Alopeke was secretary. Simon of -

was chairman. Astyphilos proposed: concerning

what the Methymnaians say, since

(5)the Methymnaians are allies and well disposed to the

city of Athens, so that

their alliance may be also with the

other allies of the Athenians, the

secretary of the Council shall inscribe them

(10)just as the other allies also are

inscribed. The embassy (presbeian)

of the Methymnaians shall swear the same

oath as the other allies

swore, to the representatives (sunedrois) of the

(15)allies and the generals and the

hipparchs. And there shall swear to the Methymnaians

the representatives (sunedrous) of the allies

and the generals and the hipparchs

in the same way. Aisimos and the

(20)representatives (sunedrous) on the ships shall take care

that the officials (archai) of the Methymnaians

swear like the other allies.

Praise the city of Methymna

and invite the ambassadors (presbeis) of the

(25)Methymnaians to hospitality (xenia).

</translation></root>