<?xml version="1.0" encoding="UTF-8" ?><root><aio_key>AIO_821</aio_key><translation_title>Decree of Athens and Decision (&lt;i&gt;Dogma&lt;/i&gt;) of Second Athenian League for Paros</translation_title><url>www.atticinscriptions.com/inscription/RO/29</url><IPR>Creative Commons</IPR><translators><item>P. J.  Rhodes</item></translators><translation_source>RO 29</translation_source><translation>

Athenian decree

. . .

. . . in accordance with

tradition, and to the Panathenaia a cow and

panoply and send to the Dionysia a cow and

(5)phallos as a [commemoration], since they happen

to be colonists of the Athenian People.

Inscribe the decree and the reconciliation

which the allies resolved for the

Parians, and put the stele on the acropolis;

(10)and for inscribing the stele

the treasurer (tamian) of the People shall give 20 drachmas;

and invite to hospitality in the city

hall (prutaneion) tomorrow the ambassadors (presbeis) of the

Parians.

Allied decision (dogma)

&lt;in&gt;&lt;in&gt;In the archonship of Asteios (373/2). On the old and new

(15)day (henēi kai neai) of Skirophorion. - of Thebes

putting to the vote. The Allies decided:

so that the Parians shall live [in harmony] and 

nothing violent shall happen [there?], if anybody

kills [anybody unjustly?] those who are guilty

(20)[shall be put to?] death . . . [pay?] the penalty in accordance

with the laws . . . or

exiles anybody contrary to the laws and this

decree . . .

. . .

(25). . .

. . .
</translation></root>