<?xml version="1.0" encoding="UTF-8" ?><root><aio_key>AIO_822</aio_key><translation_title>Decree to protest to Aitolian league</translation_title><url>www.atticinscriptions.com/inscription/RO/35</url><IPR>Creative Commons</IPR><translators><item>P. J.  Rhodes</item></translators><translation_source>RO 35</translation_source><translation>

Gods.

Demophilos son of Theoros of

Kephale was secretary.

The Council and the People decided. Oineis

(5)was in prytany. Demophilos son of Theoros of Kephale

was secretary. Philippos of Semachidai was

chairman. Polyzelos (367/6) was archon. Kephisodotos

proposed: since, when the community (koinou) of the Aitolians

accepted the truce for the Mysteries of

(10)Eleusinian Demeter and Kore, those

of the Eumolpidai and Kerykes who were announcing

the truce, Protomachos and Epigenes, were imprisoned

by the Trichonians contrary to the common

laws of the Greeks, the Council shall choose

(15)forthwith a herald (kēruka) from all

Athenians, who shall arrive at the community (koinon)

of the Aitolians and demand the release of the

men and . . . judge

so that . . . and

(20)the Aitol- . . .

. . .

. . . Eumolpidai

and Kerykes . . .

. . .

(25). . .

. . .

for travelling expenses the treasurer (tamian) of the People 30 drachmas

from the People&apos;s fund for expenditure

on decrees.

</translation></root>