<?xml version="1.0" encoding="UTF-8" ?><root><aio_key>AIO_809</aio_key><translation_title>Honours for Menelaos the Pelagonian</translation_title><url>www.atticinscriptions.com/inscription/IGII2/110</url><IPR>Creative Commons</IPR><translators><item>P. J.  Rhodes</item></translators><translation_source>RO 38</translation_source><translation>Relief

Menelaos the Pelagonian, benefactor (euergetēs).

In the archonship of Charikleides (363/2). In

the sixth prytany, of Oineis.

The Council and the People decided. Oineis was in prytany.

(5)Nikostratos was secretary. Charikles of Leukonoion was

chairman. Satyros proposed: since Timotheos the general demonstrates

that Menelaos the Pelagonian is both himself joining in the war 

and providing money for the war against

the Chalkidians and Amphipolis, the Council shall

(10)resolve: to introduce him to the People at the next

Assembly (ekklēsian), and submit the opinion of the Council

to the People that it seems good to the Council to praise

him because he is a good man and does what good

he can for the People of Athens. The generals

(15) who are in the area of Macedon shall take care

of him, so that, if he needs anything, he shall

obtain it; and he shall be permitted to obtain from the People

any other good he can; and to invite

Menelaos to hospitality (xenia) in the city hall (prutaneion) tomorrow.

(20)Satyros proposed: in other respects in accordance with the Council;

but since the forebears of Menelaos were

benefactors (euergetai) of the People of Athens, Menelaos also

shall be a benefactor (euergetēn) . . .

. . .

</translation></root>