<?xml version="1.0" encoding="UTF-8" ?><root><aio_key>AIO_506</aio_key><translation_title>Payments from the treasury of Athena</translation_title><url>www.atticinscriptions.com/inscription/IGI3/375</url><IPR>Creative Commons</IPR><translators><item>Stephen Lambert</item></translators><translation_source>AIO Papers 5, pp. 1-11</translation_source><translation>The Athenians expended in the archonship of Glaukippos (410/9), and under the Council for which Kleigenes of Halai was first

secretary. The treasurers of the sacred funds (hieron chrematon) of Athena, Kallistratros of Marathon, and his fellow officials

handed over from the annual income (epeteion), the People having voted it, in the first prytany, of Aiantis:

to the hellenotamiai was handed over, to Kallimachos of Hagnous, Phrasiteleides (?) of Ikaria, for the horses was given for fodder (sitos), of Athena Polias

(5) 3 talents 3,237 drachmas ½ obol, of Nike 91 dr. 3¼ ob.. In the second prytany, of Aegeis, to the Games-masters (athlothetais) was handed over

for the the Great Panathenaia, to Philon of Kydathenaion and his fellow officials, of Athena Polias 5 tal. 1,000 dr.; to the annual religious officials (hieropoiois),

to Diyllos of Erchia and his fellow officials for the hekatomb, 5,114 dr.. In the third prytany, of Oineis,

to the hellenotamiai was handed over, to Perikles of Cholargos and his fellow officials, for the horses was given for fodder, 2 tal. 5,420 dr.;

another payment to the same hellenotamiai, for the horses was given 2 tal. 5,400 dr.; another payment to the same hellenotamiai was given 

(10) for Hermon, the archon at Pylos, 6 tal.; another payment to the same hellenotamiai for the two-obol grant (diobelian), 2 tal.. In the 

fourth prytany, of Akamantis, to the hellenotamiai was handed over, to Perikles of Cholargos and his fellow officials,

fodder was given for the horses, 3 tal.; another payment to the same hellenotamiai for the two-obol grant was given 8 tal. 1,355 dr.. In the

fifth prytany, of Kekropis, to the hellenotamiai was handed over, to Perikles of Cholargos and his fellow officials, for

the two-obol grant, 4 tal. 2,200 dr. In the sixth prytany, of Leontis, on the third day of the prytany

(15) was handed over to the hellenotamiai, to Dionysios of Kydathenaion and his fellow officials, 1,284 dr.; on the ninth of the prytany

to the hellenotamiai, to Thrason of Boutadai and his fellow officials, 3 tal. 1,083 dr. 2 ob.; on the eleventh of the prytany,

to the hellenotamiai was handed over, to Proxenos of Aphidna and his fellow officials, for the general from Eretria, Eukleides, acknowledgement (anomologema),

3740 dr. 1¼ ob.; on the thirteenth of the prytany, to the hellenotamiai, Perikles of Cholargos and his fellow officials,

[one digit] + 4,906 dr.; on the twenty-eighth of the prytany, to the hellenotamiai, Spoudias of Phlya and his fellow officials, 2 tal. 2,000 [one or two digits] + 100 dr.; 

(20) on the thirtieth of the prytany, the (money) from Samos acknowledged (anomologethe), to the hellenotamias Anaitios of Sphettos and his deputy (paredroi),

Polyaratos of Cholargos, 57 tal. 1,000 dr.. In the seventh prytany, of Antiochis, on the fifth of the prytany, was handed over

to Dionysios of Kydathenaion and his fellow officials, for the two-obol grant, 1 tal; on the seventh of the prytany, to the hellenotamiai Thrason

of Boutadai and his fellow officials, for the two-obol grant, 1 tal. 1,232 dr. 3¼ ob.; on the same day, to the hellenotamiai Phalanthos 

of Alopeke and his fellow officials, fodder for the horses, 4 tal. (?); on the sixteenth of the prytany, to the hellenotamiai Proxenos

(25) of Aphidna and his fellow officials, 1,534 dr. 3 ob.; on the twenty-fourth of the prytany, to the hellenotamiai Eupolis

of Aphidna and his fellow officials, 5,400 dr.; on the twenty-seventh of the prytany, to the hellenotamiai Kallias of Euonymon

and his fellow officials, 1 tal. 2,565 dr. 4½ ob.. In the eighth prytany, of Hippothontis, on the twelfth of the prytany, to the hellenotamiai

was handed over, to Proxenos of Aphidna and his fellow officials, 3 tal. 634 dr. 4 ob.; on the twenty-fourth of the prytany,

to the hellenotamiai was given, to Dionysios of Kydathenaion and his fellow officials, 3 tal. 4,318 dr. 1½ ob.; on the thirty-sixth

(30) of the prytany, to the hellenotamiai was given, to Thrason of Boutadai and his fellow officials, 1 tal. 3,329 dr. 3 ob.. In the ninth prytany,

of Erechtheis, on the twelfth of the prytany, to the hellenotamiai was given, to Proxenos of Aphidna and his fellow officials,

2,188 dr. 1 ob.; on the twenty-third of the prytany, to the hellenotamiai was given, to Dionysios of Kydathenaion and his fellow officials,

[one digit] + 3 tal. 793 dr. 3 ob.; on the thirty-sixth of the prytany, to the hellenotamiai was given, to Thrason of Boutadai and his fellow

officials, 2 tal. 3,850 dr. 2½ ob.; on the thirty-sixth of the prytany, the allies acknowledged (anomologesanto) (money) from Samos, 

(35) to the generals on Samos, to Dexikrates of Aigilia, 21 tal. 1,000 dr., to Pasiphon of Phrearrhioi, 6 tal., to Aristokrates [of Trinemeia?], 5 tal., to E[umachos?]

of Euonymon, 5 tal. 3,896 dr., to Nikeratos of Kydantidai the trierarch, 3,000 dr., to Aristophanes of Ana[gyrous] or Ana[phlystos] the trierarch

. . . In the tenth prytany, of Pandionis, on the eleventh of the prytany, to the hellenotamiai was given, to Proxenos

of Aphidna and his fellow officials, 5 tal. 442 dr. 5 ob.; on the twenty-third of the prytany, to the hellenotamiai [was given . . .]

. . . and his fellow officials, 2 tal. 5,090 dr. 3 ob.; on the thirty-sixth of the prytany, to the hellenotamiai was given . . .

(40) . . . and his fellow officials, 5 tal. 4,656 dr. 4 ob.. Whole total of the money which K[allistratos of Marathon and his fellow officials handed over, -?].+1+</translation></root>