<?xml version="1.0" encoding="UTF-8"?>
<!DOCTYPE TEI.2 SYSTEM "http://www.stoa.org/epidoc/dtd/6/tei-epidoc.dtd">
<TEI.2 lang="en" id="IRT037"><teiHeader><fileDesc><titleStmt><title><rs type="textType">Dedication</rs> to Julia Domna by Sabratha</title><editor>J. M. Reynolds</editor><editor>J. B. Ward-Perkins</editor></titleStmt><publicationStmt>
<p>Creative Commons licence Attribution UK 2.0 (<xref>http://creativecommons.org/licenses/by/2.0/uk/</xref>). </p>
<p>All reuse or distribution of this work must contain somewhere a link back to the URL <xref>http://irt.kcl.ac.uk/</xref>
            </p></publicationStmt><sourceDesc>
<p>Republished from <bibl id="irt1952">
                  <author>J. M. Reynolds</author> and <author>J. B. Ward-Perkins</author>, <title level="m">The Inscriptions of Roman Tripolitania</title>, <pubPlace>Rome</pubPlace>: <publisher>British
                  School at Rome</publisher>, <date>1952</date>. </bibl>
            </p></sourceDesc></fileDesc><encodingDesc>
<p>Marked-up according to the EpiDoc Guidelines version 5 <xref>http://www.stoa.org/epidoc/gl/5/</xref>
         </p></encodingDesc><profileDesc><langUsage><language id="ar">Arabic</language><language id="en">English</language><language id="fr">French</language><language id="de">German</language><language id="grc">Ancient Greek</language><language id="grc-Latn">Transliterated Greek</language><language id="el">Modern Greek</language><language id="he">Hebrew</language><language id="it">Italian</language><language id="la">Latin</language><language id="phn-LY">Punic</language><language id="ber-Latn">Native Libyan language in Latin script</language></langUsage><textClass/><textClass><keywords><term>
                  <geogName type="ancientRegion" key="Tripolitania">Tripolitania</geogName>
               </term><term>
                  <geogName type="modernCountry" key="LY">Libya</geogName>
               </term><term>
                  <placeName type="modernFindspot" key="http://www.geonames.org/2208578/marsa-zawaghah.html">Marsa Zawaghah</placeName>
               </term></keywords></textClass></profileDesc><revisionDesc>
<change><date>2008-09-09</date><respStmt><name>ZA</name></respStmt><item>converted using CHET-C</item></change>
<change><date>2009-05-19</date><respStmt><name>RV</name></respStmt><item>Added Figures</item></change>
<change><date>2009-08-24</date><respStmt><name>RV</name></respStmt><item>Added Figures</item></change></revisionDesc></teiHeader><text><body>

<div type="description" subtype="monument">
<head>Description of Monument</head>
<p> <rs type="material">Marble</rs> <rs type="objectType">block</rs> (<rs type="dimensions"><measure unit="metre" type="length" dim="width">0.570</measure> <measure dim="height">0.80</measure> <measure dim="depth">0.42</measure></rs>).</p></div>

<div type="description" subtype="text">
<head>Description of Text</head>
<p>Inscribed on one face. </p></div>

<div type="description" subtype="letters">
<head>Description of Letters</head>
<p>Capitals, with some Rustic forms: <measure unit="metre" type="length" dim="height">0.04</measure>.</p></div>

<div type="description" subtype="date">
<head>Date</head>
<p>
               <date type="textDate" notBefore="0198" notAfter="0210" exact="notAfter">A.D. 198-210</date> (<rs type="criteria">reign</rs>, <rs type="criteria">titulature</rs>).</p></div>

<div type="history" subtype="locations">
<head>Locations</head>
<p>
               <rs type="found">
                  <placeName type="ancientFindspot" ref="http://atlantides.org/batlas/abrotonum-sabratha-35-e2" key="db659">Sabratha</placeName>:
                  <rs type="monuList" key="db830">Basilica</rs>, in the early S exedra. 
</rs>
            </p>
<p>
               <rs type="origLocation">Unknown</rs>
            </p>
<p>
               <rs type="lastLocation">Findspot</rs>
            </p></div>


<div type="bibliography">
<head>Bibliography</head>
<p>Not previously published.</p></div>

<div type="history" subtype="text-constituted-from">
<head>Text constituted from</head>
<p>Transcription (Reynolds, Ward-Perkins)</p></div>

<div type="edition" lang="la">
<head lang="en">Text</head>
<ab>
               <lb n="1"/><persName type="emperor"><name reg="Iulia">Iuliae</name> <name reg="Domna" type="cognomen">Domnae</name> 
                  <name reg="Augusta" type="cognomen">Augus<lb n="2" type="worddiv"/>tae</name></persName> <w lemma="mater">matri</w> <persName type="emperor"><name reg="Augustus" type="cognomen">August<subst><del rend="erasure"><supplied reason="lost">o</supplied></del><add place="overstrike">i</add></subst><lb n="3" type="worddiv"/><del rend="erasure">ru<supplied reason="lost">m</supplied></del></name></persName>
                  <w lemma="et">et</w> <w lemma="castra">castrorum</w>
               <lb n="4"/><w lemma="imperator"><expan><abbr>Imp</abbr><ex>eratoris</ex></expan></w> <persName type="emperor"><name reg="Caesar" type="cognomen">Caesaris</name> 
               <name reg="Lucius" type="praenomen"><expan><abbr>L</abbr><ex>uci</ex></expan></name> 
               <name reg="Septimius" type="gentilicium">Septi<lb n="5" type="worddiv"/>mi </name><name reg="Seuerus" type="cognomen">Seueri</name> <name reg="Pius" type="cognomen">Pii</name> 
               <name reg="Pertinax" type="cognomen">Perti<lb n="6" type="worddiv"/>nacis</name> <name reg="Augustus" type="cognomen">Augusti</name></persName>
               <lb n="7"/><placeName type="ethnic" reg="Sabrathensis">Sabrathenses</placeName>
               <lb n="8"/><w lemma="publice">publice</w></ab></div>

<div type="apparatus">
<head>Apparatus</head>
<p>
               <app loc="2"><note>I recut over erased O.</note></app>
            </p>
<p>
               <app loc="3"><lem>ORUM</lem><note>Erased after damnatio of Geta in 212. Geta became Augustus officially in 209; but see <xref type="inscription">913</xref>. </note></app>
            </p></div>

<div type="translation">
<head>Translation</head>
<p>To Julia Domna Augusta, mother of the Augusti <note> emended to Augustus</note> and of the camps, 
               wife of Emperor Caesar Lucius Septimius Severus Pius Pertinax Augustus, the people of Sabratha <supplied reason="subaudible">set this up</supplied>, publicly. </p></div>

<div type="commentary">
<head>Commentary</head>
<p>No comment.</p></div>

<div type="figure">
<head>Photographs</head>
<p>
<figure href="0054"><figDesc>Ward-Perkins Archive, BSR (BSR 47.VII.23)</figDesc></figure></p></div></body></text></TEI.2>
