<?xml version="1.0" encoding="UTF-8"?>
<!DOCTYPE TEI.2 SYSTEM "http://www.stoa.org/epidoc/dtd/6/tei-epidoc.dtd">
<TEI.2 lang="en" id="IRT012"><teiHeader><fileDesc><titleStmt><title><rs type="textType">Votive</rs> offering to Silvanus</title><editor>J. M. Reynolds</editor><editor>J. B. Ward-Perkins</editor></titleStmt><publicationStmt>
<p>Creative Commons licence Attribution UK 2.0 (<xref>http://creativecommons.org/licenses/by/2.0/uk/</xref>). </p>
<p>All reuse or distribution of this work must contain somewhere a link back to the URL <xref>http://irt.kcl.ac.uk/</xref>
            </p></publicationStmt><sourceDesc>
<p>Republished from <bibl id="irt1952">
                  <author>J. M. Reynolds</author> and <author>J. B. Ward-Perkins</author>, <title level="m">The Inscriptions of Roman Tripolitania</title>, <pubPlace>Rome</pubPlace>: <publisher>British
                  School at Rome</publisher>, <date>1952</date>. </bibl>
            </p></sourceDesc></fileDesc><encodingDesc>
<p>Marked-up according to the EpiDoc Guidelines version 5 <xref>http://www.stoa.org/epidoc/gl/5/</xref>
         </p></encodingDesc><profileDesc><langUsage><language id="ar">Arabic</language><language id="en">English</language><language id="fr">French</language><language id="de">German</language><language id="grc">Ancient Greek</language><language id="grc-Latn">Transliterated Greek</language><language id="el">Modern Greek</language><language id="he">Hebrew</language><language id="it">Italian</language><language id="la">Latin</language><language id="phn-LY">Punic</language><language id="ber-Latn">Native Libyan language in Latin script</language></langUsage><textClass/><textClass><keywords><term>
                  <geogName type="ancientRegion" key="Tripolitania">Tripolitania</geogName>
               </term><term>
                  <geogName type="modernCountry" key="LY">Libya</geogName>
               </term><term>
                  <placeName type="modernFindspot" key="http://www.geonames.org/2208578/marsa-zawaghah.html">Marsa Zawaghah</placeName>
               </term></keywords></textClass></profileDesc><revisionDesc>
<change><date>2008-09-09</date><respStmt><name>ZA</name></respStmt><item>converted using CHET-C</item></change>
<change><date>2009-05-19</date><respStmt><name>RV</name></respStmt><item>Added Figures</item></change>
<change><date>2009-08-24</date><respStmt><name>RV</name></respStmt><item>Added Figures</item></change></revisionDesc></teiHeader><text><body>

<div type="description" subtype="monument">
<head>Description of Monument</head>
<p>Left-hand side of a small <rs type="material">marble</rs> <rs type="objectType">panel</rs>
               (<rs type="dimensions"><measure dim="width">0.14</measure><measure dim="height">0.14</measure></rs>).
            </p></div>

<div type="description" subtype="text">
<head>Description of Text</head>
<p>Inscribed on the surviving face</p></div>

<div type="description" subtype="letters">
<head>Description of Letters</head>
<p> Irregular capitals: <measure unit="metre" type="length" dim="height">0.015</measure>.</p></div>

<div type="description" subtype="date">
<head>Date</head>
<p>
               <date type="textDate">Unknown</date>
            </p></div>

<div type="history" subtype="locations">
<head>Locations</head>
<p>
               <rs type="found">
                  <placeName type="ancientFindspot" ref="http://atlantides.org/batlas/abrotonum-sabratha-35-e2" key="db659">Sabratha</placeName>:
                 Found in the street behind the <rs type="monuList" key="db829">Antonine Temple</rs> (Reg. II, ins. 4/10)</rs>
            </p>
<p>
               <rs type="origLocation">Unknown</rs>
            </p>
<p>
               <rs type="lastLocation"> <rs type="monuList" key="db660">Sabratha Museum</rs>. </rs>
            </p></div>


<div type="bibliography">
<head>Bibliography</head>
<p><bibl><author>Caputo</author>, <xptr from="quaderni"/>, I:26</bibl>;
               <bibl><xptr from="ae"/>, <biblScope>1950:147</biblScope></bibl>.</p></div>

<div type="history" subtype="text-constituted-from">
<head>Text constituted from</head>
<p>Transcription (Reynolds, Ward-Perkins)</p></div>

<div type="edition" lang="la">
<head lang="en">Text</head>
<ab>
               <lb n="1"/><persName type="divine"><w lemma="dominus">Domino</w>
               <name reg="Siluanus" type="cognomen">Silu<unclear>a</unclear><supplied reason="lost">no</supplied></name></persName>
               <gap reason="lost" extent="unknown" unit="character"/>
               <lb n="2"/><persName type="attested"><name reg="Aemilius" type="gentilicium">Aemilius</name>
                  <name type="cognomen" reg="Sa-"><seg part="I">Sa</seg><gap reason="lost" extent="unknown" unit="character"/></name></persName>
               <lb n="3"/><w lemma="uotum"><expan><abbr>uot</abbr><ex>um</ex></expan></w> 
               <w lemma="soluo"><supplied reason="lost">soluit</supplied></w>
               <gap reason="lost" extent="unknown" unit="character"/>
            </ab></div>

<div type="translation">
<head>Translation</head>
<p>To the Lord Silvanus <gap reason="lost"/> Aemilius Sa<gap reason="lost"/> <supplied reason="lost">paid</supplied> his <supplied reason="lost">vow</supplied></p></div>

<div type="commentary">
<head>Commentary</head>
<p>No comment</p></div>

<div type="figure">
<head>Photographs</head>
<p>
<figure href="0016"><figDesc>Ward-Perkins Archive, BSR (BSR 48.XVIII.28)</figDesc></figure>
<figure href="0142"><figDesc>Ward-Perkins Archive, BSR (Sopr. DS 833 Leica)</figDesc></figure></p></div></body></text></TEI.2>
