<?xml version="1.0" encoding="UTF-8"?>
<!DOCTYPE TEI.2 SYSTEM "http://www.stoa.org/epidoc/dtd/6/tei-epidoc.dtd">
<TEI.2 lang="en" id="IRT023"><teiHeader><fileDesc><titleStmt><title><rs type="textType">Dedication</rs> to Marcus Aurelius</title><editor>J. M. Reynolds</editor><editor>J. B. Ward-Perkins</editor></titleStmt><publicationStmt>
<p>Creative Commons licence Attribution UK 2.0 (<xref>http://creativecommons.org/licenses/by/2.0/uk/</xref>). </p>
<p>All reuse or distribution of this work must contain somewhere a link back to the URL <xref>http://irt.kcl.ac.uk/</xref>
            </p></publicationStmt><sourceDesc>
<p>Republished from <bibl id="irt1952">
                  <author>J. M. Reynolds</author> and <author>J. B. Ward-Perkins</author>, <title level="m">The Inscriptions of Roman Tripolitania</title>, <pubPlace>Rome</pubPlace>: <publisher>British
                  School at Rome</publisher>, <date>1952</date>. </bibl>
            </p></sourceDesc></fileDesc><encodingDesc>
<p>Marked-up according to the EpiDoc Guidelines version 5 <xref>http://www.stoa.org/epidoc/gl/5/</xref>
         </p></encodingDesc><profileDesc><langUsage><language id="ar">Arabic</language><language id="en">English</language><language id="fr">French</language><language id="de">German</language><language id="grc">Ancient Greek</language><language id="grc-Latn">Transliterated Greek</language><language id="el">Modern Greek</language><language id="he">Hebrew</language><language id="it">Italian</language><language id="la">Latin</language><language id="phn-LY">Punic</language><language id="ber-Latn">Native Libyan language in Latin script</language></langUsage><textClass/><textClass><keywords><term>
                  <geogName type="ancientRegion" key="Tripolitania">Tripolitania</geogName>
               </term><term>
                  <geogName type="modernCountry" key="LY">Libya</geogName>
               </term><term>
                  <placeName type="modernFindspot" key="http://www.geonames.org/2208578/marsa-zawaghah.html">Marsa Zawaghah</placeName>
               </term></keywords></textClass></profileDesc><revisionDesc>
<change><date>2008-09-09</date><respStmt><name>ZA</name></respStmt><item>converted using CHET-C</item></change>
<change><date>2009-05-19</date><respStmt><name>RV</name></respStmt><item>Added Figures</item></change>
<change><date>2009-08-24</date><respStmt><name>RV</name></respStmt><item>Added Figures</item></change></revisionDesc></teiHeader><text><body>

<div type="description" subtype="monument">
<head>Description of Monument</head>
<p> Impression left by a fragment of a lost <rs type="material">marble</rs> <rs type="objectType">panel</rs> 
               (approx. <rs type="dimensions"><measure unit="metre" type="length" dim="width">1.42</measure><measure unit="metre" type="length" dim="height">0.94</measure></rs>, upper edge surviving), 
               re-used in the late fourth century paving at the W end of the N Forum Portico.
               See also <xref type="inscription">27</xref>, <xref type="inscription">41</xref>,
               <xref type="inscription">43</xref>, <xref type="inscription">95</xref>. </p></div>

<div type="description" subtype="text">
<head>Description of Text</head>
<p>Originally inscribed on marble. Read by Bartoccini when first excavated; now somewhat deteriorated. </p></div>

<div type="description" subtype="letters">
<head>Description of Letters</head>
<p>Lapidary capitals: line 1, <measure unit="metre" type="length" dim="height">0.16</measure>; line 2, <measure unit="metre" type="length" dim="height">0.13</measure>; line 3, <measure unit="metre" type="length" dim="height">0.10</measure>.</p></div>

<div type="description" subtype="date">
<head>Date</head>
<p>
               <date type="textDate" notBefore="0175" notAfter="0180" exact="both">A.D. 175-180</date>
            (<rs type="criteria">titulature</rs>)</p></div>

<div type="history" subtype="locations">
<head>Locations</head>
<p>
               <rs type="found">
                  <placeName type="ancientFindspot" ref="http://atlantides.org/batlas/abrotonum-sabratha-35-e2" key="db659">Sabratha</placeName>: 
                  The W end of the <rs type="monuList" key="db852">North Forum Portico</rs></rs>
            </p>
<p>
               <rs type="origLocation">Unknown</rs>
            </p>
<p>
               <rs type="lastLocation">Findspot</rs>
            </p></div>



<div type="bibliography">
<head>Bibliography</head>
<p><bibl id="bartoccini1950"><author>Bartoccini</author>, <xptr from="quaderni"/> 1:53</bibl>.</p></div>

<div type="history" subtype="text-constituted-from">
<head>Text constituted from</head>
<p>Transcription (Reynolds, Ward-Perkins)</p></div>

<div type="edition" lang="la">
<head lang="en">Text</head>
<ab>
               <lb n="1"/><supplied reason="lost"><w lemma="imperator"><expan><abbr>Imp</abbr><ex>eratori</ex></expan></w></supplied> 
               <persName type="emperor"><supplied reason="lost"><name reg="Caesar" type="cognomen"><expan><abbr>Caes</abbr><ex>ari</ex></expan></name> 
                  <name reg="Marcus" type="praenomen"><expan><abbr>M</abbr><ex>arco</ex></expan></name> <name reg="Aurelius" type="gentilicium">Aurelio</name> <name reg="Antoninus" type="gentilicium">Antonino</name> 
                  <name reg="Augustus" type="cognomen"><expan><abbr>Aug</abbr><ex>usto</ex></expan></name> <name reg="Germanicus" type="cognomen">Germanico</name></supplied> 
                  <name reg="Sarmaticus" type="cognomen">Sarmatico</name></persName> 
               <supplied reason="lost"><w lemma="pontifex">pontifici</w> <w lemma="magnus">maximo</w> 
                  <w lemma="tribunicius">tribunicia</w> <w lemma="potestas">potestate</w> <num><gap reason="lost" extent="1" extentmax="4" unit="character"/></num>
                  <w lemma="imperator"><expan><abbr>imp</abbr><ex>eratori</ex></expan></w> <num><gap reason="lost" extent="1" extentmax="4" unit="character"/></num>
                  <w lemma="consul"><expan><abbr>co</abbr><ex>n</ex><abbr>s</abbr><ex>uli</ex></expan></w> <num><gap reason="lost" extent="1" extentmax="4" unit="character"/></num>
                  <w lemma="pater"><expan><abbr>p</abbr><ex>atri</ex></expan></w> 
                  <w lemma="patria"><expan><abbr>p</abbr><ex>atriae</ex></expan></w></supplied>
               <lb n="2"/><supplied reason="lost"><persName type="emperor"><w lemma="diuus">diui</w> <name reg="Antoninus" type="gentilicium">Antonini</name> <name reg="Pius" type="cognomen">Pii</name></persName> <w lemma="filius">filio</w></supplied> 
               <persName type="emperor"><supplied reason="lost"><w lemma="diuus">diui</w></supplied> <name reg="Verus" type="cognomen"><supplied reason="lost">Ver</supplied>i</name>
               <name reg="Parthicus" type="cognomen"><expan><abbr>Part<supplied reason="lost">h</supplied></abbr><supplied reason="lost"><ex>ici</ex></supplied></expan></name>
                <w lemma="magnus">maximi</w></persName> 
               <supplied reason="lost"><w lemma="frater">fratri</w> 
                   <persName type="emperor"><w lemma="diuus">diui</w> <name reg="Hadrianus" type="cognomen">Hadriani</name></persName>
                   <w lemma="nepos"><expan><abbr>nep</abbr><ex>oti</ex></expan></w> 
                   <persName type="emperor"><w lemma="diuus">diui</w> <name reg="Traianus" type="cognomen">Traiani</name> <name reg="Parthicus" type="cognomen"><expan><abbr>Parth</abbr><ex>ici</ex></expan></name></persName>
                   <w lemma="pronepos"><expan><abbr>pronep</abbr><ex>oti</ex></expan></w> 
                  <persName type="emperor"><w lemma="diuus">diui</w> <name reg="Nerua" type="cognomen">Neruae</name></persName> 
                   <w lemma="abnepos"><expan><abbr>abnep</abbr><ex>oti</ex></expan></w></supplied>
               <lb n="3"/><gap reason="lost" extent="unknown" unit="character"/>
               <w lemma="patronus"><supplied reason="lost">pat</supplied><app type="previouslyread"><lem>rono</lem></app></w> 
               <w lemma="duouir"><app type="previouslyread"><lem>II<expan><abbr>uir</abbr><ex>o</ex></expan></lem></app></w> 
               <w lemma="quinquennalis"><expan><abbr><app type="previouslyread"><lem>q</lem></app></abbr><ex>uin</ex><abbr>q</abbr><ex>uennali</ex></expan></w>
               <gap reason="lost" extent="unknown" unit="character"/>
            </ab></div>

<div type="apparatus">
<head>Apparatus</head>
<p>
               <app loc="3"><note>Of this line, only the second Q with superscript bar can now be read.</note></app>
            </p></div>

<div type="translation">
<head>Translation</head>
<p><supplied reason="lost">To Emperor Caesar, Marcus Aurelius Antoninus August, victor in Germany</supplied>, 
               victor in Sarmatia, <supplied reason="lost">chief priest, holding 
               tribunician power for the . . . time, acclaimed victor  . . . times, 
               consul . . .  times, father of the country, son of deified Emperor 
               Antoninus Pius, brother of deified</supplied>Verus, greatest victor in Parthia, <supplied reason="lost">grandson of deified Hadrian, great grandson of 
               deified Trajan victor in Parthia, great great grandson of deified Nerva <gap reason="lost"/> with 
               <gap reason="lost"/></supplied> patron, duovir in a fifth year, <gap reason="lost"/> <supplied reason="lost">in charge of the work</supplied></p></div>

<div type="commentary">
<head>Commentary</head>
<p>l. 1. Sarmaticus: from June 175.</p></div>

<div type="figure">
<head>Photographs</head>
<p>
<figure href="0032"><figDesc>Ward-Perkins Archive, BSR (BSR 46.V.10)</figDesc></figure></p></div></body></text></TEI.2>
