<?xml version="1.0" encoding="UTF-8"?>
<!DOCTYPE TEI.2 SYSTEM "http://www.stoa.org/epidoc/dtd/6/tei-epidoc.dtd">
<TEI.2 lang="en" id="IRT015"><teiHeader><fileDesc><titleStmt><title><rs type="textType">Dedication</rs> to Vespasian and Titus </title><editor>J. M. Reynolds</editor><editor>J. B. Ward-Perkins</editor></titleStmt><publicationStmt>
<p>Creative Commons licence Attribution UK 2.0
                  (<xref>http://creativecommons.org/licenses/by/2.0/uk/</xref>). </p>
<p>All reuse or distribution of this work must contain somewhere a link back to the URL
                  <xref>http://irt.kcl.ac.uk/</xref>
            </p></publicationStmt><sourceDesc>
<p>Republished from <bibl id="irt1952">
                  <author>J. M. Reynolds</author> and <author>J. B. Ward-Perkins</author>, <title level="m">The Inscriptions of Roman Tripolitania</title>,
                  <pubPlace>Rome</pubPlace>: <publisher>British School at Rome</publisher>,
                     <date>1952</date>. </bibl>
            </p></sourceDesc></fileDesc><encodingDesc>
<p>Marked-up according to the EpiDoc Guidelines version 5
               <xref>http://www.stoa.org/epidoc/gl/5/</xref>
         </p></encodingDesc><profileDesc><langUsage><language id="ar">Arabic</language><language id="en">English</language><language id="fr">French</language><language id="de">German</language><language id="grc">Ancient Greek</language><language id="grc-Latn">Transliterated Greek</language><language id="el">Modern Greek</language><language id="he">Hebrew</language><language id="it">Italian</language><language id="la">Latin</language><language id="phn-LY">Punic</language><language id="ber-Latn">Native Libyan language in Latin script</language></langUsage><textClass/><textClass><keywords><term>
                  <geogName type="ancientRegion" key="Tripolitania">Tripolitania</geogName>
               </term><term>
                  <geogName type="modernCountry" key="LY">Libya</geogName>
               </term><term>
                  <placeName type="modernFindspot" key="http://www.geonames.org/2208578/marsa-zawaghah.html">Marsa Zawaghah</placeName>
               </term></keywords></textClass></profileDesc><revisionDesc>
<change><date>2008-09-09</date><respStmt><name>ZA</name></respStmt><item>converted using CHET-C</item></change>
<change><date>2009-05-19</date><respStmt><name>RV</name></respStmt><item>Added Figures</item></change>
<change><date>2009-08-24</date><respStmt><name>RV</name></respStmt><item>Added Figures</item></change></revisionDesc></teiHeader><text><body>

<div type="description" subtype="monument">
<head>Description of Monument</head>
<p> <rs type="material">Sandstone</rs> <rs type="objectType">block</rs>
               (<rs type="dimensions"><measure unit="metre" type="length" dim="width">0.88</measure><measure unit="metre" type="length" dim="height">0.52</measure><measure unit="metre" type="length" dim="depth">0.42</measure></rs>)
               from a monumental inscription. </p></div>

<div type="description" subtype="text">
<head>Description of Text</head>
<p>There are traces of stucco and of red paint surviving on the inscribed face.</p></div>

<div type="description" subtype="letters">
<head>Description of Letters</head>
<p> Lapidary capitals: <measure unit="metre" type="length" dim="height">0.18</measure>. Plate 1,2.</p></div>

<div type="description" subtype="date">
<head>Date</head>
<p>
               <date type="textDate" notBefore="0076" notAfter="0079" exact="both">A.D. 76-79.</date>
               (<rs type="criteria">reign</rs>)
            </p></div>

<div type="history" subtype="locations">
<head>Locations</head>
<p>
               <rs type="found">
                  <placeName type="ancientFindspot" ref="http://atlantides.org/batlas/abrotonum-sabratha-35-e2" key="db659">Sabratha</placeName>:
                  <rs type="monuList" key="db861">Temple of Isis</rs>:
                  Found re-used in the late defensive wall built across the propylaea of the
                  Temple, to which the inscription probably belonged; see also <xref type="inscription">16</xref>. </rs>
            </p>
<p>
               <rs type="origLocation">Unknown</rs>
            </p>
<p>
               <rs type="lastLocation">Findspot</rs>
            </p></div>


<div type="bibliography">
<head>Bibliography</head>
<p>Not previously published.</p></div>

<div type="history" subtype="text-constituted-from">
<head>Text constituted from</head>
<p>Transcription (Reynolds, Ward-Perkins)</p></div>

<div type="edition" lang="la">
<head lang="en">Text</head>
<ab>
               <lb n="1"/><gap reason="lost" extent="1" unit="line"/>
               <lb n="2"/><gap reason="lost" extent="unknown" unit="character"/>
               <w lemma="imperator"><expan><abbr><supplied reason="lost">i</supplied>mp</abbr><ex>eratori</ex></expan></w>
               <num>XVII<gap reason="lost" extentmax="2" unit="character"/></num><gap reason="lost" extent="unknown" unit="character"/>
               <lb n="3"/><gap reason="lost" extent="unknown" unit="character"/>
               <persName type="emperor"><name reg="Vespasianus" type="cognomen"><supplied reason="lost">Ve</supplied>spasiano</name>
               <name reg="Augustus" type="cognomen"><expan><abbr>A</abbr><supplied reason="lost"><abbr>ug</abbr><ex>usti</ex></supplied></expan></name></persName>
               <supplied reason="lost"><w lemma="filius"><expan><abbr>f</abbr><ex>ilio</ex></expan></w></supplied><gap reason="lost" extent="unknown" unit="character"/>
            </ab></div>

<div type="apparatus">
<head>Apparatus</head>
<p>
               <app loc="1"><note> There are clear traces of this line, but no letters legible.</note></app>
            </p>
<p>
               <app loc="2"><note/></app>
            </p></div>

<div type="translation">
<head>Translation</head>
<p> <supplied reason="lost"><gap reason="lost"/> to  Emperor Vespasian <gap reason="lost"/></supplied> acclaimed victor for the seventeenth 
               time, <gap reason="lost"/> <supplied reason="lost">and to Titus</supplied> Vespasian <supplied reason="lost">son of</supplied> 
               Augustus <gap reason="lost"/></p></div>

<div type="commentary">
<head>Commentary</head>
<p>Vespasian and Titus were Augusti together between 76 and 79.</p></div>

<div type="figure">
<head>Photographs</head>
<p>
<figure href="0019"><figDesc>Ward-Perkins Archive, BSR (BSR 48.XXVII.8)</figDesc></figure>
<figure href="0020"><figDesc>Ward-Perkins Archive, BSR (BSR 48.XXXVI.12)</figDesc></figure></p></div></body></text></TEI.2>
