<?xml version="1.0" encoding="UTF-8"?>
<!DOCTYPE TEI.2 SYSTEM "http://www.stoa.org/epidoc/dtd/6/tei-epidoc.dtd">
<TEI.2 lang="en" id="IRT056"><teiHeader><fileDesc><titleStmt><title><rs type="textType">Dedication</rs> to?Constantius II and  Gallus </title><editor>J. M. Reynolds</editor><editor>J. B. Ward-Perkins</editor></titleStmt><publicationStmt>
<p>Creative Commons licence Attribution UK 2.0 (<xref>http://creativecommons.org/licenses/by/2.0/uk/</xref>). </p>
<p>All reuse or distribution of this work must contain somewhere a link back to the URL <xref>http://irt.kcl.ac.uk/</xref>
            </p></publicationStmt><sourceDesc>
<p>Republished from <bibl id="irt1952">
                  <author>J. M. Reynolds</author> and <author>J. B. Ward-Perkins</author>, <title level="m">The Inscriptions of Roman Tripolitania</title>, <pubPlace>Rome</pubPlace>: <publisher>British
                  School at Rome</publisher>, <date>1952</date>. </bibl>
            </p></sourceDesc></fileDesc><encodingDesc>
<p>Marked-up according to the EpiDoc Guidelines version 5 <xref>http://www.stoa.org/epidoc/gl/5/</xref>
         </p></encodingDesc><profileDesc><langUsage><language id="ar">Arabic</language><language id="en">English</language><language id="fr">French</language><language id="de">German</language><language id="grc">Ancient Greek</language><language id="grc-Latn">Transliterated Greek</language><language id="el">Modern Greek</language><language id="he">Hebrew</language><language id="it">Italian</language><language id="la">Latin</language><language id="phn-LY">Punic</language><language id="ber-Latn">Native Libyan language in Latin script</language></langUsage><textClass/><textClass><keywords><term>
                  <geogName type="ancientRegion" key="Tripolitania">Tripolitania</geogName>
               </term><term>
                  <geogName type="modernCountry" key="LY">Libya</geogName>
               </term><term>
                  <placeName type="modernFindspot" key="http://www.geonames.org/2208578/marsa-zawaghah.html">Marsa Zawaghah</placeName>
               </term></keywords></textClass></profileDesc><revisionDesc>
<change><date>2008-09-09</date><respStmt><name>ZA</name></respStmt><item>converted using CHET-C</item></change>
<change><date>2009-05-19</date><respStmt><name>RV</name></respStmt><item>Added Figures</item></change>
<change><date>2009-08-24</date><respStmt><name>RV</name></respStmt><item>Added Figures</item></change></revisionDesc></teiHeader><text><body>

<div type="description" subtype="monument">
<head>Description of Monument</head>
<p>Two fragments of a <rs type="material">marble</rs> 
               <rs type="objectType">base</rs> 
               (each 
               <rs type="dimensions"><measure dim="width">0.15</measure> 
               <measure dim="height">0.85</measure></rs>) 
               which has been cut vertically to make paving slabs for the sixth century repaving of Church I. </p></div>

<div type="description" subtype="text">
<head>Description of Text</head>
<p>Inscribed on the surviving face.</p></div>

<div type="description" subtype="letters">
<head>Description of Letters</head>
<p>Fourth century capitals: <measure from="0.05" to="0.06" unit="metre" type="length" dim="height">0.05-0.06</measure>; 1. 4, <measure unit="metre" type="length" dim="height">0.07</measure>. </p></div>

<div type="description" subtype="date">
<head>Date</head>
<p>
               <date type="textDate" notBefore="0351" notAfter="0354" exact="both">A.D. 351-354</date> (<rs type="criteria">reigns</rs>).</p></div>

<div type="history" subtype="locations">
<head>Locations</head>
<p>
               <rs type="found">
                  <placeName type="ancientFindspot" ref="http://atlantides.org/batlas/abrotonum-sabratha-35-e2" key="db659">Sabratha</placeName>: 
                  <rs type="monuList" key="db837">Church I</rs>, within the former Basilica</rs>
            </p>
<p>
               <rs type="origLocation">Unknown</rs>
            </p>
<p>
               <rs type="lastLocation">Now standing loose nearby. </rs>
            </p></div>


<div type="bibliography">
<head>Bibliography</head>
<p>Not previously published.</p></div>

<div type="history" subtype="text-constituted-from">
<head>Text constituted from</head>
<p>Transcription (Reynolds, Ward-Perkins)</p></div>

<div type="edition" lang="la">
<head lang="en">Text</head>
<ab>
               <lb n="1"/><gap reason="lost" extent="unknown" unit="character"/><w part="F">simo</w><gap reason="lost" extent="3" unit="character"/><w lemma="is">ea</w>
               <lb n="2"/><gap reason="lost" extent="unknown" unit="character"/><w part="F">es</w> <w lemma="et">et</w><gap reason="lost" extent="3" unit="character"/>ume
               <lb n="3"/><gap reason="lost" extent="unknown" unit="character"/><w lemma="aeternus"><supplied reason="lost">aete</supplied>rnae</w> <w lemma="uirtus"><supplied reason="lost">uir</supplied>tutis</w>
   <lb n="4"/><gap reason="lost" extent="unknown" unit="character"/><unclear reason="damage">i</unclear> <persName type="emperor"><name reg="Augustus" type="cognomen"><expan><abbr>Au<supplied reason="lost">g</supplied></abbr><supplied reason="lost"><ex>usto</ex></supplied> </expan></name></persName>
               <lb n="5"/><supplied reason="lost"><w lemma="et">et</w></supplied><gap reason="lost" unit="character" extent="unknown"/>
               <persName type="emperor"><name reg="Flauius" type="gentilicium"><supplied reason="lost"><expan><abbr>Fl</abbr><ex>auio</ex></expan></supplied></name> <name reg="Claudius" type="gentilicium"><supplied reason="lost">Clau</supplied>dio</name> <name reg="Constantius" type="cognomen">Co<supplied reason="lost">nst</supplied>antio</name></persName> 
               <lb n="6"/><gap reason="lost" extent="unknown" unit="character"/><w lemma="ordo"><supplied reason="lost">ordo</supplied></w> <w lemma="splendidus"><supplied reason="lost">spl</supplied>endid<supplied reason="lost">iss</supplied>imus</w> 
               <lb n="7"/><gap reason="lost" extent="unknown" unit="character"/> <placeName type="ethnic" reg="Sabrathensis"><supplied reason="lost">Sabrath</supplied>ensiu<supplied reason="lost">m</supplied></placeName> <w lemma="deuoueo">deuo<lb n="8" type="worddiv"/><supplied reason="lost">tus</supplied></w> <w lemma="numen"><supplied reason="lost">num</supplied>ini</w> <w lemma="maiestas">m<supplied reason="lost">aie</supplied>stati<lb n="9" type="worddiv"/><supplied reason="lost">que</supplied></w> <w lemma="is">eorum</w>
               <lb n="10"/><gap reason="lost" extent="unknown" unit="character"/> 
               <persName type="attested"><name reg="Marcus" type="praenomen"><expan><abbr>M</abbr><ex>arco</ex></expan></name> <name reg="Cae-" type="gentilicium"><seg part="I">Cae</seg><gap reason="lost" extent="3" unit="character"/></name></persName> <w lemma="pro"><unclear reason="damage">p</unclear>ro</w> 
               <lb n="11"/><gap reason="lost" extent="1" unit="line"/>
            
            </ab></div>

<div type="apparatus">
<head>Apparatus</head>
<p>
               <app><note>Line 4:  Presumably Constantius II, Augustus 337-361.</note></app>
            </p>
<p>
               <app><note>Line 5:  Constantius Gallus 351-354 . </note></app>
            </p></div>

<div type="translation">
<head>Translation</head>
<p>To <gap reason="lost"/><supplied reason="lost" cert="low">example</supplied> of eternal virtue, <gap reason="lost"/> Augustus and <gap reason="lost"/> Flavius Claudius Constantius; the most splendid <supplied reason="lost">city council</supplied> of the Sabrathans, devoted to their divine will and majesty; Marcus Cae<gap reason="lost"/> on behalf of <gap reason="lost"/> </p></div>

<div type="commentary">
<head>Commentary</head>
<p>No comment.</p></div>

<div type="figure">
<head>Photographs</head>
<p>
<figure href="0082"><figDesc>Ward-Perkins Archive, BSR (BSR 47.IV.30)</figDesc></figure>
<figure href="0083"><figDesc>Ward-Perkins Archive, BSR (BSR 48.XII.14)</figDesc></figure>
<figure href="0084"><figDesc>Ward-Perkins Archive, BSR (Sopr. DS 904 Leica)</figDesc></figure></p></div></body></text></TEI.2>
