<?xml version="1.0" encoding="UTF-8"?>
<!DOCTYPE TEI.2 SYSTEM "http://www.stoa.org/epidoc/dtd/6/tei-epidoc.dtd">
<TEI.2 lang="en" id="IRT022"><teiHeader><fileDesc><titleStmt><title><rs type="textType">Dedication</rs> of statues to  Marcus Aurelius</title><editor>J. M. Reynolds</editor><editor>J. B. Ward-Perkins</editor></titleStmt><publicationStmt>
<p>Creative Commons licence Attribution UK 2.0 (<xref>http://creativecommons.org/licenses/by/2.0/uk/</xref>). </p>
<p>All reuse or distribution of this work must contain somewhere a link back to the URL <xref>http://irt.kcl.ac.uk/</xref>
            </p></publicationStmt><sourceDesc>
<p>Republished from <bibl id="irt1952">
                  <author>J. M. Reynolds</author> and <author>J. B. Ward-Perkins</author>, <title level="m">The Inscriptions of Roman Tripolitania</title>, <pubPlace>Rome</pubPlace>: <publisher>British
                  School at Rome</publisher>, <date>1952</date>. </bibl>
            </p></sourceDesc></fileDesc><encodingDesc>
<p>Marked-up according to the EpiDoc Guidelines version 5 <xref>http://www.stoa.org/epidoc/gl/5/</xref>
         </p></encodingDesc><profileDesc><langUsage><language id="ar">Arabic</language><language id="en">English</language><language id="fr">French</language><language id="de">German</language><language id="grc">Ancient Greek</language><language id="grc-Latn">Transliterated Greek</language><language id="el">Modern Greek</language><language id="he">Hebrew</language><language id="it">Italian</language><language id="la">Latin</language><language id="phn-LY">Punic</language><language id="ber-Latn">Native Libyan language in Latin script</language></langUsage><textClass/><textClass><keywords><term>
                  <geogName type="ancientRegion" key="Tripolitania">Tripolitania</geogName>
               </term><term>
                  <geogName type="modernCountry" key="LY">Libya</geogName>
               </term><term>
                  <placeName type="modernFindspot" key="http://www.geonames.org/2208578/marsa-zawaghah.html">Marsa Zawaghah</placeName>
               </term></keywords></textClass></profileDesc><revisionDesc>
<change><date>2008-09-09</date><respStmt><name>ZA</name></respStmt><item>converted using CHET-C</item></change>
<change><date>2009-05-19</date><respStmt><name>RV</name></respStmt><item>Added Figures</item></change>
<change><date>2009-08-24</date><respStmt><name>RV</name></respStmt><item>Added Figures</item></change></revisionDesc></teiHeader><text><body>

<div type="description" subtype="monument">
<head>Description of Monument</head>
<p> <rs type="material">Marble</rs> <rs type="objectType">block</rs>
               (<rs type="dimensions"><measure unit="metre" type="length" dim="width">1.18</measure><measure unit="metre" type="length" dim="height">0.64</measure><measure unit="metre" type="length" dim="depth">0.36</measure></rs>)</p></div>

<div type="description" subtype="text">
<head>Description of Text</head>
<p>Inscribed on one face.</p></div>

<div type="description" subtype="letters">
<head>Description of Letters</head>
<p>Second century capitals: line 1, <measure unit="metre" type="length" dim="height">0.06</measure>: remainder, <measure unit="metre" type="length" dim="height">0.045</measure>. </p></div>

<div type="description" subtype="date">
<head>Date</head>
<p>
               <date type="textDate" value="0170" precision="exact">A.D. 170</date>
               (<rs type="criteria">titulature</rs>)
            </p></div>

<div type="history" subtype="locations">
<head>Locations</head>
<p>
               <rs type="found">
                  <placeName type="ancientFindspot" ref="http://atlantides.org/batlas/abrotonum-sabratha-35-e2" key="db659">Sabratha</placeName>:
                  <rs type="monuList" key="db843">Forum</rs>, in front of the Capitolium. 
</rs>
            </p>
<p>
               <rs type="origLocation">Unknown</rs>
            </p>
<p>
               <rs type="lastLocation">Findspot</rs>
            </p></div>



<div type="bibliography">
<head>Bibliography</head>
<p><bibl><author>Bartoccini</author>, <xptr from="rivtrip"/> <biblScope>I:287</biblScope></bibl>;
               <bibl><xptr from="ae"/> <biblScope>1925:102</biblScope></bibl>.</p></div>

<div type="history" subtype="text-constituted-from">
<head>Text constituted from</head>
<p>Transcription (Reynolds, Ward-Perkins)</p></div>

<div type="edition" lang="la">
<head lang="en">Text</head>
<ab>
               <lb n="1"/><w lemma="imperator"><expan><abbr>Imp</abbr><ex>eratori</ex></expan></w> 
               <persName type="emperor"><name reg="Caesar" type="cognomen">Caesari</name> <persName type="emperor"><w lemma="diuus">diui</w> <name reg="Antoninus" type="gentilicium">Antonini</name></persName> 
               <w lemma="filius"><expan><abbr>fil</abbr><ex>io</ex></expan></w> 
               <persName type="emperor"><w lemma="diuus">diui</w>
               <lb n="2"/><name reg="Verus" type="cognomen">Veri</name> <name reg="Parthicus" type="cognomen">Parthici</name> 
               <w lemma="magnus"><expan><abbr>max</abbr><ex>imi</ex></expan></w></persName> <w lemma="frater">fratri</w> 
               <persName type="emperor"><w lemma="diuus">diui</w> <name reg="Hadrianus" type="cognomen"><expan><abbr>Hadr</abbr><ex>iani</ex></expan></name></persName> 
               <w lemma="nepos"><expan><abbr>nep</abbr><ex>oti</ex></expan></w> 
               <lb n="3"/><persName type="emperor"><w lemma="diuus">diui</w> <name reg="Traianus" type="cognomen">Traiani</name> <name reg="Parthicus" type="cognomen">Parthici</name></persName> 
               <w lemma="pronepos"><expan><abbr>pronep</abbr><ex>oti</ex></expan></w> <persName type="emperor"><w lemma="diuus">diui</w> <name reg="Nerua" type="cognomen">Neruae</name></persName> 
               <lb n="4"/><w lemma="abnepos">abnepoti</w> 
               <name reg="Marcus" type="praenomen"><expan><abbr>M</abbr><ex>arco</ex></expan></name> <name reg="Aurelius" type="gentilicium">Aurelio</name> <name reg="Antoninus" type="gentilicium">Antonino</name> 
               <name reg="Augustus" type="cognomen"><expan><abbr>Aug</abbr><ex>usto</ex></expan></name></persName> 
               <w lemma="pontifex"><expan><abbr>pont</abbr><ex>ifici</ex></expan></w>
               <lb n="5"/> <w lemma="magnus"><expan><abbr>max</abbr><ex>imo</ex></expan></w> 
               <expan><abbr>trib</abbr><ex>unicia</ex></expan> 
               <w lemma="potestas"><expan><abbr>potest</abbr><ex>ate</ex></expan></w> <num value="24">XXIIII</num>
               <w lemma="imperator"><expan><abbr>imp</abbr><ex>eratori</ex></expan></w> <num value="5">V</num>
               <w lemma="consul"><expan><abbr>co</abbr><ex>n</ex><abbr>s</abbr><ex>uli</ex></expan></w>  <num value="3">III</num>
               <w lemma="pater"><expan><abbr>p</abbr><ex>atri</ex></expan></w> 
               <w lemma="patria"><expan><abbr>p</abbr><ex>atriae</ex></expan></w>
               <lb n="6"/><w lemma="statua">statuas</w> <w lemma="duo">duas</w> <w lemma="qui">quas</w> 
               <persName type="attested"><name reg="Anicia" type="gentilicium">Anicia</name> <name reg="Pudentilla" type="cognomen">Pudentilla</name></persName>  <w lemma="codicillus">codicillis</w>
               <lb n="7"/><w lemma="ex">ex</w> <w lemma="sestertius"><expan><abbr><am><g type="sestertius"/></am></abbr><ex>sestertiis</ex></expan></w> 
               <num value="30000"><hi rend="supraline">XXX</hi></num> 
               <w lemma="nummus"><expan><abbr>n</abbr><ex>ummum</ex></expan></w> <w lemma="pono">poni</w> <w lemma="iubeo">iussit</w> 
               <persName type="attested"><name reg="Manlia" type="gentilicium">Manlia</name> <name reg="Macrina" type="cognomen">Macrina</name></persName> 
               <lb n="8"/><w lemma="mater">mater</w> <w lemma="et">et</w> <w lemma="heres">heres</w> <w lemma="adicio">adiectis</w> 
               <w lemma="ex">ex</w> <w lemma="sestertius"><expan><abbr><am><g type="sestertius"/></am></abbr><ex>sestertiis</ex></expan></w> 
               <num value="8000"><hi rend="supraline">VIII</hi></num>
               <w lemma="nummus"><expan><abbr>n</abbr><ex>ummum</ex></expan></w> <w lemma="facio">fecit</w>
               <lb n="9"/><persName type="attested"><name reg="Caius" type="praenomen"><expan><abbr>C</abbr><ex>aio</ex></expan></name> 
                  <name reg="Manilius" type="gentilicium">Manilio</name> <name reg="Manilianus" type="cognomen">Maniliano</name></persName> <w lemma="genus">genero</w> <w lemma="curo">curante</w></ab></div>

<div type="apparatus">
<head>Apparatus</head>
<p>
               <app loc="7"><note> 30,000 sesterces.</note></app>
            </p>
<p>
               <app loc="8"><note> 8,000 sesterces.</note></app>
            </p></div>

<div type="translation">
<head>Translation</head>
<p>To Emperor Caesar, son of deified Antoninus, brother of deified Verus, the greatest victor in Parthia , grandson of deified 
               Hadrian, great-grandson of deified Trajan the victor in Parthia, great-great-grandson of deified Nerva, Marcus Aurelius 
               Antoninus Augustus, chief priest, holding tribunician power for the 24th time, acclaimed victor five times, consul three times, 
               father of the country; the two statues whose erection Anicia Pudentilla ordered in her will at the expenditure of 30,000 
               sesterces, Manlia Macrina, her mother and heiress, had made at the additional cost of eight thousand sesterces, with 
               Caius Manilius Manilianus, her son-in-law, in charge <supplied reason="subaudible">of the work</supplied></p></div>

<div type="commentary">
<head>Commentary</head>
<p>ll. 5-6. trib. pot. XXIIII:  10 Dec. 169 - 9 Dec.170.</p>
<p>l. 7. Manlia Macrina. Also in  <xref type="inscription">91</xref>, ll. 1-3.</p></div>

<div type="figure">
<head>Photographs</head>
<p>
<figure href="0030"><figDesc>Ward-Perkins Archive, BSR (Sopr. CS 231)</figDesc></figure>
<figure href="0031"><figDesc>Ward-Perkins Archive, BSR (BSR 46.VI.16)</figDesc></figure></p></div></body></text></TEI.2>
