<?xml version="1.0" encoding="UTF-8"?>
<!DOCTYPE TEI.2 SYSTEM "http://www.stoa.org/epidoc/dtd/6/tei-epidoc.dtd">
<TEI.2 lang="en" id="IRT018"><teiHeader><fileDesc><titleStmt><title><rs type="textType">Dedication</rs> to Antoninus Pius by Sabratha</title><editor>J. M. Reynolds</editor><editor>J. B. Ward-Perkins</editor></titleStmt><publicationStmt>
<p>Creative Commons licence Attribution UK 2.0 (<xref>http://creativecommons.org/licenses/by/2.0/uk/</xref>). </p>
<p>All reuse or distribution of this work must contain somewhere a link back to the URL <xref>http://irt.kcl.ac.uk/</xref>
            </p></publicationStmt><sourceDesc>
<p>Republished from <bibl id="irt1952">
                  <author>J. M. Reynolds</author> and <author>J. B. Ward-Perkins</author>, <title level="m">The Inscriptions of Roman Tripolitania</title>, <pubPlace>Rome</pubPlace>: <publisher>British
                  School at Rome</publisher>, <date>1952</date>. </bibl>
            </p></sourceDesc></fileDesc><encodingDesc>
<p>Marked-up according to the EpiDoc Guidelines version 5 <xref>http://www.stoa.org/epidoc/gl/5/</xref>
         </p></encodingDesc><profileDesc><langUsage><language id="ar">Arabic</language><language id="en">English</language><language id="fr">French</language><language id="de">German</language><language id="grc">Ancient Greek</language><language id="grc-Latn">Transliterated Greek</language><language id="el">Modern Greek</language><language id="he">Hebrew</language><language id="it">Italian</language><language id="la">Latin</language><language id="phn-LY">Punic</language><language id="ber-Latn">Native Libyan language in Latin script</language></langUsage><textClass/><textClass><keywords><term>
                  <geogName type="ancientRegion" key="Tripolitania">Tripolitania</geogName>
               </term><term>
                  <geogName type="modernCountry" key="LY">Libya</geogName>
               </term><term>
                  <placeName type="modernFindspot" key="http://www.geonames.org/2208578/marsa-zawaghah.html">Marsa Zawaghah</placeName>
               </term></keywords></textClass></profileDesc><revisionDesc>
<change><date>2008-09-09</date><respStmt><name>ZA</name></respStmt><item>converted using CHET-C</item></change>
<change><date>2009-05-19</date><respStmt><name>RV</name></respStmt><item>Added Figures</item></change>
<change><date>2009-08-24</date><respStmt><name>RV</name></respStmt><item>Added Figures</item></change></revisionDesc></teiHeader><text><body>

<div type="description" subtype="monument">
<head>Description of Monument</head>
<p>Fragment from the lower part of a <rs type="material">marble</rs> <rs type="objectType">panel</rs> 
               (<rs type="dimensions"><measure dim="width">0.17</measure><measure dim="height">0.22</measure><measure dim="depth">0.025</measure></rs>, no edges surviving). </p></div>

<div type="description" subtype="text">
<head>Description of Text</head>
<p>Inscribed on the surviving face.</p></div>

<div type="description" subtype="letters">
<head>Description of Letters</head>
<p>Second century capitals: lines 3- 4, <measure unit="metre" type="length" dim="height">0.04</measure>;
               line 5, <measure unit="metre" type="length" dim="height">0.035</measure>;
               line 6, <measure unit="metre" type="length" dim="height">0.03</measure>. </p></div>

<div type="description" subtype="date">
<head>Date</head>
<p>
               <date type="textDate" value="0143" precision="circa">circa A.D. 143</date> (<rs type="criteria">titulature</rs>)
            </p></div>

<div type="history" subtype="locations">
<head>Locations</head>
<p>
               <rs type="found">
                  <placeName type="ancientFindspot" ref="http://atlantides.org/batlas/abrotonum-sabratha-35-e2" key="db659">Sabratha</placeName>:
                  <rs type="monuList" key="db853">Office Baths</rs> (Reg. V), re-used in the S Caldarium.</rs>
            </p>
<p>
               <rs type="origLocation">Unknown</rs>
            </p>
<p>
               <rs type="lastLocation">Findspot</rs>
            </p></div>



<div type="bibliography">
<head>Bibliography</head>
<p>Not previously published.</p></div>

<div type="history" subtype="text-constituted-from">
<head>Text constituted from</head>
<p>Transcription (Reynolds, Ward-Perkins)</p></div>

<div type="edition" lang="la">
<head lang="en">Text</head>
<ab>
               <lb n="1"/><persName type="emperor"><w lemma="imperator"><supplied reason="lost"><expan><abbr>Imp</abbr><ex>eratori</ex></expan></supplied></w>
               <name reg="Caesar" type="cognomen"><supplied reason="lost"><expan><abbr>Caes</abbr><ex>ari</ex></expan></supplied></name> 
                  <persName type="emperor"><w lemma="diuus"><supplied reason="lost"><w lemma="diuus">diui</w></supplied></w> <name reg="Hadrianus" type="cognomen"><supplied reason="lost">Hadriani</supplied></name></persName> <w lemma="filius"><supplied reason="lost">filio</supplied></w>
               <lb n="2"/><persName type="emperor"><supplied reason="lost"><w lemma="diuus">diui</w>
                  <name reg="Traianus" type="cognomen">Traiani</name></supplied> <name reg="Parthicus" type="cognomen"><supplied reason="lost">P</supplied>arthic<supplied reason="lost">i</supplied></name></persName> 
                  <supplied reason="lost"><w lemma="nepos"><expan><abbr>nep</abbr><ex>oti</ex></expan></w></supplied>
               <lb n="3"/><name reg="Titus" type="praenomen"><supplied reason="lost"><expan><abbr>T</abbr><ex>ito</ex></expan></supplied></name>
               <name reg="Aelius" type="gentilicium"><supplied reason="lost">Ae</supplied>lio</name>
               <lb n="4"/><name reg="Hadrianus" type="cognomen"><supplied reason="lost">Hadriano</supplied></name> <name reg="Antoninus" type="gentilicium">Anton<supplied reason="lost">ino</supplied></name>
               <lb n="5"/><name reg="Augustus" type="cognomen"><supplied reason="lost"><expan><abbr>Aug</abbr><ex>usto</ex></expan></supplied></name> 
                  <name reg="Pius" type="cognomen"><supplied reason="lost">Pio</supplied></name></persName>
                  <supplied reason="lost"><w lemma="tribunicius"><expan><abbr>trib</abbr><ex>unicia</ex></expan></w> 
                     <w lemma="potestas"><expan><abbr>pot</abbr><ex>estate</ex></expan></w></supplied> <num><gap reason="lost" extent="1" extentmax="3"/>II</num> 
               <w lemma="imperator"><expan><abbr>imp</abbr><ex>eratori</ex></expan></w> <num value="2">II</num>  
               <w lemma="consul"><expan><abbr>c</abbr><supplied reason="lost"><abbr>o</abbr><ex>n</ex><abbr>s</abbr><ex>uli</ex></supplied></expan></w> 
               <num><gap reason="lost" extent="1" extentmax="4" unit="character"/></num>
               <supplied reason="lost"><w lemma="pater"><expan><abbr>p</abbr><ex>atri</ex></expan></w>
                  <w lemma="patria"><expan><abbr>p</abbr><ex>atriae</ex></expan></w></supplied>
               <lb n="6"/><placeName type="ethnic" reg="Sabrathensis"><supplied reason="lost">Sabrathense</supplied>s</placeName> <w lemma="publice">publi<supplied reason="lost">ce</supplied></w>
            </ab></div>



<div type="translation">
<head>Translation</head>
<p><supplied reason="lost">To Emperor Caesar, son of deified Hadrian, grandson of deified Trajan, victor</supplied> in 
               Parthia, <supplied reason="lost">Titus Ae</supplied>lius <supplied reason="lost">Hadrianus</supplied> Antoninus <supplied reason="lost">Augustus, Pius, 
               holding tribunician power for the  . . . time</supplied>, acclaimed victor twice, c<supplied reason="lost">onsul . . .  times, father of the country</supplied>; the people of 
               Sabratha <supplied reason="subaudible">set this up</supplied> publicly.</p></div>

<div type="commentary">
<head>Commentary</head>
<p>l. 5. Antoninus Pius was <foreign lang="la">Imp. II</foreign> c. 143.</p></div>

<div type="figure">
<head>Photographs</head>
<p>
<figure href="0023"><figDesc>Ward-Perkins Archive, BSR (BSR 48.XX.11)</figDesc></figure></p></div></body></text></TEI.2>
