<?xml version="1.0" encoding="UTF-8"?>
<!DOCTYPE TEI.2 SYSTEM "http://www.stoa.org/epidoc/dtd/6/tei-epidoc.dtd">
<TEI.2 lang="en" id="IRT041"><teiHeader><fileDesc><titleStmt><title><rs type="textType">Dedication</rs> to the Indulgentia of Severus Alexander</title><editor>J. M. Reynolds</editor><editor>J. B. Ward-Perkins</editor></titleStmt><publicationStmt>
<p>Creative Commons licence Attribution UK 2.0 (<xref>http://creativecommons.org/licenses/by/2.0/uk/</xref>). </p>
<p>All reuse or distribution of this work must contain somewhere a link back to the URL <xref>http://irt.kcl.ac.uk/</xref>
            </p></publicationStmt><sourceDesc>
<p>Republished from <bibl id="irt1952">
                  <author>J. M. Reynolds</author> and <author>J. B. Ward-Perkins</author>, <title level="m">The Inscriptions of Roman Tripolitania</title>, <pubPlace>Rome</pubPlace>: <publisher>British
                  School at Rome</publisher>, <date>1952</date>. </bibl>
            </p></sourceDesc></fileDesc><encodingDesc>
<p>Marked-up according to the EpiDoc Guidelines version 5 <xref>http://www.stoa.org/epidoc/gl/5/</xref>
         </p></encodingDesc><profileDesc><langUsage><language id="ar">Arabic</language><language id="en">English</language><language id="fr">French</language><language id="de">German</language><language id="grc">Ancient Greek</language><language id="grc-Latn">Transliterated Greek</language><language id="el">Modern Greek</language><language id="he">Hebrew</language><language id="it">Italian</language><language id="la">Latin</language><language id="phn-LY">Punic</language><language id="ber-Latn">Native Libyan language in Latin script</language></langUsage><textClass/><textClass><keywords><term>
                  <geogName type="ancientRegion" key="Tripolitania">Tripolitania</geogName>
               </term><term>
                  <geogName type="modernCountry" key="LY">Libya</geogName>
               </term><term>
                  <placeName type="modernFindspot" key="http://www.geonames.org/2208578/marsa-zawaghah.html">Marsa Zawaghah</placeName>
               </term><term><rs type="textType" cert="low">munera</rs></term></keywords></textClass></profileDesc><revisionDesc>
<change><date>2008-09-09</date><respStmt><name>ZA</name></respStmt><item>converted using CHET-C</item></change>
<change><date>2009-05-19</date><respStmt><name>RV</name></respStmt><item>Added Figures</item></change>
<change><date>2009-08-24</date><respStmt><name>RV</name></respStmt><item>Added Figures</item></change></revisionDesc></teiHeader><text><body>

<div type="description" subtype="monument">
<head>Description of Monument</head>
<p> The upper part of a <rs type="objectType">panel</rs> of <rs type="material">white marble</rs> 
               (<rs type="dimensions"><measure unit="metre" type="length" dim="width">1.20</measure><measure unit="metre" type="length" dim="height">0.55</measure><measure unit="metre" type="length" dim="depth">0.02</measure></rs>).</p></div>

<div type="description" subtype="text">
<head>Description of Text</head>
<p>Inscribed on one face.</p></div>

<div type="description" subtype="letters">
<head>Description of Letters</head>
<p> Lapidary capitals: <measure unit="metre" type="length" dim="height">0.09</measure>. Traces of red paint in the letters. </p></div>

<div type="description" subtype="date">
<head>Date</head>
<p>
               <date type="textDate" notBefore="0226-12-10" notAfter="0227-12-09" exact="both">A.D. 226-227.</date>(<rs type="criteria">titulature</rs>)
            </p></div>

<div type="history" subtype="locations">
<head>Locations</head>
<p>
               <rs type="found">
                  <placeName type="ancientFindspot" ref="http://atlantides.org/batlas/abrotonum-sabratha-35-e2" key="db659">Sabratha</placeName>:  
                  The <rs type="monuList" key="db852">North Forum Portico</rs>. Re-used, when already broken, as a paving slab in the late IV cent. paving at the W end of the portico, 
                  where the impression still survives. See also <xref type="inscription">23</xref>, <xref type="inscription">27</xref>, <xref type="inscription">43</xref>, <xref type="inscription">95</xref>. </rs>
            </p>
<p>
               <rs type="origLocation">Unknown</rs>
            </p>
<p>
               <rs type="lastLocation"> <rs type="monuList" key="db660">Sabratha Museum</rs>.</rs>
            </p></div>


<div type="bibliography">
<head>Bibliography</head>
<p> <bibl><author>Bartoccini</author>, <xptr from="quaderni"/> <biblScope>I:54</biblScope></bibl>.</p></div>

<div type="history" subtype="text-constituted-from">
<head>Text constituted from</head>
<p>Transcription (Reynolds, Ward-Perkins)</p></div>

<div type="edition" lang="la">
<head lang="en">Text</head>
<ab>
               <lb n="1"/><w lemma="indulgentia"><app type="previouslyread"><lem>Indu</lem><rdg><gap reason="lost" extent="4" unit="character"/></rdg></app><supplied reason="lost">l</supplied>gentiae</w>
               <lb n="2"/><del rend="erasure"><w lemma="imperator"><expan><abbr>Imp</abbr><ex>eratoris</ex></expan></w></del> 
               <persName type="emperor"><del rend="erasure"><name reg="Caesar" type="cognomen"><expan><abbr><supplied reason="lost">Ca</supplied>es</abbr><ex>aris</ex></expan></name> 
                  <name reg="Marcus" type="praenomen"><expan><abbr>M</abbr><ex>arci</ex></expan></name> <name reg="Aurelius" type="gentilicium">Aureli</name> <name reg="Seuerus" type="cognomen">Seueri</name></del>
               <lb n="3"/><del rend="erasure"><name reg="Alexander" type="praenomen">Alexandri</name> <name reg="Pius" type="cognomen">Pii</name> <name reg="Felix" type="cognomen">Felicis</name></del>
               <lb n="4"/><del rend="erasure"><name reg="Augustus" type="cognomen">A<supplied reason="lost">ugust</supplied>i</name></del></persName>
               <w lemma="pontifex"><expan><abbr>pontif</abbr><ex>icis</ex></expan></w> 
               <w lemma="magnus"><expan><abbr>max</abbr><ex>imi</ex></expan></w>
               <lb n="5"/><supplied reason="lost"><w lemma="tribunicius"><expan><abbr>tribun</abbr><ex>icia</ex></expan></w></supplied> 
               <w lemma="potestas"><expan><abbr><supplied reason="lost">pot</supplied>est</abbr><ex>ate</ex></expan></w> 
               <num value="6"><unclear>V</unclear>I</num> 
               <w lemma="consul"><expan><abbr>co</abbr><ex>n</ex><abbr>s</abbr><ex>ulis</ex></expan></w> 
               <num value="2">II</num>
               <w lemma="pater"><expan><abbr>p</abbr><ex>atris</ex></expan></w> 
               <w lemma="patria"><expan><abbr>p</abbr><ex>atriae</ex></expan></w>
               <lb n="6"/><gap reason="lost" extent="1" unit="line"/>
            </ab></div>

<div type="apparatus">
<head>Apparatus</head>
<p>
               <app loc="1"><lem>INDV</lem><note>These four letters are now lost, but the impression survives.</note></app>
            </p>
<p>
               <app loc="2-3"><note>Erased with continuous horizontal strokes after his death in 235.</note></app>
            </p></div>

<div type="translation">
<head>Translation</head>
<p>To the indulgent behaviour of the Emperor Caesar Marcus Aurelius Severus Alexander, Pius, Felix, Augustus, 
               chief priest, holding tribunician power for the sixth time, consul twice, father of the country<gap reason="lost"/> </p></div>

<div type="commentary">
<head>Commentary</head>
<p>l. 5. trib. pot. VI. 10 Dec. 226-9 Dec 227.</p></div>

<div type="figure">
<head>Photographs</head>
<p>
<figure href="0060"><figDesc>Ward-Perkins Archive, BSR (BSR 48.XI.12)</figDesc></figure>
<figure href="0061"><figDesc>Ward-Perkins Archive, BSR (Sopr. DS 831 Leica)</figDesc></figure></p></div></body></text></TEI.2>
