<?xml version="1.0" encoding="UTF-8"?>
<!DOCTYPE TEI.2 SYSTEM "http://www.stoa.org/epidoc/dtd/6/tei-epidoc.dtd">
<TEI.2 lang="en" id="IRT024"><teiHeader><fileDesc><titleStmt><title><rs type="textType">Dedication</rs> to Marcus Aurelius</title><editor>J. M. Reynolds</editor><editor>J. B. Ward-Perkins</editor></titleStmt><publicationStmt>
<p>Creative Commons licence Attribution UK 2.0 (<xref>http://creativecommons.org/licenses/by/2.0/uk/</xref>). </p>
<p>All reuse or distribution of this work must contain somewhere a link back to the URL <xref>http://irt.kcl.ac.uk/</xref>
            </p></publicationStmt><sourceDesc>
<p>Republished from <bibl id="irt1952">
                  <author>J. M. Reynolds</author> and <author>J. B. Ward-Perkins</author>, <title level="m">The Inscriptions of Roman Tripolitania</title>, <pubPlace>Rome</pubPlace>: <publisher>British
                  School at Rome</publisher>, <date>1952</date>. </bibl>
            </p></sourceDesc></fileDesc><encodingDesc>
<p>Marked-up according to the EpiDoc Guidelines version 5 <xref>http://www.stoa.org/epidoc/gl/5/</xref>
         </p></encodingDesc><profileDesc><langUsage><language id="ar">Arabic</language><language id="en">English</language><language id="fr">French</language><language id="de">German</language><language id="grc">Ancient Greek</language><language id="grc-Latn">Transliterated Greek</language><language id="el">Modern Greek</language><language id="he">Hebrew</language><language id="it">Italian</language><language id="la">Latin</language><language id="phn-LY">Punic</language><language id="ber-Latn">Native Libyan language in Latin script</language></langUsage><textClass/><textClass><keywords><term>
                  <geogName type="ancientRegion" key="Tripolitania">Tripolitania</geogName>
               </term><term>
                  <geogName type="modernCountry" key="LY">Libya</geogName>
               </term><term>
                  <placeName type="modernFindspot" key="http://www.geonames.org/2208578/marsa-zawaghah.html">Marsa Zawaghah</placeName>
               </term></keywords></textClass></profileDesc><revisionDesc>
<change><date>2008-09-09</date><respStmt><name>ZA</name></respStmt><item>converted using CHET-C</item></change>
<change><date>2009-05-19</date><respStmt><name>RV</name></respStmt><item>Added Figures</item></change>
<change><date>2009-08-24</date><respStmt><name>RV</name></respStmt><item>Added Figures</item></change></revisionDesc></teiHeader><text><body>

<div type="description" subtype="monument">
<head>Description of Monument</head>
<p> Two sections of a <rs type="material">marble</rs> <rs type="objectType">panel</rs>
               (approx. original width × surviving height 
               <rs type="dimensions"><measure unit="metre" type="length" dim="width">1.16</measure><measure unit="metre" type="length" dim="height">0.73</measure></rs>).</p></div>

<div type="description" subtype="text">
<head>Description of Text</head>
<p>Inscribed on one face.</p></div>

<div type="description" subtype="letters">
<head>Description of Letters</head>
<p>Lapidary capitals: line l, <measure unit="metre" type="length" dim="height">0.085</measure>;
               line 2, <measure unit="metre" type="length" dim="height">0.075</measure>;
               line 3, <measure unit="metre" type="length" dim="height">0.07</measure>;
               lines 4- 6, <measure unit="metre" type="length" dim="height">0.065</measure>; 
               line 8, <measure unit="metre" type="length" dim="height">0.055</measure>.</p></div>

<div type="description" subtype="date">
<head>Date</head>
<p>
               <date type="textDate" value="0178" precision="exact">A.D. 178</date>
               (<rs type="criteria">titulature</rs>)
            </p></div>

<div type="history" subtype="locations">
<head>Locations</head>
<p>
               <rs type="found">
                  <placeName type="ancientFindspot" ref="http://atlantides.org/batlas/abrotonum-sabratha-35-e2" key="db659">Sabratha</placeName>: 
                  <rs type="monuList" key="db832">Capitolium</rs>, found in the vaults; see note on <xref type="inscription">1</xref>.</rs></p>
<p>
               <rs type="origLocation">Unknown</rs>
            </p>
<p>
               <rs type="lastLocation">Findspot</rs>
            </p></div>



<div type="bibliography">
<head>Bibliography</head>
<p>Not previously published.</p></div>

<div type="history" subtype="text-constituted-from">
<head>Text constituted from</head>
<p>Transcription (Reynolds, Ward-Perkins)</p></div>

<div type="edition" lang="la">
<head lang="en">Text</head>
<ab>
               <lb n="1"/><w lemma="imperator"><expan><abbr>Imp</abbr><ex>eratori</ex></expan></w> 
               <persName type="emperor"><name reg="Caesar" type="cognomen">C<supplied reason="lost">aesari</supplied> </name>
               <name reg="Marcus" type="praenomen"><expan><abbr>M</abbr><ex>arco</ex></expan></name> <name reg="Aurelius" type="gentilicium">Aurelio</name>
               <lb n="2"/><name reg="Antoninus" type="gentilicium">Anton<supplied reason="lost">ino</supplied></name> 
               <supplied reason="lost"><name reg="Augustus" type="cognomen"><expan><abbr>Aug</abbr><ex>usto</ex></expan></name></supplied> <name reg="Armeniacus" type="cognomen">Armeniaco</name>
               <lb n="3"/><name reg="Medicus" type="cognomen">Medic<supplied reason="lost">o</supplied></name> 
               <supplied reason="lost"><name reg="Parthicus" type="cognomen"><expan><abbr>Parth</abbr><ex>ico</ex></expan></name></supplied> 
               <w lemma="magnus"><expan><abbr>max</abbr><ex>imo</ex></expan></w> 
               <name reg="Germanicus" type="cognomen"><expan><abbr>Germ</abbr><ex>anico</ex></expan></name> 
                  <name reg="Sarmaticus" type="cognomen"><expan><abbr>Sarm</abbr><ex>atico</ex></expan></name></persName>
               <lb n="4"/><supplied reason="lost"><w lemma="pontifex"><expan><abbr>pont</abbr><ex>ifici</ex></expan></w> 
                  <w lemma="magnus"><expan><abbr>max</abbr><ex>imo</ex></expan></w> 
                  <w lemma="tribunicius"><expan><abbr>trib</abbr><ex>unicia</ex></expan></w></supplied> 
                  <w lemma="potestas"><expan><abbr><supplied reason="lost">po</supplied>test</abbr><ex>ate</ex></expan></w> 
               <num value="32">XXXII</num> 
               <w lemma="imperator"><expan><abbr>imp</abbr><ex>eratori</ex></expan></w>  
               <num value="9">VIIII</num>
               <lb n="5"/><supplied reason="lost"><w lemma="consul"><expan><abbr>co</abbr><ex>n</ex><abbr>s</abbr><ex>uli</ex></expan></w> 
                  <num value="3">III</num> 
                  <w lemma="pater"><expan><abbr>p</abbr><ex>atri</ex></expan></w> 
                  <w lemma="patria"><expan><abbr>p</abbr><ex>atriae</ex></expan></w></supplied> 
               <persName type="emperor"><supplied reason="lost"><w lemma="diuus">diui</w></supplied> 
                  <name reg="Antoninus" type="gentilicium"><supplied reason="lost">Anto</supplied>nini</name> <name reg="Pius" type="cognomen">Pii</name></persName> 
               <w lemma="filius"><expan><abbr>fil</abbr><ex>io</ex></expan></w> 
               <persName type="emperor"><w lemma="diuus">diui</w>
               <lb n="6"/><supplied reason="lost"><name reg="Verus" type="cognomen">Veri</name> <name reg="Parthicus" type="cognomen"><expan><abbr>Parth</abbr><ex>ici</ex></expan></name>
                  <w lemma="magnus"><expan><abbr>max</abbr><ex>imi</ex></expan></w></supplied></persName> 
               <w lemma="frater"><supplied reason="lost">frat</supplied>ri</w> 
               <persName type="emperor"><w lemma="diuus">diui</w> <name reg="Hadrianus" type="cognomen"><expan><abbr>Hadr</abbr><ex>iani</ex></expan></name></persName> 
                  <w lemma="nepos"><expan><abbr>n</abbr><ex>epoti</ex></expan></w> 
               <persName type="emperor"><w lemma="diuus">diui</w>
               <lb n="7"/><supplied reason="lost"><name reg="Traianus" type="cognomen">Traiani</name></supplied></persName> 
               <supplied reason="lost"><w lemma="pronepos"><expan><abbr>pronep</abbr><ex>oti</ex></expan></w></supplied> 
               <persName type="emperor"><w lemma="diuus"><supplied reason="lost">diu</supplied>i</w> <name reg="Nerua" type="cognomen">Ner<supplied reason="lost">uae</supplied></name></persName>
               <w lemma="abnepos">abnepo<supplied reason="lost">ti</supplied></w> <gap reason="lost" extent="unknown" unit="character"/>
            </ab></div>



<div type="translation">
<head>Translation</head>
<p>To Emperor Caesar, Marcus Aurelius Antoninus <supplied reason="lost">Augustus</supplied>, victor in Armenia, victor in Media, greatest victor in Parthia, 
               victor in Germany, <supplied reason="lost">chief priest, holding tribunician</supplied> power for the thirty second time, acclaimed victor nine times, 
               <supplied reason="lost">consul three times, father of the country, son of deified</supplied> Antoninus Pius, brother <supplied reason="lost">of</supplied> 
               deified <supplied reason="lost">Verus, greatest victor in Parthia,</supplied> grandson of deified Hadrian, <supplied reason="lost">great grandson of</supplied> 
               deified <supplied reason="lost">Trajan</supplied>, great great grandson <supplied reason="lost">of deified</supplied> Nerva <gap reason="lost"/></p></div>

<div type="commentary">
<head>Commentary</head>
<p>l. 4. <foreign lang="la">trib. pot. XXXII</foreign>: 10 Dec. 177 - 9 Dec. 178. </p></div>

<div type="figure">
<head>Photographs</head>
<p>
<figure href="0033"><figDesc>Ward-Perkins Archive, BSR (Sopr. DS 789 Leica)</figDesc></figure></p></div></body></text></TEI.2>
