<?xml version="1.0" encoding="UTF-8"?>
<!DOCTYPE TEI.2
  SYSTEM "http://www.stoa.org/epidoc/dtd/6/tei-epidoc.dtd">
<TEI.2 lang="en" id="IRT085"><teiHeader><fileDesc><titleStmt><title><rs type="textType">Dedication</rs> to third/fourth century emperor </title><editor>J. M. Reynolds</editor><editor>J. B. Ward-Perkins</editor></titleStmt><publicationStmt>
<p>Creative Commons licence Attribution UK 2.0 (<xref>http://creativecommons.org/licenses/by/2.0/uk/</xref>). </p>
<p>All reuse or distribution of this work must contain somewhere a link back to the URL <xref>http://irt.kcl.ac.uk/</xref>
            </p></publicationStmt><sourceDesc>
<p>Republished from <bibl id="irt1952">
                  <author>J. M. Reynolds</author> and <author>J. B. Ward-Perkins</author>, <title level="m">The Inscriptions of Roman Tripolitania</title>, <pubPlace>Rome</pubPlace>: <publisher>British
                  School at Rome</publisher>, <date>1952</date>. </bibl>
            </p></sourceDesc></fileDesc><encodingDesc>
<p>Marked-up according to the EpiDoc Guidelines version 5 <xref>http://www.stoa.org/epidoc/gl/5/</xref>
         </p></encodingDesc><profileDesc><langUsage><language id="ar">Arabic</language><language id="en">English</language><language id="fr">French</language><language id="de">German</language><language id="grc">Ancient Greek</language><language id="grc-Latn">Transliterated Greek</language><language id="el">Modern Greek</language><language id="he">Hebrew</language><language id="it">Italian</language><language id="la">Latin</language><language id="phn-LY">Punic</language><language id="ber-Latn">Native Libyan language in Latin script</language></langUsage><textClass/><textClass><keywords><term>
                  <geogName type="ancientRegion" key="Tripolitania">Tripolitania</geogName>
               </term><term>
                  <geogName type="modernCountry" key="LY">Libya</geogName>
               </term><term>
                  <placeName type="modernFindspot" key="http://www.geonames.org/2208578/marsa-zawaghah.html">Marsa Zawaghah</placeName>
               </term></keywords></textClass></profileDesc><revisionDesc>
<change><date>2009-01-14</date><respStmt><name>NU</name></respStmt><item>converted using CHET-C</item></change>
<change><date>2009-05-19</date><respStmt><name>RV</name></respStmt><item>Added Figures</item></change>
<change><date>2009-08-24</date><respStmt><name>RV</name></respStmt><item>Added Figures</item></change></revisionDesc></teiHeader><text><body>
<div type="description" subtype="monument">
<head>Description of Monument</head>
<p> Upper left-hand corner of a <rs type="objectType">panel</rs> 
               (<rs type="dimensions"><measure dim="width">0.44</measure>
               <measure unit="metre" type="length" dim="height">0.44</measure></rs>) 
               of <rs type="material">cream marble</rs>, 
               </p></div>
<div type="description" subtype="text">
<head>Description of Text</head>
<p>Inscribed on the panel face; <xref type="inscription">186</xref> was inscribed on the reverse face.</p></div>
<div type="description" subtype="letters">
<head>Description of Letters</head>
<p> Third to fourth centuries capitals: line 1, <measure unit="metre" type="length" dim="height">0.045</measure>; line 2, <measure unit="metre" type="length" dim="height">0.055</measure>; lines 3 and 4, <measure unit="metre" type="length" dim="height">0.05</measure>. </p></div>
<div type="description" subtype="date">
<head>Date</head>
<p>
               <date type="textDate" notBefore="0250" notAfter="0400" exact="none"> Third to fourth centuries A.D.</date>
            (<rs type="criteria">lettering</rs>)</p></div>
<div type="history" subtype="locations">
<head>Locations</head>
<p>
               <rs type="found">
                  <placeName type="ancientFindspot" ref="http://atlantides.org/batlas/abrotonum-sabratha-35-e2" key="db659">Sabratha</placeName>:  
                  <rs type="monuList" key="db828">Amphitheatre</rs>, in the underground corridor which bisects the arena (Bartoccini, MS notes)</rs>
            </p>
<p>
               <rs type="origLocation">Unknown</rs>
            </p>
<p>
               <rs type="lastLocation"> <rs type="monuList" key="db660">Sabratha Museum</rs>. </rs>
            </p></div>

<div type="bibliography">
<head>Bibliography</head>
<p>Not previously published.</p></div>
<div type="history" subtype="text-constituted-from">
<head>Text constituted from</head>
<p>Transcription (Reynolds, Ward-Perkins)</p></div>
<div type="edition" lang="la">
<head lang="en">Text</head>
<ab>
               <lb n="1"/><w lemma="restitutor">Restitutor<supplied reason="lost">i</supplied></w>
               <gap reason="lost" extent="unknown" unit="character"/>
               <lb n="2"/><w lemma="humanus">humani</w> 
               <w lemma="genus">gen<supplied reason="lost">eris</supplied></w>
               <gap reason="lost" extent="unknown" unit="character"/>
               <lb n="3"/><w lemma="atque">ac</w> 
               <w lemma="super">super</w> 
               <w lemma="omnis">omn<supplied reason="lost">es</supplied></w>
               <gap reason="lost" extent="unknown" unit="character"/>
               <w lemma="indulgeo"><supplied reason="lost">indul</supplied><lb n="4" type="worddiv"/>gentissimo</w> 
               <w lemma="princeps"><supplied reason="lost">principi</supplied></w>
               <gap reason="lost" extent="unknown" unit="character"/>
               <lb n="5"/><w part="M">b</w><gap reason="lost" extent="unknown" unit="character"/>
               <lb n="6"/><w lemma="dominus"><expan><abbr>d</abbr><ex>omino</ex></expan></w> 
               <w lemma="noster"><expan><abbr>n</abbr><ex>ostro</ex></expan></w> 
               <gap reason="lost" extent="unknown" unit="character"/>
            </ab></div>
<div type="translation">
<head>Translation</head>
<p>To the restorer  <gap reason="lost"/> of the human race <gap reason="lost"/> and above all <supplied reason="subaudible">others</supplied><gap reason="lost"/> most indulgent emperor <gap reason="lost"/>, our lord, <gap reason="lost"/></p></div>
<div type="commentary">
<head>Commentary</head>
<p>No comment.</p></div>
<div type="figure">
<head>Photographs</head>
<p>
<figure href="0114"><figDesc>Ward-Perkins Archive, BSR (BSR 48.XVIII.23)</figDesc></figure>
<figure href="0169"><figDesc>Ward-Perkins Archive, BSR (Sopr. DS 820 Leica)</figDesc></figure>
<figure href="0188"><figDesc>Ward-Perkins Archive, BSR (BSR 48.XI.19)</figDesc></figure></p></div></body></text></TEI.2>