<?xml version="1.0" encoding="UTF-8"?>
<!DOCTYPE TEI.2
  SYSTEM "http://www.stoa.org/epidoc/dtd/6/tei-epidoc.dtd">
<TEI.2 lang="en" id="IRT005"><teiHeader><fileDesc><titleStmt><title> <rs type="textType">Dedication</rs> to the Genius of Augustus </title><editor>J. M. Reynolds</editor><editor>J. B. Ward-Perkins</editor></titleStmt><publicationStmt>
<p>Creative Commons licence Attribution UK 2.0 (<xref>http://creativecommons.org/licenses/by/2.0/uk/</xref>). </p>
<p>All reuse or distribution of this work must contain somewhere a link back to the URL <xref>http://irt.kcl.ac.uk/</xref>
            </p></publicationStmt><sourceDesc>
<p>Republished from <bibl id="irt1952">
                  <author>J. M. Reynolds</author> and <author>J. B. Ward-Perkins</author>, <title level="m">The Inscriptions of Roman Tripolitania</title>, <pubPlace>Rome</pubPlace>: <publisher>British
                  School at Rome</publisher>, <date>1952</date>. </bibl>
            </p></sourceDesc></fileDesc><encodingDesc>
<p>Marked-up according to the EpiDoc Guidelines version 5 <xref>http://www.stoa.org/epidoc/gl/5/</xref>
         </p></encodingDesc><profileDesc><langUsage><language id="ar">Arabic</language><language id="en">English</language><language id="fr">French</language><language id="de">German</language><language id="grc">Ancient Greek</language><language id="grc-Latn">Transliterated Greek</language><language id="el">Modern Greek</language><language id="he">Hebrew</language><language id="it">Italian</language><language id="la">Latin</language><language id="phn-LY">Punic</language><language id="ber-Latn">Native Libyan language in Latin script</language></langUsage><textClass/><textClass><keywords><term>
                  <geogName type="ancientRegion" key="Tripolitania">Tripolitania</geogName>
               </term><term>
                  <geogName type="modernCountry" key="LY">Libya</geogName>
               </term><term>
                  <placeName type="modernFindspot" key="http://www.geonames.org/2208578/marsa-zawaghah.html">Marsa Zawaghah</placeName>
               </term></keywords></textClass></profileDesc><revisionDesc>
<change><date>2008-09-09</date><respStmt><name>ZA</name></respStmt><item>converted using CHET-C</item></change>
<change><date>2009-05-19</date><respStmt><name>RV</name></respStmt><item>Added Figures</item></change>
<change><date>2009-08-24</date><respStmt><name>RV</name></respStmt><item>Added Figures</item></change></revisionDesc></teiHeader><text><body>
<div type="description" subtype="monument">
<head>Description of Monument</head>
<p>Upper part of a moulded <rs type="objectType">base</rs> (width x surviving height x depth 
               <rs type="dimensions"><measure dim="width">0.38</measure><measure unit="metre" type="length" dim="height">0.47</measure><measure unit="metre" type="length" dim="depth">0.35</measure></rs>)
               of coarse <rs type="material">grey limestone</rs>. </p></div>
<div type="description" subtype="text">
<head>Description of Text</head>
<p>Inscribed on one face within a moulded panel
               (die <rs type="dimensions"><measure dim="width">0.15</measure><measure dim="height">0.28</measure></rs>); 
               decorated on two sides with <rs type="decoration">simple scroll and bird ornament</rs>.
               Socket for statue above.</p></div>
<div type="description" subtype="letters">
<head>Description of Letters</head>
<p>Third century capitals: <measure unit="metre" type="length" dim="height">0.035</measure>. </p></div>
<div type="description" subtype="date">
<head>Date</head>
<p>
               <date type="textDate" notBefore="0201" notAfter="0300" exact="none">Third century A.D.</date>
               (<rs type="criteria">lettering</rs>)
            </p></div>
<div type="history" subtype="locations">
<head>Locations</head>
<p>
               <rs type="found">
                  <placeName type="ancientFindspot" ref="http://atlantides.org/batlas/abrotonum-sabratha-35-e2" key="db659">Sabratha</placeName>:
                  <rs type="monuList" key="db856">Reg. II</rs>: in the open space between ins. 12 and 13</rs>
            </p>
<p>
               <rs type="origLocation">Unknown</rs>
            </p>
<p>
               <rs type="lastLocation"><rs type="monuList" key="db660">Sabratha Museum</rs>.</rs>
            </p></div>

<div type="bibliography">
<head>Bibliography</head>
<p>Not previously published.</p></div>
<div type="history" subtype="text-constituted-from">
<head>Text constituted from</head>
<p>Transcription (Reynolds, Ward-Perkins)</p></div>
<div type="edition" lang="la">
<head lang="en">Text</head>
<ab>
               <lb n="1"/><persName type="divine"><w lemma="genius">Genio</w></persName>
               <lb n="2"/><w lemma="frugifer">frugi<lb n="3" type="worddiv"/>fero</w> <sic>a</sic>
               <lb n="4"/><persName type="emperor"><name reg="Augustus" type="cognomen"><expan><abbr>Aug</abbr><ex>usti</ex></expan></name></persName>
               <lb n="5"/><persName type="attested"><name reg="Iunius" type="gentilicium">Iunius</name>
               <lb n="6"/><name reg="Crescens" type="cognomen">Cres<lb n="7" type="worddiv"/>c<supplied reason="lost">e</supplied></name>n<unclear>s</unclear></persName>
               <lb n="8"/><gap reason="lost" extent="1" unit="line"/>
            </ab></div>
<div type="translation">
<head>Translation</head>
<p>To the fruit-bearing Genius of Augustus; Junius Crescens <supplied reason="subaudible">gave and dedicated this</supplied>. </p></div>
<div type="commentary">
<head>Commentary</head>
<p>No comment.</p></div>
<div type="figure">
<head>Photographs</head>
<p>
<figure href="0006"><figDesc>Ward-Perkins Archive, BSR (BSR 47.VIII.26 (left side))</figDesc></figure>
<figure href="0007"><figDesc>Ward-Perkins Archive, BSR (BSR 48.XVIII.34)</figDesc></figure></p></div></body></text></TEI.2>