<?xml version="1.0" encoding="UTF-8"?>
<!DOCTYPE TEI.2 SYSTEM "http://www.stoa.org/epidoc/dtd/6/tei-epidoc.dtd">
<TEI.2 lang="en" id="IRT050"><teiHeader><fileDesc><titleStmt><title><rs type="textType">Dedication</rs> to Gallienus and Cornelia Salonina  by Sabratha</title><editor>J. M. Reynolds</editor><editor>J. B. Ward-Perkins</editor></titleStmt><publicationStmt>
<p>Creative Commons licence Attribution UK 2.0 (<xref>http://creativecommons.org/licenses/by/2.0/uk/</xref>). </p>
<p>All reuse or distribution of this work must contain somewhere a link back to the URL <xref>http://irt.kcl.ac.uk/</xref>
            </p></publicationStmt><sourceDesc>
<p>Republished from <bibl id="irt1952">
                  <author>J. M. Reynolds</author> and <author>J. B. Ward-Perkins</author>, <title level="m">The Inscriptions of Roman Tripolitania</title>, <pubPlace>Rome</pubPlace>: <publisher>British
                  School at Rome</publisher>, <date>1952</date>. </bibl>
            </p></sourceDesc></fileDesc><encodingDesc>
<p>Marked-up according to the EpiDoc Guidelines version 5 <xref>http://www.stoa.org/epidoc/gl/5/</xref>
         </p></encodingDesc><profileDesc><langUsage><language id="ar">Arabic</language><language id="en">English</language><language id="fr">French</language><language id="de">German</language><language id="grc">Ancient Greek</language><language id="grc-Latn">Transliterated Greek</language><language id="el">Modern Greek</language><language id="he">Hebrew</language><language id="it">Italian</language><language id="la">Latin</language><language id="phn-LY">Punic</language><language id="ber-Latn">Native Libyan language in Latin script</language></langUsage><textClass/><textClass><keywords><term>
                  <geogName type="ancientRegion" key="Tripolitania">Tripolitania</geogName>
               </term><term>
                  <geogName type="modernCountry" key="LY">Libya</geogName>
               </term><term>
                  <placeName type="modernFindspot" key="http://www.geonames.org/2208578/marsa-zawaghah.html">Marsa Zawaghah</placeName>
               </term></keywords></textClass></profileDesc><revisionDesc>
<change><date>2008-09-09</date><respStmt><name>ZA</name></respStmt><item>converted using CHET-C</item></change>
<change><date>2009-05-19</date><respStmt><name>RV</name></respStmt><item>Added Figures</item></change>
<change><date>2009-08-24</date><respStmt><name>RV</name></respStmt><item>Added Figures</item></change></revisionDesc></teiHeader><text><body>

<div type="description" subtype="monument">
<head>Description of Monument</head>
<p> <rs type="material">Marble</rs> <rs type="objectType">panel</rs> 
               (<rs type="dimensions"><measure unit="metre" type="length" dim="width">1.74</measure><measure unit="metre" type="length" dim="height">0.90</measure></rs>) broken at the left side. </p></div>

<div type="description" subtype="text">
<head>Description of Text</head>
<p>Inscribed on one face.</p></div>

<div type="description" subtype="letters">
<head>Description of Letters</head>
<p>Third century capitals: <measure unit="metre" type="length" dim="height">0.09</measure>. Traces of red paint in the lettering. </p></div>

<div type="description" subtype="date">
<head>Date</head>
<p>
               <date type="textDate" notBefore="0265-12-10" notAfter="0266-12-09" exact="both">A.D. 265-266</date> (<rs type="criteria">titulature</rs>).
            </p></div>

<div type="history" subtype="locations">
<head>Locations</head>
<p>
               <rs type="found">
                  <placeName type="ancientFindspot" ref="http://atlantides.org/batlas/abrotonum-sabratha-35-e2" key="db659">Sabratha</placeName>:
                  <rs type="monuList" key="db832">Capitolium</rs>, found in the vaults; see note on <xref type="inscription">1</xref>.</rs></p>
<p>
               <rs type="origLocation">Unknown</rs>
            </p>
<p>
               <rs type="lastLocation">Findspot</rs>
            </p></div>



<div type="bibliography">
<head>Bibliography</head>
<p><bibl><xptr from="quaderni"/> <biblScope>I:52</biblScope></bibl>.</p></div>

<div type="history" subtype="text-constituted-from">
<head>Text constituted from</head>
<p>Transcription (Reynolds, Ward-Perkins)</p></div>

<div type="edition" lang="la">
<head lang="en">Text</head>
<ab>
               <lb n="1"/><w lemma="imperator"><expan><abbr>Im<supplied reason="lost">p</supplied></abbr><ex>eratori</ex></expan></w> 
               <persName type="emperor"><name reg="Caesar" type="cognomen"><expan><abbr>Caes</abbr><ex>ari</ex></expan></name> 
               <name reg="Publius" type="praenomen"><expan><abbr>P</abbr><ex>ublio</ex></expan></name> <name reg="Licinius" type="gentilicium">Licinio</name> <name reg="Gallienus" type="cognomen">Gallieno</name>
                  <lb n="2"/><name reg="Pius" type="cognomen">Pii</name> 
              <name reg="Felix" type="cognomen">Felici</name> <name reg="Augustus" type="cognomen"><expan><abbr>Aug</abbr><ex>usto</ex></expan></name></persName> 
               <w lemma="dominus"><expan><abbr>d</abbr><ex>omino</ex></expan></w> 
               <w lemma="noster"><expan><abbr>n</abbr><ex>ostro</ex></expan></w> 
               <w lemma="pontifex">ponti<lb n="3" type="worddiv"/><supplied reason="lost">fici</supplied></w>
               <w lemma="magnus"><supplied reason="lost">maximo</supplied></w> 
               <w lemma="tribunicius"><expan><abbr><supplied reason="lost">t</supplied>rib</abbr><ex>unicia</ex></expan></w> 
               <w lemma="potestas"><expan><abbr>pot</abbr><ex>estate</ex></expan></w>
               <num value="14">XIIII</num>
               <w lemma="consul"><expan><abbr>co</abbr><ex>n</ex><abbr>s</abbr><ex>uli</ex></expan></w>    
               <lb n="4"/><supplied reason="lost"><num value="6">VI</num></supplied>
               <w lemma="designo"><supplied reason="lost">designa</supplied>to</w> <num value="7">VII</num> 
               <w lemma="pater"><expan><abbr>p</abbr><ex>atri</ex></expan></w> 
              <w lemma="patria"><expan><abbr>p</abbr><ex>atriae</ex></expan></w> 
               <w lemma="proconsul"><expan><abbr>proco</abbr><ex>n</ex><abbr>s</abbr><ex>uli</ex></expan></w>
               <lb n="5"/><supplied reason="lost"><w lemma="et">et</w></supplied>
               <persName type="emperor"><name reg="Cornelia" type="gentilicium"><supplied reason="lost">Corneli</supplied>ae</name> <name reg="Salonina" type="cognomen">Saloninae</name> 
               <name reg="Augusta" type="cognomen"><expan><abbr>Aug</abbr><ex>ustae</ex></expan></name></persName>
               <lb n="6"/><w lemma="coniunx"><supplied reason="lost">coniugi</supplied></w>
               <gap reason="lost" unit="character" precision="circa" extent="10"/>
               <persName type="emperor"><name reg="Gallienus" type="cognomen">Gallieni</name> <name reg="Augustus" type="cognomen"><expan><abbr>Aug</abbr><ex>usti</ex></expan></name></persName>
               <lb n="7"/><placeName type="ethnic" reg="Sabrathensis"><supplied reason="lost">Sabrathe</supplied>nses</placeName> <w lemma="publicus">public<add place="overstrike">a</add>e</w>
            </ab></div>

<div type="apparatus">
<head>Apparatus</head>
<p>
               <app loc="2"><lem>Pii <note>sic</note></lem></app>
            </p></div>

<div type="translation">
<head>Translation</head>
<p>To Emperor Caesar Publius Licinius Gallienus, Pius, Felix, Augustus, our lord, 
               <supplied reason="lost">chief</supplied> priest, holding tribunician power for the fourteenth time,
               consul <supplied reason="lost">for the sixth and designated</supplied> for the seventh time, father of the country, proconsul, 
               <supplied reason="lost">and Cornelia</supplied> Salonina Augusta <supplied reason="lost">wife</supplied> of 
               <gap reason="lost"/> Gallienus Augustus; the people of Sabratha <supplied reason="subaudible">set this up</supplied> publicly.</p></div>

<div type="commentary">
<head>Commentary</head>
<p>l. 3. trib. pot. XIIII. On the normal reckoning 10 Dec. 265-9 Dec. 266. Gallienus was cos. VII on 1 Jan. 266. But see <bibl><author>Alföldi </author>, <title level="j">JRS</title>  XXX (1940) 1 ff</bibl>.</p></div>

<div type="figure">
<head>Photographs</head>
<p>
<figure href="0067"><figDesc>Ward-Perkins Archive, BSR (Sopr. CS 217)</figDesc></figure>
<figure href="0071"><figDesc>Ward-Perkins Archive, BSR (Sopr. CS 217)</figDesc></figure>
<figure href="0072"><figDesc>Ward-Perkins Archive, BSR (Sopr. DS 256 Lastre)</figDesc></figure>
<figure href="0117"><figDesc>Ward-Perkins Archive, BSR (Sopr. CS 217)</figDesc></figure></p></div></body></text></TEI.2>
