<?xml version="1.0" encoding="UTF-8"?>
<!DOCTYPE TEI.2 SYSTEM "http://www.stoa.org/epidoc/dtd/6/tei-epidoc.dtd">
<TEI.2 lang="en" id="IRT075"><teiHeader><fileDesc><titleStmt><title><rs type="textType">Dedication</rs> to third century emperor </title><editor>J. M. Reynolds</editor><editor>J. B. Ward-Perkins</editor></titleStmt><publicationStmt>
<p>Creative Commons licence Attribution UK 2.0 (<xref>http://creativecommons.org/licenses/by/2.0/uk/</xref>). </p>
<p>All reuse or distribution of this work must contain somewhere a link back to the URL <xref>http://irt.kcl.ac.uk/</xref>
            </p></publicationStmt><sourceDesc>
<p>Republished from <bibl id="irt1952">
                  <author>J. M. Reynolds</author> and <author>J. B. Ward-Perkins</author>, <title level="m">The Inscriptions of Roman Tripolitania</title>, <pubPlace>Rome</pubPlace>: <publisher>British
                  School at Rome</publisher>, <date>1952</date>. </bibl>
            </p></sourceDesc></fileDesc><encodingDesc>
<p>Marked-up according to the EpiDoc Guidelines version 5 <xref>http://www.stoa.org/epidoc/gl/5/</xref>
         </p></encodingDesc><profileDesc><langUsage><language id="ar">Arabic</language><language id="en">English</language><language id="fr">French</language><language id="de">German</language><language id="grc">Ancient Greek</language><language id="grc-Latn">Transliterated Greek</language><language id="el">Modern Greek</language><language id="he">Hebrew</language><language id="it">Italian</language><language id="la">Latin</language><language id="phn-LY">Punic</language><language id="ber-Latn">Native Libyan language in Latin script</language></langUsage><textClass/><textClass><keywords><term>
                  <geogName type="ancientRegion" key="Tripolitania">Tripolitania</geogName>
               </term><term>
                  <geogName type="modernCountry" key="LY">Libya</geogName>
               </term><term>
                  <placeName type="modernFindspot" key="http://www.geonames.org/2208578/marsa-zawaghah.html">Marsa Zawaghah</placeName>
               </term></keywords></textClass></profileDesc><revisionDesc>
<change><date>2008-09-09</date><respStmt><name>ZA</name></respStmt><item>converted using CHET-C</item></change>
<change><date>2009-05-19</date><respStmt><name>RV</name></respStmt><item>Added Figures</item></change>
<change><date>2009-08-24</date><respStmt><name>RV</name></respStmt><item>Added Figures</item></change></revisionDesc></teiHeader><text><body>

<div type="description" subtype="monument">
<head>Description of Monument</head>
<p> Part of the left-hand side of a <rs type="material">marble</rs> 
               <rs type="objectType">panel</rs> 
               (<rs type="dimensions"><measure dim="width">0.38</measure>
               <measure unit="metre" type="length" dim="height">0.43</measure></rs>).</p></div>

<div type="description" subtype="text">
<head>Description of Text</head>
<p>Inscribed on one face.</p></div>

<div type="description" subtype="letters">
<head>Description of Letters</head>
<p>Third century capitals: <measure unit="metre" type="length" dim="height">0.06</measure>. </p></div>

<div type="description" subtype="date">
<head>Date</head>
<p>
               <date type="textDate" notBefore="201" notAfter="300" exact="none"> Third century A.D. </date>
            (<rs type="criteria">lettering</rs>)</p></div>

<div type="history" subtype="locations">
<head>Locations</head>
<p>
               <rs type="found">
                  <placeName type="ancientFindspot" ref="http://atlantides.org/batlas/abrotonum-sabratha-35-e2" key="db659">Sabratha</placeName>: 
                  <rs type="monuList" key="db832">Capitolium</rs>, found in the vaults; see note on <xref type="inscription">1</xref>.</rs></p>
<p>
               <rs type="origLocation">Unknown</rs>
            </p>
<p>
               <rs type="lastLocation">Findspot</rs>
            </p></div>



<div type="bibliography">
<head>Bibliography</head>
<p>Not previously published.</p></div>

<div type="history" subtype="text-constituted-from">
<head>Text constituted from</head>
<p>Transcription (Reynolds, Ward-Perkins)</p></div>

<div type="edition" lang="la">
<head lang="en">Text</head>
<ab>
               <lb n="1"/><persName type="emperor"><w lemma="imperator"><supplied reason="lost"><expan><abbr>Imp</abbr><ex>eratori</ex></expan></supplied></w> 
                  <name reg="Caesar" type="cognomen"><expan><abbr>Ca<unclear>e</unclear></abbr>
               <supplied reason="lost"><abbr>s</abbr><ex>ari</ex></supplied></expan></name>
               <gap reason="lost" extent="unknown" unit="character"/>
               <name reg="Pius" type="cognomen"><supplied reason="lost">Pio</supplied></name>
               <lb n="2"/><name reg="Felix" type="cognomen"><expan><supplied reason="lost"><abbr>Fe</abbr></supplied><abbr>lic</abbr><ex>i</ex></expan></name> 
                  <w lemma="inuictus">inui<supplied reason="lost">cto</supplied></w> 
               <name reg="Augustus" type="cognomen"><supplied reason="lost"><expan><abbr>Aug</abbr><ex>usto</ex></expan></supplied></name>
               <gap reason="lost" extent="unknown" unit="character"/>
               <lb n="3"/><w lemma="pontifex"><expan><supplied reason="lost"><abbr>po</abbr></supplied><abbr>nt</abbr><ex>ifici</ex></expan></w> 
                  <w lemma="magnus">maxi<supplied reason="lost">mo</supplied></w></persName>
               <gap reason="lost" extent="unknown" unit="character"/>
               <lb n="4"/><persName type="attested"><name reg="Valerius" type="gentilicium"><expan><abbr>Val</abbr><ex>erius</ex></expan></name> 
                  <name reg="Claudius" type="gentilicium">Cl<unclear>a</unclear><supplied reason="lost">udius</supplied></name></persName>
               <gap reason="lost" extent="unknown" unit="character"/>
               <lb n="5"/><w lemma="numen">numini</w> 
               <w lemma="maiestas">maie<supplied reason="lost">statique</supplied></w>  
               <w lemma="is"><supplied reason="lost">eius</supplied></w> 
               <w lemma="deuoueo"><supplied reason="lost">deuotissimus</supplied></w>
               <lb n="6"/><w lemma="curo"><expan><abbr>cur</abbr><ex>ante</ex></expan></w> 
               <persName type="attested"><name type="gentilicium" reg="Luc-">Lu<unclear>c</unclear><gap reason="lost" extent="unknown" unit="character"/></name></persName>
               
            </ab></div>

<div type="apparatus">
<head>Apparatus</head>
<p>
               <app><note> Or L. V o [ ...   
  </note></app>
            </p></div>

<div type="translation">
<head>Translation</head>
<p>To <supplied reason="lost">Emperor</supplied> Caesar <gap reason="lost"/><supplied reason="lost">Pius</supplied>, Felix, unconquered, <supplied reason="lost">Augustus,</supplied> <gap reason="lost"/>, chief priest, <gap reason="lost"/>; Valerius Claudius <gap reason="lost"/><supplied reason="lost">, deeply devoted to his</supplied> divine power and majesty. Luc<gap reason="lost"/>  <note>or Lucius Vo<gap reason="lost"/></note> supervised <supplied reason="subaudible">the project.</supplied> </p></div>

<div type="commentary">
<head>Commentary</head>
<p>No comment.</p></div>

<div type="figure">
<head>Photographs</head>
<p>
<figure href="0066"><figDesc>Ward-Perkins Archive, BSR (Sopr. DS 776 Leica)</figDesc></figure>
<figure href="0067"><figDesc>Ward-Perkins Archive, BSR (Sopr. CS 217)</figDesc></figure>
<figure href="0105"><figDesc>Ward-Perkins Archive, BSR (Sopr. DS 775 Leica)</figDesc></figure>
<figure href="0117"><figDesc>Ward-Perkins Archive, BSR (Sopr. CS 217)</figDesc></figure></p></div></body></text></TEI.2>
