<?xml version="1.0" encoding="UTF-8"?>
<!DOCTYPE TEI.2 SYSTEM "http://www.stoa.org/epidoc/dtd/6/tei-epidoc.dtd">
<TEI.2 lang="en" id="IRT047"><teiHeader><fileDesc><titleStmt><title><rs type="textType">Dedication</rs> to Maximinus </title><editor>J. M. Reynolds</editor><editor>J. B. Ward-Perkins</editor></titleStmt><publicationStmt>
<p>Creative Commons licence Attribution UK 2.0 (<xref>http://creativecommons.org/licenses/by/2.0/uk/</xref>). </p>
<p>All reuse or distribution of this work must contain somewhere a link back to the URL <xref>http://irt.kcl.ac.uk/</xref>
            </p></publicationStmt><sourceDesc>
<p>Republished from <bibl id="irt1952">
                  <author>J. M. Reynolds</author> and <author>J. B. Ward-Perkins</author>, <title level="m">The Inscriptions of Roman Tripolitania</title>, <pubPlace>Rome</pubPlace>: <publisher>British
                  School at Rome</publisher>, <date>1952</date>. </bibl>
            </p></sourceDesc></fileDesc><encodingDesc>
<p>Marked-up according to the EpiDoc Guidelines version 5 <xref>http://www.stoa.org/epidoc/gl/5/</xref>
         </p></encodingDesc><profileDesc><langUsage><language id="ar">Arabic</language><language id="en">English</language><language id="fr">French</language><language id="de">German</language><language id="grc">Ancient Greek</language><language id="grc-Latn">Transliterated Greek</language><language id="el">Modern Greek</language><language id="he">Hebrew</language><language id="it">Italian</language><language id="la">Latin</language><language id="phn-LY">Punic</language><language id="ber-Latn">Native Libyan language in Latin script</language></langUsage><textClass/><textClass><keywords><term>
                  <geogName type="ancientRegion" key="Tripolitania">Tripolitania</geogName>
               </term><term>
                  <geogName type="modernCountry" key="LY">Libya</geogName>
               </term><term>
                  <placeName type="modernFindspot" key="http://www.geonames.org/2208578/marsa-zawaghah.html">Marsa Zawaghah</placeName>
               </term></keywords></textClass></profileDesc><revisionDesc>
<change><date>2008-09-09</date><respStmt><name>ZA</name></respStmt><item>converted using CHET-C</item></change>
<change><date>2009-05-19</date><respStmt><name>RV</name></respStmt><item>Added Figures</item></change>
<change><date>2009-08-24</date><respStmt><name>RV</name></respStmt><item>Added Figures</item></change></revisionDesc></teiHeader><text><body>

<div type="description" subtype="monument">
<head>Description of Monument</head>
<p> Fragment from the right-hand edge of a <rs type="material">marble</rs> <rs type="objectType">panel</rs> (<rs type="dimensions"><measure unit="metre" type="length" dim="width">0.12</measure><measure unit="metre" type="length" dim="height">0.135</measure><measure unit="metre" type="length" dim="depth">0.03</measure></rs>).</p></div>

<div type="description" subtype="text">
<head>Description of Text</head>
<p>Inscribed on one face.</p></div>

<div type="description" subtype="letters">
<head>Description of Letters</head>
<p>Third century capitals, with traces of red paint: <measure unit="metre" type="length" dim="height">0.04</measure>.</p></div>

<div type="description" subtype="date">
<head>Date</head>
<p>
               <date type="textDate" notBefore="0236" exact="both" notAfter="0238">A.D. 236-238</date>
            (<rs type="criteria">reign, <rs type="criteria">titulature</rs></rs>).</p></div>

<div type="history" subtype="locations">
<head>Locations</head>
<p>
               <rs type="found">
                  <placeName type="ancientFindspot" ref="http://atlantides.org/batlas/abrotonum-sabratha-35-e2" key="db659">Sabratha</placeName>: 
                  <rs type="monuList" key="db829">Antonine Temple</rs>.</rs>
            </p>
<p>
               <rs type="origLocation">Unknown</rs>
            </p>
<p>
               <rs type="lastLocation"><rs type="monuList" key="db660">Sabratha Museum</rs>, inv. no. 215.</rs>
            </p></div>



<div type="bibliography">
<head>Bibliography</head>
<p>Not previously published.</p></div>

<div type="history" subtype="text-constituted-from">
<head>Text constituted from</head>
<p>Transcription (Reynolds, Ward-Perkins)</p></div>

<div type="edition" lang="la">
<head lang="en">Text</head>
<ab>
               <lb n="1"/><gap reason="lost" extent="unknown" unit="character"/>
               <supplied reason="lost"><w lemma="imperator"><expan><abbr>Imp</abbr><ex>eratoris</ex></expan></w></supplied> 
               <persName type="emperor"><supplied reason="lost"><name reg="Caesar" type="cognomen"><expan><abbr>Caes</abbr><ex>aris</ex></expan></name> 
                  <name reg="Caius" type="praenomen"><expan><abbr>C</abbr><ex>ai</ex></expan></name> <name reg="Iulius" type="gentilicium">Iuli</name> <name reg="Verus" type="cognomen">Veri</name></supplied>
               <name reg="Maximinus" type="cognomen"><supplied reason="lost">Maxi</supplied>mini</name>
               <lb n="2"/><supplied reason="lost"><name reg="Pius" type="cognomen">Pii</name> <name reg="Felix" type="cognomen">Felicis</name> <name reg="Augustus" type="cognomen"><expan><abbr>Aug</abbr><ex>usti</ex></expan></name> 
                  <w lemma="pontifex"><expan><abbr>pont</abbr><ex>ificis</ex></expan></w> 
                  <w lemma="magnus"><expan><abbr>max</abbr><ex>imi</ex></expan></w></supplied> 
                  <name reg="Germanicus" type="cognomen"><expan><abbr>Germ</abbr><ex>anici</ex></expan></name>
               <lb n="3"/><supplied reason="lost"><w lemma="magnus"><expan><abbr>max</abbr><ex>imi</ex></expan></w> 
                  <name reg="Dacicus" type="cognomen">Dacici</name> <w lemma="magnus"><expan><abbr>max</abbr><ex>imi</ex></expan></w> 
                  <name reg="Sarmaticus" type="cognomen"><expan><abbr>Sarmat</abbr><ex>ici</ex></expan></name></supplied>
                  <w lemma="magnus"><expan><abbr>max</abbr><ex>imi</ex></expan></w></persName>
               <lb n="4"/><gap reason="lost" extent="1" unit="line"/>
            </ab></div>



<div type="translation">
<head>Translation</head>
<p> <gap reason="lost"/> <supplied reason="lost">of Emperor Caesar Caius Julius Verus</supplied> Maximinus, 
               <supplied reason="lost">Pius, Felix, Augustus, chief priest,</supplied>
               greatest Victor in Germany, <supplied reason="lost">greatest Victor in Dacia</supplied>, greatest 
               <supplied reason="lost">Victor in Sarmatia</supplied><gap reason="lost"/></p></div>

<div type="commentary">
<head>Commentary</head>
<p>l. 3. Sarmaticus maximus from 236.</p></div>

<div type="figure">
<head>Photographs</head>
<p>
<figure href="0069"><figDesc>Ward-Perkins Archive, BSR (BSR 48.XVIII.20)</figDesc></figure></p></div></body></text></TEI.2>
