<?xml version="1.0" encoding="UTF-8"?>
<!DOCTYPE TEI.2 SYSTEM "http://www.stoa.org/epidoc/dtd/6/tei-epidoc.dtd">
<TEI.2 lang="en" id="IRT019"><teiHeader><fileDesc><titleStmt><title><rs type="textType">Dedication</rs> to Faustina </title><editor>J. M. Reynolds</editor><editor>J. B. Ward-Perkins</editor></titleStmt><publicationStmt>
<p>Creative Commons licence Attribution UK 2.0 (<xref>http://creativecommons.org/licenses/by/2.0/uk/</xref>). </p>
<p>All reuse or distribution of this work must contain somewhere a link back to the URL <xref>http://irt.kcl.ac.uk/</xref>
            </p></publicationStmt><sourceDesc>
<p>Republished from <bibl id="irt1952">
                  <author>J. M. Reynolds</author> and <author>J. B. Ward-Perkins</author>, <title level="m">The Inscriptions of Roman Tripolitania</title>, <pubPlace>Rome</pubPlace>: <publisher>British
                  School at Rome</publisher>, <date>1952</date>. </bibl>
            </p></sourceDesc></fileDesc><encodingDesc>
<p>Marked-up according to the EpiDoc Guidelines version 5 <xref>http://www.stoa.org/epidoc/gl/5/</xref>
         </p></encodingDesc><profileDesc><langUsage><language id="ar">Arabic</language><language id="en">English</language><language id="fr">French</language><language id="de">German</language><language id="grc">Ancient Greek</language><language id="grc-Latn">Transliterated Greek</language><language id="el">Modern Greek</language><language id="he">Hebrew</language><language id="it">Italian</language><language id="la">Latin</language><language id="phn-LY">Punic</language><language id="ber-Latn">Native Libyan language in Latin script</language></langUsage><textClass/><textClass><keywords><term>
                  <geogName type="ancientRegion" key="Tripolitania">Tripolitania</geogName>
               </term><term>
                  <geogName type="modernCountry" key="LY">Libya</geogName>
               </term><term>
                  <placeName type="modernFindspot" key="http://www.geonames.org/2208578/marsa-zawaghah.html">Marsa Zawaghah</placeName>
               </term></keywords></textClass></profileDesc><revisionDesc>
<change><date>2008-09-09</date><respStmt><name>ZA</name></respStmt><item>converted using CHET-C</item></change>
<change><date>2009-05-19</date><respStmt><name>RV</name></respStmt><item>Added Figures</item></change>
<change><date>2009-08-24</date><respStmt><name>RV</name></respStmt><item>Added Figures</item></change></revisionDesc></teiHeader><text><body>

<div type="description" subtype="monument">
<head>Description of Monument</head>
<p>Fragmentary <rs type="material">marble</rs> <rs type="objectType">panel</rs> 
               (<rs type="dimensions"><measure dim="width">0.70</measure><measure dim="height">0.12</measure></rs>). </p></div>

<div type="description" subtype="text">
<head>Description of Text</head>
<p>Inscribed on the surviving face.</p></div>

<div type="description" subtype="letters">
<head>Description of Letters</head>
<p>Lapidary capitals: <measure dim="height">0.09</measure>.</p></div>

<div type="description" subtype="date">
<head>Date</head>
<p>
               <date type="textDate" notBefore="0138" notAfter="0141" exact="notBefore">A.D. 138-c.141</date>
               (<rs type="criteria">after accession, before death of Faustina</rs>)
            </p></div>

<div type="history" subtype="locations">
<head>Locations</head>
<p>
               <rs type="found">
                  <placeName type="ancientFindspot" ref="http://atlantides.org/batlas/abrotonum-sabratha-35-e2" key="db659">Sabratha</placeName>:
                  <rs type="monuList" key="db832">Capitolium</rs>: found in the vaults; see note on <xref type="inscription">1</xref>.</rs></p>
<p>
               <rs type="origLocation">Unknown</rs>
            </p>
<p>
               <rs type="lastLocation">Findspot</rs>
            </p></div>



<div type="bibliography">
<head>Bibliography</head>
<p>Not previously published.</p></div>

<div type="history" subtype="text-constituted-from">
<head>Text constituted from</head>
<p>Transcription (Reynolds, Ward-Perkins)</p></div>

<div type="edition" lang="la">
<head lang="en">Text</head>
<ab>
               <lb n="1"/><persName type="emperor"><name reg="Faustina" type="cognomen">Faustinae</name> 
                  <name reg="Augusta" type="cognomen"><expan><abbr>Aug</abbr><ex>ustae</ex></expan></name></persName> 
               <lb n="2"/><w lemma="imperator"><expan><abbr>Imp</abbr><ex>eratoris</ex></expan></w> 
               <persName type="emperor"><name reg="Antoninus" type="gentilicium"><supplied reason="lost">An</supplied>t<unclear reason="damage">on</unclear>
                  <supplied reason="lost">ini</supplied></name> <name reg="Pius" type="cognomen"><supplied reason="lost">Pii</supplied></name></persName>
               <lb n="3"/> <supplied reason="lost"><w lemma="coniunx">coniugi</w></supplied>
            </ab></div>

<div type="translation">
<head>Translation</head>
<p>To Faustina Augusta, <supplied reason="lost">wife</supplied> of Emperor Antoninus <supplied reason="lost">Pius</supplied></p></div>

<div type="commentary">
<head>Commentary</head>
<p>Before the death of Faustina in 140/1.</p></div>

<div type="figure">
<head>Photographs</head>
<p>
<figure href="0024"><figDesc>Ward-Perkins Archive, BSR (Sopr. CS 219)</figDesc></figure>
<figure href="0095"><figDesc>Ward-Perkins Archive, BSR (Sopr. CS 219)</figDesc></figure></p></div></body></text></TEI.2>
