<?xml version="1.0" encoding="UTF-8"?>
<!DOCTYPE TEI.2
  SYSTEM "http://www.stoa.org/epidoc/dtd/6/tei-epidoc.dtd">
<TEI.2 lang="en" id="IRT060"><teiHeader><fileDesc><titleStmt><title>Fragment from <rs type="textType">imperial titulature</rs></title><editor>J. M. Reynolds</editor><editor>J. B. Ward-Perkins</editor></titleStmt><publicationStmt>
<p>Creative Commons licence Attribution UK 2.0 (<xref>http://creativecommons.org/licenses/by/2.0/uk/</xref>). </p>
<p>All reuse or distribution of this work must contain somewhere a link back to the URL <xref>http://irt.kcl.ac.uk/</xref>
            </p></publicationStmt><sourceDesc>
<p>Republished from <bibl id="irt1952">
                  <author>J. M. Reynolds</author> and <author>J. B. Ward-Perkins</author>, <title level="m">The Inscriptions of Roman Tripolitania</title>, <pubPlace>Rome</pubPlace>: <publisher>British
                  School at Rome</publisher>, <date>1952</date>. </bibl>
            </p></sourceDesc></fileDesc><encodingDesc>
<p>Marked-up according to the EpiDoc Guidelines version 5 <xref>http://www.stoa.org/epidoc/gl/5/</xref>
         </p></encodingDesc><profileDesc><langUsage><language id="ar">Arabic</language><language id="en">English</language><language id="fr">French</language><language id="de">German</language><language id="grc">Ancient Greek</language><language id="grc-Latn">Transliterated Greek</language><language id="el">Modern Greek</language><language id="he">Hebrew</language><language id="it">Italian</language><language id="la">Latin</language><language id="phn-LY">Punic</language><language id="ber-Latn">Native Libyan language in Latin script</language></langUsage><textClass/><textClass><keywords><term>
                  <geogName type="ancientRegion" key="Tripolitania">Tripolitania</geogName>
               </term><term>
                  <geogName type="modernCountry" key="LY">Libya</geogName>
               </term><term>
                  <placeName type="modernFindspot" key="http://www.geonames.org/2208578/marsa-zawaghah.html">Marsa Zawaghah</placeName>
               </term></keywords></textClass></profileDesc><revisionDesc>
<change><date>2008-09-09</date><respStmt><name>ZA</name></respStmt><item>converted using CHET-C</item></change>
<change><date>2009-05-19</date><respStmt><name>RV</name></respStmt><item>Added Figures</item></change>
<change><date>2009-08-24</date><respStmt><name>RV</name></respStmt><item>Added Figures</item></change></revisionDesc></teiHeader><text><body>

<div type="description" subtype="monument">
<head>Description of Monument</head>
<p>Parts of three <rs type="material">sandstone</rs> <rs type="objectType">block</rs>s, 
               once stuccoed, from a monumental inscription.
               a) Two blocks, together, 
               <rs type="dimensions"><measure dim="width">1.09</measure>
               <measure dim="height">0.39</measure>
               <measure unit="metre" type="length" dim="depth">0.35</measure></rs>.
               b) One block, 
               <rs type="dimensions"><measure dim="width">0.92</measure>
               <measure dim="height">0.47</measure>
               <measure unit="metre" type="length" dim="depth">0.40</measure></rs>.   </p></div>

<div type="description" subtype="text">
<head>Description of Text</head>
<p>Inscribed on one face.</p></div>

<div type="description" subtype="letters">
<head>Description of Letters</head>
<p>Lapidary capitals: <measure unit="metre" type="length" dim="height">0.19</measure>. </p></div>

<div type="description" subtype="date">
<head>Date</head>
<p>
               <date type="textDate" notBefore="0001" notAfter="0100" exact="none">Unknown</date>.
            </p></div>

<div type="history" subtype="locations">
<head>Locations</head>
<p>
               <rs type="found">
                  <placeName type="ancientFindspot" ref="http://atlantides.org/batlas/abrotonum-sabratha-35-e2" key="db659">Sabratha</placeName>:  
                  <rs type="monuList" key="db858">Reg. IV</rs>, ins. 2, or beside it, re-used, and now loose nearby. </rs>
            </p>
<p>
               <rs type="origLocation">Unknown</rs>
            </p>
<p>
               <rs type="lastLocation">Findspot</rs>
            </p></div>


<div type="bibliography">
<head>Bibliography</head>
<p>Not previously published.</p></div>

<div type="history" subtype="text-constituted-from">
<head>Text constituted from</head>
<p>Transcription (Reynolds, Ward-Perkins)</p></div>

<div type="edition" lang="la">
<head lang="en">Text</head>

<div type="textpart" subtype="fragment" n="a">
<ab>
                  <lb n="1"/><gap reason="lost" extent="unknown" unit="character"/><w lemma="tribunicius"><supplied reason="lost"><expan><abbr>trib</abbr><ex>unica</ex></expan></supplied></w>
                  <w lemma="potestas"><expan><abbr><supplied reason="lost">pot</supplied>es<unclear>t</unclear></abbr><ex>ate</ex></expan></w> 
                  <num value="6">VI</num> 
                  <w lemma="imperator">im<supplied reason="lost">perator</supplied></w>
                  <gap reason="lost" extent="unknown" unit="character"/>
                  <lb n="2"/><gap reason="lost" extent="unknown" unit="character"/><orig><unclear>i</unclear>s mvqv</orig>
                  <gap reason="lost" extent="unknown" unit="character"/>
                  
               </ab></div>

<div type="textpart" subtype="fragment" n="b">
<ab>
                  <lb n="1"/><gap reason="lost" extent="1" unit="line"/>
                  <lb n="2"/><gap reason="lost" extent="unknown" unit="character"/><orig>es<unclear>t</unclear>om</orig>
                  <gap reason="lost" extent="unknown" unit="character"/>
               </ab></div></div>

<div type="apparatus">
<head>Apparatus</head>
<p>
               <app><note/></app>
            </p></div>

<div type="translation">
<head>Translation</head>
<p> a. <gap reason="lost"/> holding <supplied reason="lost">tribunician</supplied> power for the sixth time, acclaimed victor <gap reason="lost"/> b. <note>Not usefully translatable.</note></p></div>

<div type="commentary">
<head>Commentary</head>
<p>No comment.</p></div>

<div type="figure">
<head>Photographs</head>
<p>
<figure href="0090"><figDesc>Ward-Perkins Archive, BSR (BSR 47.IV.9)</figDesc></figure>
<figure href="0091"><figDesc>Ward-Perkins Archive, BSR (BSR 47.III.13)</figDesc></figure></p></div></body></text></TEI.2>