<?xml version="1.0" encoding="UTF-8"?>
<!DOCTYPE TEI.2 SYSTEM "http://www.stoa.org/epidoc/dtd/6/tei-epidoc.dtd">
<TEI.2 lang="en" id="IRT046"><teiHeader><fileDesc><titleStmt><title><rs type="textType">Dedication</rs> to Maximinus </title><editor>J. M. Reynolds</editor><editor>J. B. Ward-Perkins</editor></titleStmt><publicationStmt>
<p>Creative Commons licence Attribution UK 2.0 (<xref>http://creativecommons.org/licenses/by/2.0/uk/</xref>). </p>
<p>All reuse or distribution of this work must contain somewhere a link back to the URL <xref>http://irt.kcl.ac.uk/</xref>
            </p></publicationStmt><sourceDesc>
<p>Republished from <bibl id="irt1952">
                  <author>J. M. Reynolds</author> and <author>J. B. Ward-Perkins</author>, <title level="m">The Inscriptions of Roman Tripolitania</title>, <pubPlace>Rome</pubPlace>: <publisher>British
                  School at Rome</publisher>, <date>1952</date>. </bibl>
            </p></sourceDesc></fileDesc><encodingDesc>
<p>Marked-up according to the EpiDoc Guidelines version 5 <xref>http://www.stoa.org/epidoc/gl/5/</xref>
         </p></encodingDesc><profileDesc><langUsage><language id="ar">Arabic</language><language id="en">English</language><language id="fr">French</language><language id="de">German</language><language id="grc">Ancient Greek</language><language id="grc-Latn">Transliterated Greek</language><language id="el">Modern Greek</language><language id="he">Hebrew</language><language id="it">Italian</language><language id="la">Latin</language><language id="phn-LY">Punic</language><language id="ber-Latn">Native Libyan language in Latin script</language></langUsage><textClass/><textClass><keywords><term>
                  <geogName type="ancientRegion" key="Tripolitania">Tripolitania</geogName>
               </term><term>
                  <geogName type="modernCountry" key="LY">Libya</geogName>
               </term><term>
                  <placeName type="modernFindspot" key="http://www.geonames.org/2208578/marsa-zawaghah.html">Marsa Zawaghah</placeName>
               </term></keywords></textClass></profileDesc><revisionDesc>
<change><date>2008-09-09</date><respStmt><name>ZA</name></respStmt><item>converted using CHET-C</item></change>
<change><date>2009-05-19</date><respStmt><name>RV</name></respStmt><item>Added Figures</item></change>
<change><date>2009-08-24</date><respStmt><name>RV</name></respStmt><item>Added Figures</item></change></revisionDesc></teiHeader><text><body>

<div type="description" subtype="monument">
<head>Description of Monument</head>
<p> Fragment of a <rs type="material">marble</rs> <rs type="objectType">panel</rs> (<rs type="dimensions"><measure unit="metre" type="length" dim="width">0.20</measure><measure unit="metre" type="length" dim="height">0.13</measure></rs>).</p></div>

<div type="description" subtype="text">
<head>Description of Text</head>
<p>Inscribed on one face.</p></div>

<div type="description" subtype="letters">
<head>Description of Letters</head>
<p>Third century capitals: <measure unit="metre" type="length" dim="height">0.045</measure>. </p></div>

<div type="description" subtype="date">
<head>Date</head>
<p>
               <date type="textDate" value="0236" precision="exact">A.D. 236</date>
            (<rs type="criteria">titulature</rs>).</p></div>

<div type="history" subtype="locations">
<head>Locations</head>
<p>
               <rs type="found">
                  <placeName type="ancientFindspot" ref="http://atlantides.org/batlas/abrotonum-sabratha-35-e2" key="db659">Sabratha</placeName>: 
                  <rs type="monuList" key="db863">The street which leads from the Byzantine Gate to the Forum</rs>, ("Via della Ninfa ", MS note on a tracing in the Superintendency Archives)</rs>
            </p>
<p>
               <rs type="origLocation">Unknown</rs>
            </p>
<p>
               <rs type="lastLocation"> <rs type="monuList" key="db660">Sabratha Museum</rs>.</rs>
            </p></div>


<div type="bibliography">
<head>Bibliography</head>
<p>Not previously published.</p></div>

<div type="history" subtype="text-constituted-from">
<head>Text constituted from</head>
<p>Transcription (Reynolds, Ward-Perkins)</p></div>

<div type="edition" lang="la">
<head lang="en">Text</head>
<ab>
               <lb n="1"/><supplied reason="lost"><w lemma="imperator"><expan><abbr>Imp</abbr><ex>eratori</ex></expan></w></supplied> 
               <persName type="emperor"><supplied reason="lost"><name reg="Caesar" type="cognomen"><expan><abbr>Caes</abbr><ex>ari</ex></expan></name> 
                  <name reg="Caius" type="praenomen"><expan><abbr>C</abbr><ex>aio</ex></expan></name> 
                  <name reg="Iulius" type="gentilicium">Iulio</name> <name reg="Verus" type="cognomen">Vero</name> <name reg="Maximinus" type="cognomen">Maximino</name> <name reg="Pius" type="cognomen"><expan><abbr>P</abbr><ex>io</ex></expan></name> 
                  <name reg="Felix" type="cognomen"><expan><abbr>F</abbr><ex>elici</ex></expan></name> 
                  <name reg="Augustus" type="cognomen"><expan><abbr>Aug</abbr><ex>usto</ex></expan></name></supplied> 
               <lb n="2"/><supplied reason="lost"><w lemma="pontifex"><expan><abbr>pont</abbr><ex>ifici</ex></expan></w> 
                  <w lemma="magnus"><expan><abbr>max</abbr><ex>imo</ex></expan></w></supplied> 
               <name reg="Germanicus" type="cognomen"><expan><abbr><supplied reason="lost">G</supplied>erm</abbr><ex>anico</ex></expan></name> 
               <w lemma="magnus"><expan><abbr>max</abbr><ex>imo</ex></expan></w> 
               <name reg="Dacicus" type="cognomen"><unclear>D</unclear><supplied reason="lost">acico</supplied></name> 
               <supplied reason="lost"><w lemma="magnus"><expan><abbr>max</abbr><ex>imo</ex></expan></w> 
                  <name reg="Sarmaticus" type="cognomen"><expan><abbr>Sarm</abbr><ex>atico</ex></expan></name></supplied></persName> 
               <supplied reason="lost"><w lemma="magnus"><expan><abbr>max</abbr><ex>imo</ex></expan></w></supplied>
               <lb n="3"/><supplied reason="lost"><w lemma="tribunicius"><expan><abbr>trib</abbr><ex>unicia</ex></expan></w></supplied>
               <w lemma="potestas"><expan><abbr><supplied reason="lost">p</supplied>ot</abbr><ex>estate</ex></expan></w> 
               <num value="2">II</num> 
               <w lemma="consul"><expan><abbr>co</abbr><supplied reason="lost"><ex>n</ex></supplied><abbr><supplied reason="lost">s</supplied></abbr><supplied reason="lost"><ex>uli</ex></supplied></expan></w> 
               <supplied reason="lost"><w lemma="imperator"><expan><abbr>imp</abbr><ex>eratori</ex></expan></w> 
               <num><gap reason="lost" extent="1" extentmax="4" unit="character"/></num> 
               <w lemma="proconsul"><expan><abbr>proco</abbr><ex>n</ex><abbr>s</abbr><ex>uli</ex></expan></w> 
                  <w lemma="pater"><expan><abbr>p</abbr><ex>atri</ex></expan></w> 
                  <w lemma="patria"><expan><abbr>p</abbr><ex>atriae</ex></expan></w></supplied>
               <gap reason="lost" extent="unknown" unit="character"/>
               <lb n="4"/><gap reason="lost" extent="10" unit="character" precision="circa"/> 
               <num value="3">III</num> 
               <gap reason="lost" extent="unknown" unit="character"/>
            </ab></div>


<div type="translation">
<head>Translation</head>
<p><supplied reason="lost">To the Emperor Caesar Caius Julius Verus Maximinus, Pius, Felix, Augustus, chief priest, 
               greatest</supplied> Victor in Germany, greatest Victor in Dacia, <supplied reason="lost">greatest Victor in Sarmatia, holding tribunician</supplied> power for the second time, consul, 
               <supplied reason="lost">acclaimed victor ? times,
               proconsul, father of the country<gap reason="lost"/></supplied>III<gap reason="lost"/> </p></div>

<div type="commentary">
<head>Commentary</head>
<p>l. 3. trib. pot. II. 10 Dec. 235 - 9 Dec. 236.</p></div>

<div type="figure">
<head>Photographs</head>
<p>
<figure href="0058"><figDesc>Ward-Perkins Archive, BSR (BSR 48.XVIII.32)</figDesc></figure>
<figure href="0059"><figDesc>Ward-Perkins Archive, BSR (Sopr. DS 828 Leica)</figDesc></figure></p></div></body></text></TEI.2>
