<?xml version="1.0" encoding="UTF-8"?>
<!DOCTYPE TEI.2 SYSTEM "http://www.stoa.org/epidoc/dtd/6/tei-epidoc.dtd">
<TEI.2 lang="en" id="IRT042"><teiHeader><fileDesc><titleStmt><title><rs type="textType">Dedication</rs> to Severus Alexander </title><editor>J. M. Reynolds</editor><editor>J. B. Ward-Perkins</editor></titleStmt><publicationStmt>
<p>Creative Commons licence Attribution UK 2.0 (<xref>http://creativecommons.org/licenses/by/2.0/uk/</xref>). </p>
<p>All reuse or distribution of this work must contain somewhere a link back to the URL <xref>http://irt.kcl.ac.uk/</xref>
            </p></publicationStmt><sourceDesc>
<p>Republished from <bibl id="irt1952">
                  <author>J. M. Reynolds</author> and <author>J. B. Ward-Perkins</author>, <title level="m">The Inscriptions of Roman Tripolitania</title>, <pubPlace>Rome</pubPlace>: <publisher>British
                  School at Rome</publisher>, <date>1952</date>. </bibl>
            </p></sourceDesc></fileDesc><encodingDesc>
<p>Marked-up according to the EpiDoc Guidelines version 5 <xref>http://www.stoa.org/epidoc/gl/5/</xref>
         </p></encodingDesc><profileDesc><langUsage><language id="ar">Arabic</language><language id="en">English</language><language id="fr">French</language><language id="de">German</language><language id="grc">Ancient Greek</language><language id="grc-Latn">Transliterated Greek</language><language id="el">Modern Greek</language><language id="he">Hebrew</language><language id="it">Italian</language><language id="la">Latin</language><language id="phn-LY">Punic</language><language id="ber-Latn">Native Libyan language in Latin script</language></langUsage><textClass/><textClass><keywords><term>
                  <geogName type="ancientRegion" key="Tripolitania">Tripolitania</geogName>
               </term><term>
                  <geogName type="modernCountry" key="LY">Libya</geogName>
               </term><term>
                  <placeName type="modernFindspot" key="http://www.geonames.org/2208578/marsa-zawaghah.html">Marsa Zawaghah</placeName>
               </term></keywords></textClass></profileDesc><revisionDesc>
                  <change>
                     <date>2009-11-03</date>
                     <respStmt><name>GB</name></respStmt>
                     <item>Cleaned up dates</item>
                  </change>
                  <change><date>2008-09-09</date><respStmt><name>ZA</name></respStmt><item>converted using CHET-C</item></change>
<change><date>2009-05-19</date><respStmt><name>RV</name></respStmt><item>Added Figures</item></change>
<change><date>2009-08-24</date><respStmt><name>RV</name></respStmt><item>Added Figures</item></change></revisionDesc></teiHeader><text><body>

<div type="description" subtype="monument">
<head>Description of Monument</head>
<p> Top right-hand corner of a <rs type="material">marble</rs> <rs type="objectType">panel</rs> 
               (<rs type="dimensions"><measure unit="metre" type="length" dim="width">0.55</measure>
                  <measure unit="metre" type="length" dim="height">0.62</measure></rs>).</p></div>

<div type="description" subtype="text">
<head>Description of Text</head>
<p>Inscribed on one face.</p></div>

<div type="description" subtype="letters">
<head>Description of Letters</head>
<p>Lapidary capitals: <measure from="0.08" to="0.07" unit="metre" type="length" dim="height">0.08-0.07</measure>.</p></div>

<div type="description" subtype="date">
<head>Date</head>
<p>
               <date type="textDate" value="0230" precision="exact" cert="low">A.D. 230</date>
   or <date type="textDate" value="0235" precision="exact" cert="low">A.D. 235</date>
            (<rs type="criteria">titulature</rs>)</p></div>

<div type="history" subtype="locations">
<head>Locations</head>
<p>
               <rs type="found">
                  <placeName type="ancientFindspot" ref="http://atlantides.org/batlas/abrotonum-sabratha-35-e2" key="db659"
                     >Sabratha</placeName>:
                  <rs type="monuList" key="db832">Capitolium</rs>, found in the vaults; 
                  see note on <xref type="inscription">1</xref>.</rs></p>
<p>
               <rs type="origLocation">Unknown</rs>
</p>
   <p>
               <rs type="lastLocation">Findspot</rs>
            </p>
</div>

<div type="bibliography">
<head>Bibliography</head>
<p>Not previously published.</p></div>

<div type="history" subtype="text-constituted-from">
<head>Text constituted from</head>
<p>Transcription (Reynolds, Ward-Perkins)</p></div>

<div type="edition" lang="la">
<head lang="en">Text</head>
<ab>
               <lb n="1"/><supplied reason="lost"><w lemma="imperator"><expan><abbr>Imp</abbr><ex>eratori</ex></expan></w></supplied> 
                  <persName type="emperor"><supplied reason="lost"><name reg="Caesar" type="cognomen"><expan><abbr>Caes</abbr><ex>ari</ex></expan></name></supplied> 
               <name reg="Marcus" type="praenomen"><expan><abbr>M</abbr><ex>arco</ex></expan></name> <name reg="Aurelius" type="gentilicium">Aurel<supplied reason="lost">io</supplied></name>
               <lb n="2"/><supplied reason="lost"><name reg="Seuerus" type="cognomen">Seuero</name></supplied>
               <name reg="Alexander" type="praenomen"><supplied reason="lost">Ale</supplied>xandro</name>
               <lb n="3"/><supplied reason="lost"><name reg="Pius" type="cognomen">Pio</name> <name reg="Felix" type="cognomen">Felici</name></supplied> 
                     <name reg="Augustus" type="cognomen"><supplied reason="lost">A</supplied>ugusto</name></persName>
               <lb n="4"/><supplied reason="lost"><w lemma="dominus">domino</w></supplied> <w lemma="noster"><supplied reason="lost">n</supplied>ostro</w> 
               <lb n="5"/><w lemma="pontifex"><supplied reason="lost">pont</supplied>ifici</w> <w lemma="magnus">maximo</w>
               <lb n="6"/><supplied reason="lost"><w lemma="tribunicius"><expan><abbr>trib</abbr><ex>uniciae</ex></expan></w></supplied>
               <w lemma="potestas"><supplied reason="lost">p</supplied>otestatis</w> 
               <num value="9"><unclear>V</unclear>IIII</num>
               <lb n="7"/><gap reason="lost" extent="1" unit="line"/>
            </ab></div>

<div type="translation">
<head>Translation</head>
<p><supplied reason="lost">To Emperor Caesar</supplied> Marcus Aurelius 
               <supplied reason="lost">Severus</supplied> Alexander 
               <supplied reason="lost">Pius Felix</supplied> Augustus, our <supplied reason="lost">lord</supplied>,
   chief priest, holding 
               <supplied reason="lost">tribunician</supplied> power for the ninth time <gap reason="lost"/> </p></div>

<div type="commentary">
<head>Commentary</head>
<p>l. 6. <foreign lang="la">trib. pot. VIIII</foreign>: 10 Dec. 229-9 Dec. 230,  but XIIII is a possible reading,
   between 10 Dec. 234 and Alexander's death in March 235.</p></div>

<div type="figure">
<head>Photographs</head>
<p>
<figure href="0062"><figDesc>Ward-Perkins Archive, BSR (Sopr. DS 761 Leica)</figDesc></figure>
<figure href="0063"><figDesc>Ward-Perkins Archive, BSR (Sopr. DS 761 Leica)</figDesc></figure></p></div></body></text></TEI.2>
