<?xml version="1.0" encoding="UTF-8"?>
<!DOCTYPE TEI.2 SYSTEM "http://www.stoa.org/epidoc/dtd/6/tei-epidoc.dtd">
<TEI.2 lang="en" id="IRT067"><teiHeader><fileDesc><titleStmt><title>Fragments from <rs type="textType">imperial titulature</rs></title><editor>J. M. Reynolds</editor><editor>J. B. Ward-Perkins</editor></titleStmt><publicationStmt>
<p>Creative Commons licence Attribution UK 2.0 (<xref>http://creativecommons.org/licenses/by/2.0/uk/</xref>). </p>
<p>All reuse or distribution of this work must contain somewhere a link back to the URL <xref>http://irt.kcl.ac.uk/</xref>
            </p></publicationStmt><sourceDesc>
<p>Republished from <bibl id="irt1952">
                  <author>J. M. Reynolds</author> and <author>J. B. Ward-Perkins</author>, <title level="m">The Inscriptions of Roman Tripolitania</title>, <pubPlace>Rome</pubPlace>: <publisher>British
                  School at Rome</publisher>, <date>1952</date>. </bibl>
            </p></sourceDesc></fileDesc><encodingDesc>
<p>Marked-up according to the EpiDoc Guidelines version 5 <xref>http://www.stoa.org/epidoc/gl/5/</xref>
         </p></encodingDesc><profileDesc><langUsage><language id="ar">Arabic</language><language id="en">English</language><language id="fr">French</language><language id="de">German</language><language id="grc">Ancient Greek</language><language id="grc-Latn">Transliterated Greek</language><language id="el">Modern Greek</language><language id="he">Hebrew</language><language id="it">Italian</language><language id="la">Latin</language><language id="phn-LY">Punic</language><language id="ber-Latn">Native Libyan language in Latin script</language></langUsage><textClass/><textClass><keywords><term>
                  <geogName type="ancientRegion" key="Tripolitania">Tripolitania</geogName>
               </term><term>
                  <geogName type="modernCountry" key="LY">Libya</geogName>
               </term><term>
                  <placeName type="modernFindspot" key="http://www.geonames.org/2208578/marsa-zawaghah.html">Marsa Zawaghah</placeName>
               </term></keywords></textClass></profileDesc><revisionDesc>
<change><date>2009-01-20</date><respStmt><name>NU</name></respStmt><item>converted using CHET-C</item></change>
<change><date>2009-05-19</date><respStmt><name>RV</name></respStmt><item>Added Figures</item></change>
<change><date>2009-08-24</date><respStmt><name>RV</name></respStmt><item>Added Figures</item></change></revisionDesc></teiHeader><text><body>

<div type="description" subtype="monument">
<head>Description of Monument</head>
<p> Six fragments, all possibly from the same <rs type="material">white marble</rs> 
               <rs type="objectType">panel</rs>.
              a) Top edge, surviving, 
               <rs type="dimensions"><measure dim="width">0.16</measure>
               <measure unit="metre" type="length" dim="height">0.165</measure></rs>.
              b) Top edge, surviving, 
               <rs type="dimensions"><measure dim="width">0.10</measure>
               <measure unit="metre" type="length" dim="height">0.125</measure></rs>.
              c) Top edge, surviving, 
                <rs type="dimensions"><measure dim="width">0.13</measure>
                <measure unit="metre" type="length" dim="height">0.13</measure></rs>.
              d) No edges surviving, 
                <rs type="dimensions"><measure dim="width">0.13</measure>
                <measure unit="metre" type="length" dim="height">0.11</measure></rs>.
              e) No edges surviving, 
                <rs type="dimensions"><measure dim="width">0.22</measure>
                <measure unit="metre" type="length" dim="height">0.23</measure></rs> . 
              f) No edges surviving, 
                <rs type="dimensions"><measure dim="width">0.12</measure>
                <measure unit="metre" type="length" dim="height">0.14</measure></rs>. 
             </p></div>

<div type="description" subtype="text">
<head>Description of Text</head>
<p>Inscribed on one face.</p></div>

<div type="description" subtype="letters">
<head>Description of Letters</head>
<p>Second to third centuries lapidary capitals: <measure unit="metre" type="length" dim="height">0.08</measure>.</p></div>

<div type="description" subtype="date">
<head>Date</head>
<p>
               <date type="textDate" exact="none" notBefore="0101" notAfter="0233">Second to early third centuries A.D.</date> (<rs type="criteria">lettering</rs>).
            </p></div>

<div type="history" subtype="locations">
<head>Locations</head>
<p>
               <rs type="found">
                  <placeName type="ancientFindspot" ref="http://atlantides.org/batlas/abrotonum-sabratha-35-e2" key="db659">Sabratha</placeName>: 
                  <rs type="monuList" key="db832">Capitolium</rs>, found in the vaults; see note on <xref type="inscription">1</xref>.</rs></p>
<p>
               <rs type="origLocation">Unknown</rs>
            </p>
<p>
               <rs type="lastLocation">Findspot</rs>
            </p></div>



<div type="bibliography">
<head>Bibliography</head>
<p>Not previously published.</p></div>

<div type="history" subtype="text-constituted-from">
<head>Text constituted from</head>
<p>Transcription (Reynolds, Ward-Perkins)</p></div>

<div type="edition" lang="la">
<head lang="en">Text</head>

<div type="textpart" subtype="fragment" n="a">
<ab>
                  <lb n="1"/><gap reason="lost" extent="unknown" unit="character"/><w part="I">fi<unclear reason="damage">l</unclear></w>
                  <gap reason="lost" extent="unknown" unit="character"/>
               </ab></div>

<div type="textpart" subtype="fragment" n="b">
<ab>
                  <lb n="1"/><gap reason="lost" extent="unknown" unit="character"/><orig><unclear reason="damage">p</unclear></orig>
                  <gap reason="lost" extent="unknown" unit="character"/>
               </ab></div>

<div type="textpart" subtype="fragment" n="c">
<ab>
                  <lb n="1"/><gap reason="lost" extent="unknown" unit="character"/><orig><unclear reason="damage">pi</unclear></orig>
                  <gap reason="lost" extent="unknown" unit="character"/>    
               </ab></div>

<div type="textpart" subtype="fragment" n="d">
<ab>
                  <lb n="1"/><gap reason="lost" extent="unknown" unit="character"/><orig> o<unclear reason="damage">al</unclear></orig>
                  <gap reason="lost" extent="unknown" unit="character"/>
               </ab></div>

<div type="textpart" subtype="fragment" n="e">
<ab>
                  <lb n="1"/><gap reason="lost" extent="1" unit="line"/>
                  <lb n="2"/><gap reason="lost" extent="unknown" unit="character"/><orig>ran</orig>
                  <gap reason="lost" extent="unknown" unit="character"/>
                  <lb n="3"/><gap reason="lost" extent="unknown" unit="character"/><orig>opra</orig>
                  <gap reason="lost" extent="unknown" unit="character"/>
               </ab></div>

<div type="textpart" subtype="fragment" n="f">
<ab>
                  <lb n="1"/><gap reason="lost" extent="unknown" unit="character"/><orig>es</orig>
                  <gap reason="lost" extent="unknown" unit="character"/>
                  <lb n="2"/><gap reason="lost" extent="unknown" unit="character"/><orig>v<unclear reason="damage">g</unclear></orig>
                  <gap reason="lost" extent="unknown" unit="character"/>
               </ab></div></div>

<div type="apparatus">
<head>Apparatus</head>
<p>
               <app loc="b 1"><note> Truncated. B or R may be read for P</note></app></p><p><app loc="c 1"><note> Truncated. B or R may be read for P</note></app>
            <app loc="f 2"><note> Truncated. C may be read for  G</note></app></p></div>

<div type="translation">
<head>Translation</head>
<p>a. <gap reason="lost"/> son <gap reason="lost"/>; b-e <note>Not usefully translatable</note>; f <note>The titles Caesar and Augustus.</note></p></div>

<div type="commentary">
<head>Commentary</head>
<p>The style and material suggest an imperial dedication. Fragment (f) perhaps reads Imp. Caes .../... Aug ... </p></div>

<div type="figure">
<head>Photographs</head>
<p>
<figure href="0098"><figDesc>Ward-Perkins Archive, BSR (BSR 48.XXVII.17)</figDesc></figure></p></div></body></text></TEI.2>
