<?xml version="1.0" encoding="UTF-8"?>
<!DOCTYPE TEI.2 SYSTEM "http://www.stoa.org/epidoc/dtd/6/tei-epidoc.dtd">
<TEI.2 lang="en" id="IRT075a"><teiHeader><fileDesc><titleStmt><title><rs type="textType">Dedication</rs> to third century emperor </title><editor>J. M. Reynolds</editor><editor>J. B. Ward-Perkins</editor></titleStmt><publicationStmt>
<p>Creative Commons licence Attribution UK 2.0 (<xref>http://creativecommons.org/licenses/by/2.0/uk/</xref>). </p>
<p>All reuse or distribution of this work must contain somewhere a link back to the URL <xref>http://irt.kcl.ac.uk/</xref>
            </p></publicationStmt><sourceDesc>
<p>Republished from <bibl id="irt1952">
                  <author>J. M. Reynolds</author> and <author>J. B. Ward-Perkins</author>, <title level="m">The Inscriptions of Roman Tripolitania</title>, <pubPlace>Rome</pubPlace>: <publisher>British
                  School at Rome</publisher>, <date>1952</date>. </bibl>
            </p></sourceDesc></fileDesc><encodingDesc>
<p>Marked-up according to the EpiDoc Guidelines version 5 <xref>http://www.stoa.org/epidoc/gl/5/</xref>
         </p></encodingDesc><profileDesc><langUsage><language id="ar">Arabic</language><language id="en">English</language><language id="fr">French</language><language id="de">German</language><language id="grc">Ancient Greek</language><language id="grc-Latn">Transliterated Greek</language><language id="el">Modern Greek</language><language id="he">Hebrew</language><language id="it">Italian</language><language id="la">Latin</language><language id="phn-LY">Punic</language><language id="ber-Latn">Native Libyan language in Latin script</language></langUsage><textClass/><textClass><keywords><term>
                  <geogName type="ancientRegion" key="Tripolitania">Tripolitania</geogName>
               </term><term>
                  <geogName type="modernCountry" key="LY">Libya</geogName>
               </term><term>
                  <placeName type="modernFindspot" key="http://www.geonames.org/2208578/marsa-zawaghah.html">Marsa Zawaghah</placeName>
               </term></keywords></textClass></profileDesc><revisionDesc>
<change><date>2009-01-14</date><respStmt><name>NU</name></respStmt><item>hand-created</item></change>
<change><date>2009-05-19</date><respStmt><name>RV</name></respStmt><item>Added Figures</item></change>
<change><date>2009-08-24</date><respStmt><name>RV</name></respStmt><item>Added Figures</item></change></revisionDesc></teiHeader><text><body>

<div type="description" subtype="monument">
<head>Description of Monument</head>
<p> Impression left by a fragment of a lost <rs type="material">marble</rs> 
               <rs type="objectType">panel</rs> 
               (<rs type="dimensions">
                  <measure unit="metre" type="length" dim="width">1.57</measure>
                  <measure unit="metre" type="length" dim="height">0.20</measure></rs> 
               when excavated), re-used in the late fourth century A.D. paving of the Curia; see also <xref type="inscription">126</xref>.</p></div>

<div type="description" subtype="text">
<head>Description of Text</head>
<p>Originally inscribed on marble. Read by Bartoccini when first excavated; not seen again.</p></div>

<div type="description" subtype="letters">
<head>Description of Letters</head>
<p>Capitals: <measure unit="metre" type="length" dim="height">0.06</measure>.</p></div>

<div type="description" subtype="date">
<head>Date</head>
<p>
               <date type="textDate" notBefore="201" notAfter="300" exact="none">Third century A.D. </date> (<rs type="criteria">style of monument</rs>)
            </p></div>

<div type="history" subtype="locations">
<head>Locations</head>
<p>
               <rs type="found">
                  <placeName type="ancientFindspot" ref="http://atlantides.org/batlas/abrotonum-sabratha-35-e2" key="db659">Sabratha</placeName>:  
                  <rs type="monuList" key="db840">Curia</rs>, paving</rs>
            </p>
<p>
               <rs type="origLocation">Unknown</rs>
            </p>
<p>
               <rs type="lastLocation">Now lost.</rs>
            </p></div>



<div type="bibliography">
<head>Bibliography</head>
<p><bibl><author>Bartoccini</author>, <xptr from="quaderni"/> <biblScope>I:52</biblScope>.</bibl></p></div>

<div type="history" subtype="text-constituted-from">
<head>Text constituted from</head>
<p>Previous publications.</p></div>

<div type="edition" lang="la">
<head lang="en">Text</head>
<ab>
               <lb n="1"/><gap reason="lost" extent="unknown" unit="character"/><w lemma="inuictus">inuicti</w>
               <persName type="emperor"><name reg="Augustus" type="cognomen"><expan><abbr>Aug</abbr><ex>usti</ex></expan></name>
               <w lemma="pontifex"><expan><abbr>pont</abbr><ex>ificis</ex></expan></w>
               <w lemma="magnus"><expan><abbr>max</abbr><ex>imi</ex></expan></w> <name reg="Germanicus" type="cognomen">Germanici</name></persName>
               <gap reason="lost" extent="unknown" unit="character"/>
               <lb n="2"/><gap reason="lost" extent="unknown" unit="character"/>
               <w lemma="magnus">maximi</w>
               <w lemma="tribunicius"><expan><abbr>trib</abbr><ex>unicia</ex></expan></w>
               <w lemma="potestas"><expan><abbr>pot</abbr><ex>estate</ex></expan></w>
               <gap reason="lost" extent="unknown" unit="character"/>
            </ab></div>


<div type="translation">
<head>Translation</head>
<p><gap reason="lost"/> of <gap reason="lost"/> unconquered Augustus, chief priest, victor in Germany, greatest <supplied reason="lost">victor</supplied><gap reason="lost"/> holding tribunician power <gap reason="lost"/>  </p></div>

<div type="commentary">
<head>Commentary</head>
<p>Maximinus is the earliest emperor whose titles would conform; but Gallienus,
            Claudius Gothicus, Aurelian, Probus, Carus, Carinus and Diocletian are all
            possible. The style of the monument appears to have been of the third century.</p></div>

<div type="figure">
<head>Photographs</head><p>No photographs.</p></div></body></text></TEI.2>
