<?xml version="1.0" encoding="UTF-8"?>
<!DOCTYPE TEI.2 SYSTEM "http://www.stoa.org/epidoc/dtd/6/tei-epidoc.dtd">
<TEI.2 lang="en" id="IRT057"><teiHeader><fileDesc><titleStmt><title><rs type="textType">Dedication</rs> to Valentian</title><editor>J. M. Reynolds</editor><editor>J. B. Ward-Perkins</editor></titleStmt><publicationStmt>
<p>Creative Commons licence Attribution UK 2.0 (<xref>http://creativecommons.org/licenses/by/2.0/uk/</xref>). </p>
<p>All reuse or distribution of this work must contain somewhere a link back to the URL <xref>http://irt.kcl.ac.uk/</xref>
            </p></publicationStmt><sourceDesc>
<p>Republished from <bibl id="irt1952">
                  <author>J. M. Reynolds</author> and <author>J. B. Ward-Perkins</author>, <title level="m">The Inscriptions of Roman Tripolitania</title>, <pubPlace>Rome</pubPlace>: <publisher>British
                  School at Rome</publisher>, <date>1952</date>. </bibl>
            </p></sourceDesc></fileDesc><encodingDesc>
<p>Marked-up according to the EpiDoc Guidelines version 5 <xref>http://www.stoa.org/epidoc/gl/5/</xref>
         </p></encodingDesc><profileDesc><langUsage><language id="ar">Arabic</language><language id="en">English</language><language id="fr">French</language><language id="de">German</language><language id="grc">Ancient Greek</language><language id="grc-Latn">Transliterated Greek</language><language id="el">Modern Greek</language><language id="he">Hebrew</language><language id="it">Italian</language><language id="la">Latin</language><language id="phn-LY">Punic</language><language id="ber-Latn">Native Libyan language in Latin script</language></langUsage><textClass/><textClass><keywords><term>
                  <geogName type="ancientRegion" key="Tripolitania">Tripolitania</geogName>
               </term><term>
                  <geogName type="modernCountry" key="LY">Libya</geogName>
               </term><term>
                  <placeName type="modernFindspot" key="http://www.geonames.org/2208578/marsa-zawaghah.html">Marsa Zawaghah</placeName>
               </term></keywords></textClass></profileDesc><revisionDesc>
<change><date>2008-09-09</date><respStmt><name>ZA</name></respStmt><item>converted using CHET-C</item></change>
<change><date>2009-05-19</date><respStmt><name>RV</name></respStmt><item>Added Figures</item></change>
<change><date>2009-08-24</date><respStmt><name>RV</name></respStmt><item>Added Figures</item></change></revisionDesc></teiHeader><text><body>

<div type="description" subtype="monument">
<head>Description of Monument</head>
<p> Rectangular <rs type="objectType">base</rs> 
               (<measure dim="width">0.56</measure>
                <measure dim="height">1.15</measure>
               <measure dim="depth">0.53</measure>) of 
               <rs type="material">grey limestone</rs>. </p></div>

<div type="description" subtype="text">
<head>Description of Text</head>
<p>Inscribed on one face within a moulded panel. (<rs type="dimensions"><measure dim="width">0.52</measure>
                  <measure dim="height">1.00</measure></rs>)</p></div>

<div type="description" subtype="letters">
<head>Description of Letters</head>
<p>Fourth century capitals: <measure unit="metre" type="length" dim="height">0.06</measure>.</p></div>

<div type="description" subtype="date">
<head>Date</head>
<p>
               <date type="textDate" notBefore="0364" notAfter="367" exact="both">A.D. 364-367</date>
            (<rs type="criteria">reign</rs>).</p></div>

<div type="history" subtype="locations">
<head>Locations</head>
<p>
               <rs type="found">
                  <placeName type="ancientFindspot" ref="http://atlantides.org/batlas/abrotonum-sabratha-35-e2" key="db659">Sabratha</placeName>:  
                  <rs type="monuList" key="db843">Forum</rs>, in situ within the SW angle of the Curia.  
                  Uniform with <xref type="inscription">58</xref> and closely related to <xref type="inscription">472</xref>, 
                  <xref type="inscription">473</xref>.</rs>
            </p>
<p>
               <rs type="origLocation">Unknown</rs>
            </p>
<p>
               <rs type="lastLocation">Findspot</rs>
            </p></div>


<div type="bibliography">
<head>Bibliography</head>
<p><bibl><author>Bartoccini</author>, <xptr from="quaderni"/> <biblScope>I:32</biblScope></bibl>;
               <bibl><xptr from="ae"/> <biblScope>1950:148</biblScope>.</bibl></p></div>

<div type="history" subtype="text-constituted-from">
<head>Text constituted from</head>
<p>Transcription (Reynolds, Ward-Perkins)</p></div>

<div type="edition" lang="la">
<head lang="en">Text</head>
<ab>
               <lb n="1"/><w lemma="iustitia">Iustitia</w> <w lemma="pariter">pariter</w> <w lemma="atque">ac</w>
               <lb n="2"/><w lemma="pietas">pietate</w> <w lemma="caelestis">caelesti</w> <w lemma="atque"><expan><abbr>adq</abbr><ex>ue</ex></expan></w>
               <lb n="3"/><placeName type="ethnic" reg="Romanus"><w lemma="Romanus">Romanae</w></placeName> <w lemma="felicitas">felicitatis</w>
               <lb n="4"/><w lemma="perpetuus">perpetuo</w> <w lemma="fundator">fundatori</w>
               <lb n="5"/><w lemma="dominus"><expan><abbr>d</abbr><ex>omino</ex></expan></w> <w lemma="noster"><expan><abbr>n</abbr><ex>ostro</ex></expan></w> <persName type="emperor"><name reg="Valentinianus" type="cognomen">Valentiniano</name> 
              <w lemma="uictoriosus">vic<lb n="6" type="worddiv"/>toriossimo</w> <w lemma="atque">ac</w> <w lemma="totus">totius</w>
               <lb n="7"/><w lemma="orbis">orbis</w> <name type="emperor" reg="Augustus"><expan><abbr>Aug</abbr><ex>usto</ex></expan></name></persName>  <persName type="attested"><name reg="Antonius" type="gentilicium">Antonius</name>
               <lb n="8"/><name reg="Dracontius" type="cognomen">Dracontius</name></persName> <w lemma="uir"><expan><abbr>u</abbr><ex>ir</ex></expan></w> <w lemma="clarus"><expan><abbr>c</abbr><ex>larissimus</ex></expan></w> <w lemma="ago">agens</w>
               <lb n="9"/><w lemma="uicis">uicem</w> <w lemma="praefectus">praefectorum</w> <w lemma="praetorius">prae<lb n="10" type="worddiv"/>torio</w> <w lemma="per">per</w> <placeName type="ethnic" reg="Africanus">Africanas</placeName> 
               <w lemma="prouincia">pro<lb n="11" type="worddiv"/>uincias</w> <w lemma="numen">numini</w> <w lemma="et">et</w>
               <lb n="12"/><w lemma="maiestas">maiestati</w> <w lemma="is">eius</w> <w lemma="semper">semper</w>
               <lb n="13"/><w lemma="dico">dicatissimus</w>
            </ab></div>

<div type="translation">
<head>Translation</head>
<p>To one who is in justice and sense of duty alike heavenly, and perpetual founder of Roman good fortune, 
   our lord Valentinian, most victorious, and Augustus of the whole world; Antonius Dracontius, outstanding man
   <note>i.e. member of the Roman Senate</note>, deputy for the praetorian prefects throughout the African
   provinces, always most devoted to his divine power and majesty.</p></div>

<div type="commentary">
   <head>Commentary</head>
   <p>1. Augustus: after the association of Valens with Valentinian (28 March 364) and before that of 
      Gratian (25 August 367); see  <xref type="inscription">58</xref>, 
      <xref type="inscription">472</xref> and <xref type="inscription">473</xref>.</p>
   <p>2. Dracontius: <title>PW</title> V, 1635, 3, vicarius 364-367; also in  <xref type="inscription">58</xref>, 11. 8-14;
      <xref type="inscription">472</xref>, ll. 8-12; <xref type="inscription">473</xref>, ll.8-12.</p>
</div>

<div type="figure">
<head>Photographs</head>
<p>
<figure href="0085"><figDesc>Ward-Perkins Archive, BSR (BSR 46.V.22)</figDesc></figure>
<figure href="0086"><figDesc>Ward-Perkins Archive, BSR (BSR 47.VII.24)</figDesc></figure>
</p></div></body></text></TEI.2>
