<?xml version="1.0" encoding="UTF-8"?>
<!DOCTYPE TEI.2 SYSTEM "http://www.stoa.org/epidoc/dtd/6/tei-epidoc.dtd">
<TEI.2 lang="en" id="IRT052"><teiHeader><fileDesc><titleStmt><title><rs type="textType">Dedication</rs> to Aurelian </title><editor>J. M. Reynolds</editor><editor>J. B. Ward-Perkins</editor></titleStmt><publicationStmt>
<p>Creative Commons licence Attribution UK 2.0 (<xref>http://creativecommons.org/licenses/by/2.0/uk/</xref>). </p>
<p>All reuse or distribution of this work must contain somewhere a link back to the URL <xref>http://irt.kcl.ac.uk/</xref>
            </p></publicationStmt><sourceDesc>
<p>Republished from <bibl id="irt1952">
                  <author>J. M. Reynolds</author> and <author>J. B. Ward-Perkins</author>, <title level="m">The Inscriptions of Roman Tripolitania</title>, <pubPlace>Rome</pubPlace>: <publisher>British
                  School at Rome</publisher>, <date>1952</date>. </bibl>
            </p></sourceDesc></fileDesc><encodingDesc>
<p>Marked-up according to the EpiDoc Guidelines version 5 <xref>http://www.stoa.org/epidoc/gl/5/</xref>
         </p></encodingDesc><profileDesc><langUsage><language id="ar">Arabic</language><language id="en">English</language><language id="fr">French</language><language id="de">German</language><language id="grc">Ancient Greek</language><language id="grc-Latn">Transliterated Greek</language><language id="el">Modern Greek</language><language id="he">Hebrew</language><language id="it">Italian</language><language id="la">Latin</language><language id="phn-LY">Punic</language><language id="ber-Latn">Native Libyan language in Latin script</language></langUsage><textClass/><textClass><keywords><term>
                  <geogName type="ancientRegion" key="Tripolitania">Tripolitania</geogName>
               </term><term>
                  <geogName type="modernCountry" key="LY">Libya</geogName>
               </term><term>
                  <placeName type="modernFindspot" key="http://www.geonames.org/2208578/marsa-zawaghah.html">Marsa Zawaghah</placeName>
               </term></keywords></textClass></profileDesc><revisionDesc>
<change><date>2008-09-09</date><respStmt><name>ZA</name></respStmt><item>converted using CHET-C</item></change>
<change><date>2009-05-19</date><respStmt><name>RV</name></respStmt><item>Added Figures</item></change>
<change><date>2009-08-24</date><respStmt><name>RV</name></respStmt><item>Added Figures</item></change></revisionDesc></teiHeader><text><body>

<div type="description" subtype="monument">
<head>Description of Monument</head>
<p>Upper right-hand corner of a <rs type="material">marble</rs>
               <rs type="objectType">panel</rs> (<rs type="dimensions">
                    <measure dim="width">0.38</measure>
                    <measure dim="height">0.53</measure>
                 </rs>).
</p></div>

<div type="description" subtype="text">
<head>Description of Text</head>
<p>Inscribed on the panel face.</p></div>

<div type="description" subtype="letters">
<head>Description of Letters</head>
<p> Third century capitals: <measure from="0.07" to="0.075" dim="height">0.07-0.075</measure>. Plate I, 4. </p></div>

<div type="description" subtype="date">
<head>Date</head>
<p>
               <date type="textDate" notBefore="0270" notAfter="0275" exact="both">A.D. 270-275</date> (reign).
            </p></div>

<div type="history" subtype="locations">
<head>Locations</head>
<p>
               <rs type="found">
                  <placeName type="ancientFindspot" ref="http://atlantides.org/batlas/abrotonum-sabratha-35-e2" key="db659">Sabratha</placeName>: 
                  <rs type="monuList" key="db832">Capitolium</rs>, found in the vaults; see note on <xref type="inscription">1</xref>.</rs></p>
<p>
               <rs type="origLocation">Unknown</rs>
            </p>
<p>
               <rs type="lastLocation">Findspot</rs>
            </p></div>



<div type="bibliography">
<head>Bibliography</head>
<p>Not previously published.</p></div>

<div type="history" subtype="text-constituted-from">
<head>Text constituted from</head>
<p>Transcription (Reynolds, Ward-Perkins)</p></div>

<div type="edition" lang="la">
<head lang="en">Text</head>
<ab>
               <lb n="1"/>
               <persName type="emperor"><w lemma="imperator"><supplied reason="lost"><expan><abbr>Imp</abbr><ex>eratori</ex></expan></supplied> </w>
               <name reg="Caesar" type="cognomen"><expan><supplied reason="lost"><abbr>C</abbr></supplied><abbr>aes</abbr><ex>ari</ex></expan></name> 
               <name reg="Lucius" type="praenomen"><expan><abbr>L</abbr><ex>ucio</ex></expan></name> <name reg="Domitianus" type="cognomen">Do<lb n="2" type="worddiv"/><supplied reason="lost">mitio</supplied></name> <name reg="Aurelianus" type="cognomen">Aureli<lb n="3" type="worddiv"/><supplied reason="lost">ano</supplied></name> <name reg="Pius" type="cognomen">Pio</name> <name reg="Felix" type="cognomen"><expan><abbr>Fel</abbr><ex>ici</ex></expan></name> 
               <lb n="4"/>
               <name reg="Augustus" type="cognomen"><supplied reason="lost"><expan><abbr>Aug</abbr><ex>usto</ex></expan></supplied></name>  
                  <w lemma="dominus"><supplied reason="lost"><expan><abbr>d</abbr><ex>omino</ex></expan></supplied></w>
               
               <w lemma="noster"><expan><abbr>n</abbr><ex>ostro</ex></expan></w> 
               <w lemma="pontifex"><expan><abbr>pont</abbr><ex>ifici</ex></expan></w>
               <lb n="5"/>
               <w lemma="magnus"><supplied reason="lost"><expan><abbr>max</abbr><ex>imo</ex></expan></supplied> </w>
               <w lemma="tribunicius"><expan><supplied reason="lost"><abbr>tri</abbr></supplied><abbr>b</abbr><ex>unicia</ex></expan></w> 
                  <w lemma="potestas"><expan><abbr>pote<lb n="6" type="worddiv"/><supplied reason="lost">st</supplied></abbr><supplied reason="lost"><ex>ate</ex></supplied></expan></w>
               <gap reason="lost" unit="character" extentmax="3" extent="2"/>
               <supplied reason="lost"><w lemma="pater"><expan><abbr>p</abbr><ex>atri</ex></expan> </w>
                  <w lemma="patria"><expan><abbr>p</abbr><ex>atriae</ex></expan></w></supplied>
               <lb n="7"/>
               <w lemma="consul"><expan><abbr>co</abbr><ex>n</ex><abbr>s</abbr><ex>uli</ex></expan></w></persName>
               <lb n="8"/>
               <gap reason="lost" extent="1" unit="line"/>
            </ab></div>

<div type="apparatus">
<head>Apparatus</head>
<p>
               <app><note> Augustus 270-275.</note></app>
            </p></div>

<div type="translation">
<head>Translation</head>
<p><supplied reason="lost">To Emperor</supplied> Caesar Lucius Domitius Aurelianus, Pius, Felix, 
               <supplied reason="lost">Augustus</supplied>, our <supplied reason="lost">lord, chief</supplied> priest, holding tribunician power 
               <supplied reason="lost">for the ? time father of the country</supplied>, consul<gap reason="lost"/> </p></div>

<div type="commentary">
<head>Commentary</head>
<p>No comment.</p></div>

<div type="figure">
<head>Photographs</head>
<p>
<figure href="0074"><figDesc>Ward-Perkins Archive, BSR (Sopr. DS 765 Leica)</figDesc></figure>
<figure href="0075"><figDesc>Ward-Perkins Archive, BSR (Sopr. DS 765 Leica)</figDesc></figure>
<figure href="0157"><figDesc>Ward-Perkins Archive, BSR (Sopr CS 274 bis)</figDesc></figure></p></div></body></text></TEI.2>
