<?xml version="1.0" encoding="UTF-8"?>
<!DOCTYPE TEI.2 SYSTEM "http://www.stoa.org/epidoc/dtd/6/tei-epidoc.dtd">
<TEI.2 lang="en" id="IRT036"><teiHeader><fileDesc><titleStmt><title><rs type="textType">Dedication</rs> to Geta </title><editor>J. M. Reynolds</editor><editor>J. B. Ward-Perkins</editor></titleStmt><publicationStmt>
<p>Creative Commons licence Attribution UK 2.0 (<xref>http://creativecommons.org/licenses/by/2.0/uk/</xref>). </p>
<p>All reuse or distribution of this work must contain somewhere a link back to the URL <xref>http://irt.kcl.ac.uk/</xref>
            </p></publicationStmt><sourceDesc>
<p>Republished from <bibl id="irt1952">
                  <author>J. M. Reynolds</author> and <author>J. B. Ward-Perkins</author>, <title level="m">The Inscriptions of Roman Tripolitania</title>, <pubPlace>Rome</pubPlace>: <publisher>British
                  School at Rome</publisher>, <date>1952</date>. </bibl>
            </p></sourceDesc></fileDesc><encodingDesc>
<p>Marked-up according to the EpiDoc Guidelines version 5 <xref>http://www.stoa.org/epidoc/gl/5/</xref>
         </p></encodingDesc><profileDesc><langUsage><language id="ar">Arabic</language><language id="en">English</language><language id="fr">French</language><language id="de">German</language><language id="grc">Ancient Greek</language><language id="grc-Latn">Transliterated Greek</language><language id="el">Modern Greek</language><language id="he">Hebrew</language><language id="it">Italian</language><language id="la">Latin</language><language id="phn-LY">Punic</language><language id="ber-Latn">Native Libyan language in Latin script</language></langUsage><textClass/><textClass><keywords><term>
                  <geogName type="ancientRegion" key="Tripolitania">Tripolitania</geogName>
               </term><term>
                  <geogName type="modernCountry" key="LY">Libya</geogName>
               </term><term>
                  <placeName type="modernFindspot" key="http://www.geonames.org/2208578/marsa-zawaghah.html">Marsa Zawaghah</placeName>
               </term></keywords></textClass></profileDesc><revisionDesc>
<change><date>2008-09-09</date><respStmt><name>ZA</name></respStmt><item>converted using CHET-C</item></change>
<change><date>2009-05-19</date><respStmt><name>RV</name></respStmt><item>Added Figures</item></change>
<change><date>2009-08-24</date><respStmt><name>RV</name></respStmt><item>Added Figures</item></change></revisionDesc></teiHeader><text><body>

<div type="description" subtype="monument">
<head>Description of Monument</head>
<p> Impression left by a fragment from the lower part of a lost <rs type="material">marble</rs> <rs type="objectType">panel</rs> 
               (approx. <rs type="dimensions"><measure unit="metre" type="length" dim="width">0.34</measure><measure unit="metre" type="length" dim="height">0.39</measure></rs>).</p></div>

<div type="description" subtype="text">
<head>Description of Text</head>
<p>Original text inscribed within a moulded border. </p></div>

<div type="description" subtype="letters">
<head>Description of Letters</head>
<p>Capitals: <measure unit="metre" type="length" dim="height">0.07</measure>.  </p></div>

<div type="description" subtype="date">
<head>Date</head>
<p>
               <date type="textDate" exact="both" notBefore="0198-12-10" notAfter="0199-12-09">Between 10th Dec. A.D. 198 and 9th Dec. 199. </date> (<rs type="criteria">titulature</rs>)
            </p></div>

<div type="history" subtype="locations">
<head>Locations</head>
<p>
               <rs type="found">
                  <placeName type="ancientFindspot" ref="http://atlantides.org/batlas/abrotonum-sabratha-35-e2" key="db659">Sabratha</placeName>: 
                  <rs type="monuList" key="db853">Office Baths</rs>, re-used in the fourth century pavement of the S Caldarium. </rs>
            </p>
<p>
               <rs type="origLocation">Unknown</rs>
            </p>
<p>
               
               <rs type="lastLocation">Findspot</rs>
            </p></div>


<div type="bibliography">
<head>Bibliography</head>
<p>Not previously published.</p></div>

<div type="history" subtype="text-constituted-from">
<head>Text constituted from</head>
<p>Transcription (Reynolds, Ward-Perkins)</p></div>

<div type="edition" lang="la">
<head lang="en">Text</head>
<ab>
               <lb n="1"/><persName type="emperor"><supplied reason="lost"><name reg="Publius" type="praenomen"><expan><abbr>P</abbr><ex>ublio</ex></expan></name> 
                  <name reg="Septimius" type="gentilicium">Septimio</name> <name reg="Geta" type="cognomen">Getae</name> <w lemma="nobilis">nobilissimo</w> <name reg="Caesar" type="cognomen">Caesari</name></supplied></persName>
               <lb n="2"/><supplied reason="lost"><w lemma="imperator"><expan><abbr>Imp</abbr><ex>eratoris</ex></expan></w></supplied>
               <persName type="emperor"><supplied reason="lost"><name reg="Caesar" type="cognomen"><expan><abbr>Caes</abbr><ex>aris</ex></expan></name> 
                     <name reg="Lucius" type="praenomen"><expan><abbr>L</abbr><ex>uci</ex></expan></name> 
                     <name reg="Septimius" type="gentilicium">Septimi</name> <name reg="Seuerus" type="cognomen">Seueri</name> <name reg="Pius" type="cognomen">Pii</name> <name reg="Pertinax" type="cognomen">Pertinacis</name></supplied>
               <lb n="3"/><supplied reason="lost"><name reg="Augustus" type="cognomen"><expan><abbr>Aug</abbr><ex>usti</ex></expan></name></supplied> 
                  <name><supplied reason="lost">Arab</supplied>ici</name> 
               <name reg="Adiabenicus" type="cognomen">Ad<supplied reason="lost">iabenici</supplied></name>
               <supplied reason="lost"><name reg="Parthicus" type="cognomen">Parthici</name> <w lemma="magnus">maximi</w></supplied></persName>
               <lb n="4"/><supplied reason="lost"><w lemma="tribunicius"><expan><abbr>trib</abbr><ex>unicia</ex></expan></w> 
                  <w lemma="potestas"><expan><abbr>pot</abbr><ex>estate</ex></expan></w></supplied> 
               <num value="7">VII</num> 
               <w lemma="imperator"><expan><abbr>imp</abbr><ex>eratoris</ex></expan></w>
               <num value="11">X<supplied reason="lost">I</supplied></num>
               <supplied reason="lost"><w lemma="consul"><expan><abbr>co</abbr><ex>n</ex><abbr>s</abbr><ex>ulis</ex></expan></w> 
                  <num value="2">II</num> 
                  <w lemma="pater"><expan><abbr>p</abbr><ex>atris</ex></expan></w> 
                  <w lemma="patria"><expan><abbr>p</abbr><ex>atriae</ex></expan></w> 
                  <w lemma="proconsul"><expan><abbr>proco</abbr><ex>n</ex><abbr>s</abbr><ex>ulis</ex></expan></w></supplied>
               <supplied reason="lost"><w lemma="filius">filio</w> <w lemma="et">et</w></supplied> 
               <supplied reason="lost"><w lemma="imperator"><expan><abbr>Imp</abbr><ex>eratoris</ex></expan></w></supplied>
               <lb n="5"/><persName type="emperor"><supplied reason="lost"><name reg="Antoninus" type="gentilicium">Antonini</name></supplied> 
               <name reg="Augustus" type="cognomen"><expan><abbr><supplied reason="lost">Au</supplied>g</abbr><ex>usti</ex></expan></name></persName> 
               <w lemma="frater">fratri</w> <gap reason="lost" unit="character" extent="unknown"/>
            </ab></div>


<div type="translation">
<head>Translation</head>
<p>
               <supplied reason="lost">To Publius Septimius Geta, 
               most noble Caesar, son of Emperor Caesar Lucius Septimius Severus, Pius, Pertinax, Augustus</supplied> Victor in Arabia, 
               Victor in Adiabene, <supplied reason="lost">greatest Victor in Parthia, 
               holding tribunician power for the</supplied> seventh time, acclaimed victor <supplied reason="lost">eleven times, consul twice, 
               father of the country, proconsul and</supplied> brother <supplied reason="lost">of Emperor Antoninus</supplied> Augustus <gap reason="lost"/> </p></div>

<div type="commentary">
<head>Commentary</head>
<p>l. 4. trib. pot. VII. 10 Dec. 198 to 9 Dec. 199.</p></div>

<div type="figure">
<head>Photographs</head>
<p>
<figure href="0053"><figDesc>Ward-Perkins Archive, BSR (BSR 47.IX.40)</figDesc></figure></p></div></body></text></TEI.2>
