<?xml version="1.0" encoding="UTF-8"?>
<!DOCTYPE TEI.2 SYSTEM "http://www.stoa.org/epidoc/dtd/6/tei-epidoc.dtd">
<TEI.2 lang="en" id="IRT028"><teiHeader><fileDesc><titleStmt><title><rs type="textType">Dedication</rs> to Commodus </title><editor>J. M. Reynolds</editor><editor>J. B. Ward-Perkins</editor></titleStmt><publicationStmt>
<p>Creative Commons licence Attribution UK 2.0 (<xref>http://creativecommons.org/licenses/by/2.0/uk/</xref>). </p>
<p>All reuse or distribution of this work must contain somewhere a link back to the URL <xref>http://irt.kcl.ac.uk/</xref>
            </p></publicationStmt><sourceDesc>
<p>Republished from <bibl id="irt1952">
                  <author>J. M. Reynolds</author> and <author>J. B. Ward-Perkins</author>, <title level="m">The Inscriptions of Roman Tripolitania</title>, <pubPlace>Rome</pubPlace>: <publisher>British
                  School at Rome</publisher>, <date>1952</date>. </bibl>
            </p></sourceDesc></fileDesc><encodingDesc>
<p>Marked-up according to the EpiDoc Guidelines version 5 <xref>http://www.stoa.org/epidoc/gl/5/</xref>
         </p></encodingDesc><profileDesc><langUsage><language id="ar">Arabic</language><language id="en">English</language><language id="fr">French</language><language id="de">German</language><language id="grc">Ancient Greek</language><language id="grc-Latn">Transliterated Greek</language><language id="el">Modern Greek</language><language id="he">Hebrew</language><language id="it">Italian</language><language id="la">Latin</language><language id="phn-LY">Punic</language><language id="ber-Latn">Native Libyan language in Latin script</language></langUsage><textClass/><textClass><keywords><term>
                  <geogName type="ancientRegion" key="Tripolitania">Tripolitania</geogName>
               </term><term>
                  <geogName type="modernCountry" key="LY">Libya</geogName>
               </term><term>
                  <placeName type="modernFindspot" key="http://www.geonames.org/2208578/marsa-zawaghah.html">Marsa Zawaghah</placeName>
               </term></keywords></textClass></profileDesc><revisionDesc>
<change><date>2008-09-09</date><respStmt><name>ZA</name></respStmt><item>converted using CHET-C</item></change>
<change><date>2009-05-19</date><respStmt><name>RV</name></respStmt><item>Added Figures</item></change>
<change><date>2009-08-24</date><respStmt><name>RV</name></respStmt><item>Added Figures</item></change></revisionDesc></teiHeader><text><body>

<div type="description" subtype="monument">
<head>Description of Monument</head>
<p> Fragment of a <rs type="material">marble</rs> <rs type="objectType">panel</rs> 
               (<rs type="dimensions"><measure unit="metre" type="length" dim="width">0.40</measure><measure unit="metre" type="length" dim="height">0.33</measure></rs>, no edges surviving).</p></div>

<div type="description" subtype="text">
<head>Description of Text</head>
<p>Inscribed on the surviving face.</p></div>

<div type="description" subtype="letters">
<head>Description of Letters</head>
<p>Lapidary capitals: lines 1-2, <measure unit="metre" type="length" dim="height">0.075</measure>,
               lines 3-4, <measure unit="metre" type="length" dim="height">0.06</measure>.</p></div>

<div type="description" subtype="date">
<head>Date</head>
<p>
               <date type="textDate" value="0185" precision="exact">A.D. 185</date>
               (<rs type="criteria">titulature</rs>)
            </p></div>

<div type="history" subtype="locations">
<head>Locations</head>
<p>
               <rs type="found">
                  <placeName type="ancientFindspot" ref="http://atlantides.org/batlas/abrotonum-sabratha-35-e2" key="db659">Sabratha</placeName>:
                  <rs type="monuList" key="db832">Capitolium</rs>, found in the vaults; see note on <xref type="inscription">1</xref>.</rs></p>
<p>
               <rs type="origLocation">Unknown</rs>
            </p>
<p>
               <rs type="lastLocation">Findspot</rs>
            </p></div>



<div type="bibliography">
<head>Bibliography</head>
<p>Not previously published.</p></div>

<div type="history" subtype="text-constituted-from">
<head>Text constituted from</head>
<p>Transcription (Reynolds, Ward-Perkins)</p></div>

<div type="edition" lang="la">
<head lang="en">Text</head>
<ab>
               <lb n="1"/><supplied reason="lost"><w lemma="imperator"><expan><abbr>Imp</abbr><ex>eratori</ex></expan></w></supplied>
               <persName type="emperor"><supplied reason="lost"><name reg="Caesar" type="cognomen"><expan><abbr>Caes</abbr><ex>ari</ex></expan></name> 
                  <name reg="Marcus" type="praenomen"><expan><abbr>M</abbr><ex>arco</ex></expan></name></supplied>
               <name reg="Aurelius" type="gentilicium"><supplied reason="lost">Aureli</supplied>o</name> <name reg="Commodus" type="cognomen">Com<supplied reason="lost">modo</supplied></name> 
               <lb n="2"/>
               <supplied reason="lost"><name reg="Antoninus" type="gentilicium">Antonino</name> <name reg="Augustus" type="cognomen"><expan><abbr>Aug</abbr><ex>usto</ex></expan></name></supplied> <name reg="Pius" type="cognomen">Pio</name> <name reg="Felix" type="cognomen">Felici</name> 
               <name reg="Sarmaticus" type="cognomen"><expan><abbr>Sar</abbr><ex>matico</ex></expan></name> 
               <name reg="Germanicus" type="cognomen"><expan><abbr><unclear reason="damage">G</unclear><supplied reason="lost">erm</supplied></abbr><supplied reason="lost"><ex>anico</ex></supplied></expan></name>
               <lb n="3"/><supplied reason="lost"><name reg="Britannicus" type="cognomen">Britannico</name></supplied></persName>
               <w lemma="pontifex"><expan><abbr><supplied reason="lost">po</supplied>nt</abbr><ex>ifici</ex></expan></w>
               <w lemma="magnus"><expan><abbr>max</abbr><ex>imo</ex></expan></w> 
               <w lemma="tribunicius"><expan><abbr>trib</abbr><supplied reason="lost"><ex>unicia</ex></supplied></expan></w>
                  <supplied reason="lost"><w lemma="potestas"><expan><abbr>pot</abbr><ex>estate</ex></expan></w> 
                     <num value="10">X</num></supplied>
               <lb n="4"/><supplied reason="lost"><w lemma="imperator"><expan><abbr>imp</abbr><ex>eratori</ex></expan></w> 
                  <num value="7">VII</num>
                  <w lemma="consul"><expan><abbr>co</abbr><ex>n</ex><abbr>s</abbr><ex>uli</ex></expan></w></supplied> 
                  <num value="4"><supplied reason="lost">I</supplied>V</num>
                  <w lemma="designo"><expan><abbr>desig</abbr><ex>nato</ex></expan></w> 
                  <num value="5">V</num> 
                  <supplied reason="lost"><w lemma="pater"><expan><abbr>p</abbr><ex>atri</ex></expan></w> 
                  <w lemma="patria"><expan><abbr>p</abbr><ex>atriae</ex></expan></w></supplied>
               <gap reason="lost" extent="unknown" unit="character"/>
            </ab></div>


<div type="translation">
<head>Translation</head>
<p><supplied reason="lost">To Emperor Caesar Marcus Aurelius</supplied> Commodus <supplied reason="lost">Antoninus Augustus</supplied>, 
               Pius, Felix, Victor in Sarmatia, Victor in G<supplied reason="lost">ermany, victor in Britain</supplied>, 
               chief priest, holding tribunician <supplied reason="lost">power 
               for the tenth time, acclaimed victor seven times, consul</supplied> four times, designated for the fifth time <supplied reason="lost">father of the country</supplied> 
               <gap reason="lost"/></p></div>

<div type="commentary">
<head>Commentary</head>
<p>l. 2. Felix in 185.</p>
<p>l. 4. Cos. IV, l Jan. 183; cos. V, 1 Jan. 186.</p></div>

<div type="figure">
<head>Photographs</head>
<p>
<figure href="0040"><figDesc>Ward-Perkins Archive, BSR (Sopr. DS 788 Leica)</figDesc></figure></p></div></body></text></TEI.2>
