<?xml version="1.0" encoding="UTF-8"?>
<!DOCTYPE TEI.2 SYSTEM "http://www.stoa.org/epidoc/dtd/6/tei-epidoc.dtd">
<TEI.2 lang="en" id="IRT002"><teiHeader><fileDesc><titleStmt><title><rs type="textType">Dedication</rs> to Caelestis for health of emperors</title><editor>J. M. Reynolds</editor><editor>J. B. Ward-Perkins</editor></titleStmt><publicationStmt>
<p>Creative Commons licence Attribution UK 2.0 (<xref>http://creativecommons.org/licenses/by/2.0/uk/</xref>). </p>
<p>All reuse or distribution of this work must contain somewhere a link back to the URL <xref>http://irt.kcl.ac.uk/</xref>
            </p></publicationStmt><sourceDesc>
<p>Republished from <bibl id="irt1952">
                  <author>J. M. Reynolds</author> and <author>J. B. Ward-Perkins</author>, <title level="m">The Inscriptions of Roman Tripolitania</title>, <pubPlace>Rome</pubPlace>: <publisher>British
                  School at Rome</publisher>, <date>1952</date>. </bibl>
            </p></sourceDesc></fileDesc><encodingDesc>
<p>Marked-up according to the EpiDoc Guidelines version 5 <xref>http://www.stoa.org/epidoc/gl/5/</xref>
         </p></encodingDesc><profileDesc><langUsage><language id="ar">Arabic</language><language id="en">English</language><language id="fr">French</language><language id="de">German</language><language id="grc">Ancient Greek</language><language id="grc-Latn">Transliterated Greek</language><language id="el">Modern Greek</language><language id="he">Hebrew</language><language id="it">Italian</language><language id="la">Latin</language><language id="phn-LY">Punic</language><language id="ber-Latn">Native Libyan language in Latin script</language></langUsage><textClass/><textClass><keywords><term>
                  <geogName type="ancientRegion" key="Tripolitania">Tripolitania</geogName>
               </term><term>
                  <geogName type="modernCountry" key="LY">Libya</geogName>
               </term><term>
                  <placeName type="modernFindspot" key="http://www.geonames.org/2208578/marsa-zawaghah.html">Marsa Zawaghah</placeName>
               </term></keywords></textClass></profileDesc><revisionDesc>
                  <change>
                     <date>2009-11-03</date>
                     <respStmt><name>GB</name></respStmt>
                     <item>Cleaned up abbreviations</item>
                  </change>
<change><date>2008-09-09</date><respStmt><name>ZA</name></respStmt><item>converted using CHET-C</item></change>
<change><date>2009-05-19</date><respStmt><name>RV</name></respStmt><item>Added Figures</item></change>
<change><date>2009-08-24</date><respStmt><name>RV</name></respStmt><item>Added Figures</item></change></revisionDesc></teiHeader><text><body>

<div type="description" subtype="monument">
<head>Description of Monument</head>
<p>Moulded <rs type="material">marble</rs> <rs type="objectType">base</rs>
               (<rs type="dimensions"><measure unit="metre" type="length" dim="width">0.59</measure><measure unit="metre" type="length" dim="height">1.04</measure><measure unit="metre" type="length" dim="depth">0.66</measure></rs>) with socket for statue on top.</p></div>

<div type="description" subtype="text">
<head>Description of Text</head>
<p>Inscribed on one face 
               (die, <rs type="dimensions"><measure unit="metre" type="length" dim="width">0.44</measure><measure unit="metre" type="length" dim="height">0.55</measure></rs>).</p></div>

<div type="description" subtype="letters">
<head>Description of Letters</head>
<p>Second century capitals: <measure unit="metre" type="length" dim="height">0.03</measure>. </p></div>

<div type="description" subtype="date">
<head>Date</head>
<p>
               <date type="textDate" notBefore="0177" notAfter="0180" exact="both">A.D. 177-180</date>
   (<rs type="criteria">reign</rs>).
            </p></div>

<div type="history" subtype="locations">
<head>Locations</head>
<p>
               <rs type="found">
                  <placeName type="ancientFindspot" ref="http://atlantides.org/batlas/abrotonum-sabratha-35-e2" key="db659">Sabratha</placeName>:
                  <rs type="monuList" key="db854">Port area</rs></rs>
            </p>
<p>
               <rs type="origLocation">Unknown</rs>
            </p>
<p>
               <rs type="lastLocation"><rs type="monuList" key="db660">Sabratha Museum</rs>. </rs>
            </p></div>



<div type="bibliography">
<head>Bibliography</head>
<p><bibl><xptr from="cil"/> <biblScope>VIII:22689</biblScope></bibl>;
               <bibl><author>Aurigemma</author>,  <xptr from="notizarch"/> <biblScope>I:241</biblScope> ff. and fig.</bibl>;
               <bibl><xptr from="afrital"/>, <biblScope>VII:134</biblScope>, fig. 2</bibl>.</p></div>

<div type="history" subtype="text-constituted-from">
<head>Text constituted from</head>
<p>Transcription (Reynolds, Ward-Perkins)</p></div>

<div type="edition" lang="la">
<head lang="en">Text</head>
<ab>
               <lb n="1"/>
               <persName type="divine"><w lemma="dominus"><supplied reason="lost">Do</supplied>minae</w> <name reg="Caelestis" type="cognomen">Caelesti</name></persName> 
               <lb n="2"/><w lemma="pro"><supplied reason="lost">pro</supplied></w> <w lemma="salus">salute</w> 
                <w lemma="imperator"><expan><abbr>Imp<am>p</am></abbr><ex>eratorum</ex></expan></w>
               <lb n="3"/><persName type="emperor"><name reg="Marcus" type="praenomen"><supplied reason="lost"><expan><abbr>M</abbr><ex>arci</ex></expan></supplied></name> 
                <name reg="Aurelius" type="gentilicium"><supplied reason="lost">A</supplied>ureli</name> <name reg="Antoninus" type="gentilicium">Antonini</name></persName> <w lemma="et">et</w> 
               <lb n="4"/><persName type="emperor"><name reg="Marcus" type="praenomen"><expan><abbr>M</abbr><ex>arci</ex></expan></name>
                <name reg="Aurelius" type="gentilicium">Aureli</name> <name reg="Commodus" type="cognomen">Commodo</name></persName>  <note>sic</note>
                <lb n="5"/><persName type="emperor"><name reg="Augustus" type="cognomen"><expan><abbr>Aug</abbr><ex>ustorum</ex></expan></name></persName>  
               <del rend="erasure"><supplied reason="lost"><w lemma="et">et</w> 
                  <persName type="emperor"><name reg="Crispina" type="cognomen">Crispinae</name> 
                   <name reg="Augusta" type="cognomen"><expan><abbr>Aug<am>g</am></abbr><ex>ustae</ex></expan></name></persName></supplied></del>
               <lb n="6"/><del rend="erasure"><gap reason="lost" extent="1" unit="line"/></del>
               <lb n="7"/><persName type="attested"><name reg="Lucius" type="praenomen"><expan><abbr>L</abbr><ex>ucius</ex></expan></name> <name reg="Aemilius" type="gentilicium">Aemilius</name> 
                <name reg="Calpurnianus" type="cognomen">Calpurni
               <lb n="8"/>anus</name> <name reg="Muse" type="cognomen">Muse</name></persName> <w lemma="et">et</w> 
               <persName type="attested"><name reg="Mucia" type="gentilicium">Mucia</name> 
               <lb n="9"/><name reg="Pudentilla" type="cognomen">Pudentilla</name></persName> <w lemma="is">eius</w> 
               <lb n="10"/><w lemma="ob">ob</w> <w lemma="honor">honorem</w>
               <lb n="11"/><persName type="attested"><name reg="Lucius" type="praenomen"><expan><abbr>L</abbr><ex>uci</ex></expan></name> <name reg="Aemilius" type="gentilicium">Aemili</name> 
                <name reg="Mucianus" type="cognomen">Muciani</name></persName> <w lemma="et">et</w> 
               <lb n="12"/>
               <persName type="attested"><name reg="Quintus" type="praenomen"><expan><abbr>Q</abbr><ex>uinti</ex></expan></name> 
                  <name reg="Aemilius" type="gentilicium">Aemili</name> 
                <name reg="Augurinus" type="cognomen">Augurini</name></persName> 
               <lb n="13"/><w lemma="quondam">quondam</w> <w lemma="filius">filiorum</w>  
               <lb n="14"/><w lemma="pius">piissimorum</w> <w lemma="do"><expan><abbr>d</abbr><ex>ederunt</ex></expan></w> 
               <w lemma="dedico"><expan><abbr>d</abbr><ex>edicauerunt</ex></expan></w> 
            </ab></div>

<div type="apparatus">
<head>Apparatus</head>
<p>
               <app loc="2"><lem>IMPP.</lem></app>
            </p>
<p>
               <app loc="5"><lem>AVGG.</lem></app>
            </p></div>

<div type="translation">
<head>Translation</head>
<p>To Mistress Caelestis, for the welfare of Emperors <supplied reason="lost">Marcus A</supplied>urelius
            Antoninus and Marcus Aurelius Commodus, Augusti, <del rend="erasure"><supplied reason="lost">and Crispina Augusta</supplied>
            <gap reason="lost"/></del>; Lucius Aemilius Calpurnianus Muse and his wife, Mucia Pudentilla, gave and
            dedicated <supplied reason="subaudible">this</supplied> on account of the honours paid to Lucius Aemilius
            Mucianus and Quintus Aemilius Augurinus, formerly their most dutiful sons.</p></div>

<div type="commentary">
<head>Commentary</head>
<p>Commodus' name (l. 4) was erased after his death in 192 but reinserted later.</p>
<p>Commodus was Augustus with his father from 177 to l80. </p>
<p>For the lost line 6 Aurigemma, loc. cit., suggests <foreign lang="la">matris castrorum</foreign> or <foreign lang="la">matris senatus</foreign>, titles which are not 
                     elsewhere attested for Crispina.</p></div>

<div type="figure">
<head>Photographs</head>
<p>
<figure href="0002"><figDesc>Ward-Perkins Archive, BSR (BSR 47.X.23)</figDesc></figure>
<figure href="0003"><figDesc>Ward-Perkins Archive, BSR (Sopr. DS 860 Leica)</figDesc></figure></p></div></body></text></TEI.2>
