<?xml version="1.0" encoding="UTF-8"?>
<!DOCTYPE TEI.2 SYSTEM "http://www.stoa.org/epidoc/dtd/6/tei-epidoc.dtd">
<TEI.2 lang="en" id="IRT027"><teiHeader><fileDesc><titleStmt><title><rs type="textType">Dedication</rs> to Commodus </title><editor>J. M. Reynolds</editor><editor>J. B. Ward-Perkins</editor></titleStmt><publicationStmt>
<p>Creative Commons licence Attribution UK 2.0 (<xref>http://creativecommons.org/licenses/by/2.0/uk/</xref>). </p>
<p>All reuse or distribution of this work must contain somewhere a link back to the URL <xref>http://irt.kcl.ac.uk/</xref>
            </p></publicationStmt><sourceDesc>
<p>Republished from <bibl id="irt1952">
                  <author>J. M. Reynolds</author> and <author>J. B. Ward-Perkins</author>, <title level="m">The Inscriptions of Roman Tripolitania</title>, <pubPlace>Rome</pubPlace>: <publisher>British
                  School at Rome</publisher>, <date>1952</date>. </bibl>
            </p></sourceDesc></fileDesc><encodingDesc>
<p>Marked-up according to the EpiDoc Guidelines version 5 <xref>http://www.stoa.org/epidoc/gl/5/</xref>
         </p></encodingDesc><profileDesc><langUsage><language id="ar">Arabic</language><language id="en">English</language><language id="fr">French</language><language id="de">German</language><language id="grc">Ancient Greek</language><language id="grc-Latn">Transliterated Greek</language><language id="el">Modern Greek</language><language id="he">Hebrew</language><language id="it">Italian</language><language id="la">Latin</language><language id="phn-LY">Punic</language><language id="ber-Latn">Native Libyan language in Latin script</language></langUsage><textClass/><textClass><keywords><term>
                  <geogName type="ancientRegion" key="Tripolitania">Tripolitania</geogName>
               </term><term>
                  <geogName type="modernCountry" key="LY">Libya</geogName>
               </term><term>
                  <placeName type="modernFindspot" key="http://www.geonames.org/2208578/marsa-zawaghah.html">Marsa Zawaghah</placeName>
               </term></keywords></textClass></profileDesc><revisionDesc>
<change><date>2008-09-09</date><respStmt><name>ZA</name></respStmt><item>converted using CHET-C</item></change>
<change><date>2009-05-19</date><respStmt><name>RV</name></respStmt><item>Added Figures</item></change>
<change><date>2009-08-24</date><respStmt><name>RV</name></respStmt><item>Added Figures</item></change></revisionDesc></teiHeader><text><body>

<div type="description" subtype="monument">
<head>Description of Monument</head>
<p> Impression left by a fragment of a lost <rs type="material">marble</rs> <rs type="objectType">panel</rs>
               (approx. <rs type="dimensions"><measure unit="metre" type="length" dim="width">1.98</measure><measure unit="metre" type="length" dim="height">0.83</measure></rs>,
               when excavated). 
               With a <rs type="decoration">moulded border</rs> top and bottom, reused in the late fourth century
               paving at the west end of the North Forum Portico; see also  <xref type="inscription">23</xref>,
               <xref type="inscription">41</xref>, <xref type="inscription">43</xref>, <xref type="inscription">95</xref>.
            </p></div>

<div type="description" subtype="text">
<head>Description of Text</head>
<p>Originally inscribed on marble. Read by Bartoccini when first excavated; now much deteriorated. </p></div>

<div type="description" subtype="letters">
<head>Description of Letters</head>
<p>Capitals: line 1, <measure unit="metre" type="length" dim="height">0.135</measure>; line 2, <measure unit="metre" type="length" dim="height">0.13</measure>; line 3, <measure unit="metre" type="length" dim="height">0.125</measure>; line 4, <measure unit="metre" type="length" dim="height">0.09</measure>.</p></div>

<div type="description" subtype="date">
<head>Date</head>
<p>
               <date type="textDate" notBefore="0183-01-01" notAfter="0184" exact="notBefore">A.D. 183-184</date>
            (<rs type="criteria">titulature</rs>)</p></div>

<div type="history" subtype="locations">
<head>Locations</head>
<p>
               <rs type="found">
                  <placeName type="ancientFindspot" ref="http://atlantides.org/batlas/abrotonum-sabratha-35-e2" key="db659">Sabratha</placeName>: 
                  The W end of the <rs type="monuList" key="db852">North Forum Portico</rs></rs>
            </p>
<p>
               <rs type="origLocation">Unknown</rs>
            </p>
<p>
               <rs type="lastLocation">Findspot</rs>
            </p></div>



<div type="bibliography">
<head>Bibliography</head>
<p><bibl><author>Bartoccini</author>,  <xptr from="quaderni"/> <biblScope>I:53</biblScope></bibl>.</p></div>

<div type="history" subtype="text-constituted-from">
<head>Text constituted from</head>
<p>Transcription (Reynolds, Ward-Perkins)</p></div>

<div type="edition" lang="la">
<head lang="en">Text</head>
<ab>
               <lb n="1"/><supplied reason="lost"><w lemma="imperator"><expan><abbr>Imp</abbr><ex>eratori</ex></expan></w></supplied>
               <persName type="emperor"><supplied reason="lost"><name reg="Caesar" type="cognomen">Caesari</name></supplied> 
               <persName type="emperor"><w lemma="diuus"><supplied reason="lost">di</supplied>ui</w> 
               <name reg="Marcus" type="praenomen">Ma<supplied reason="lost">rci</supplied></name> 
               <name reg="Antoninus" type="gentilicium">Antonini</name> <name reg="Pius" type="cognomen">Pii</name></persName> <w lemma="filius">f<supplied reason="lost">ilio</supplied></w> 
               <persName type="emperor"><supplied reason="lost"><w lemma="diuus">diui</w> <name reg="Pius" type="cognomen">Pii</name></supplied></persName> 
               <supplied reason="lost"><w lemma="nepos"><expan><abbr>nep</abbr><ex>oti</ex></expan></w></supplied>
               <lb n="2"/><supplied reason="lost"><persName type="emperor"><w lemma="diuus">diui</w> <name reg="Hadrianus" type="cognomen">Hadriani</name></persName></supplied>
               <w lemma="pronepos"><expan><abbr><supplied reason="lost">p</supplied>ron</abbr><ex>epoti</ex></expan></w> 
               <persName type="emperor"><w lemma="diuus"><supplied reason="lost">di</supplied>ui</w> 
               <name reg="Traianus" type="cognomen"><unclear>T</unclear><supplied reason="lost">rai</supplied>ani</name> 
               <name reg="Parthicus" type="cognomen">Par<supplied reason="lost">thic</supplied>i</name> 
               <w lemma="magnus"><expan><abbr>m<supplied reason="lost">a</supplied><unclear>x</unclear></abbr><ex>imi</ex></expan></w></persName>  
               <supplied reason="lost"><w lemma="abnepos"><expan><abbr>abn</abbr><ex>epoti</ex></expan></w> 
                  <persName type="emperor"><w lemma="diuus">diui</w> <name reg="Nerua" type="cognomen">Neruae</name></persName></supplied>
               <lb n="3"/><supplied reason="lost"><w lemma="adnepos"><expan><abbr>adn</abbr><ex>epoti</ex></expan></w> 
                  <name reg="Marcus" type="praenomen"><expan><abbr>M</abbr><ex>arco</ex></expan></name> <name reg="Aurelius" type="gentilicium">Aurelio</name></supplied> 
               <name reg="Commodus" type="cognomen"><supplied reason="lost">Com</supplied>modo</name> 
               <name reg="Antoninus" type="gentilicium"><supplied reason="lost">Anton</supplied>i<supplied reason="lost">n</supplied>o</name> 
               <name reg="Augustus" type="cognomen"><expan><abbr>Aug</abbr><ex>usto</ex></expan></name> <name reg="Pius" type="cognomen">Pio</name>
               <name reg="Sarmaticus" type="cognomen"><supplied reason="lost">Sarm</supplied>ati<supplied reason="lost">co</supplied></name>
               <supplied reason="lost"><name reg="Germanicus" type="cognomen">Germanico</name> 
                  <w lemma="magnus"><expan><abbr>max</abbr><ex>imo</ex></expan></w></supplied></persName>
               <lb n="4"/><supplied reason="lost"><w lemma="pontifex"><expan><abbr>pont</abbr><ex>ifici</ex></expan></w> 
                  <w lemma="magnus"><expan><abbr>max</abbr><ex>imo</ex></expan></w> 
                  <w lemma="tribunicius"><expan><abbr>trib</abbr><ex>unicia</ex></expan></w> 
                  <w lemma="potestas"><expan><abbr>pot</abbr><ex>estate</ex></expan></w>
                  <num><gap reason="lost" extent="1" extentmax="4" unit="character"/></num></supplied> 
               <w lemma="imperator"><expan><abbr><supplied reason="lost">im</supplied>p</abbr><ex>eratori</ex></expan></w> 
               <num value="6">VI</num>
               <w lemma="consul"><expan><abbr>co</abbr><ex>n</ex><abbr>s</abbr><ex>uli</ex></expan></w> 
               <num value="4">IIII</num>
               <supplied reason="lost"><w lemma="pater"><expan><abbr>p</abbr><ex>atri</ex></expan></w> 
                  <w lemma="patria"><expan><abbr>p</abbr><ex>atriae</ex></expan></w></supplied>
               <gap reason="lost" extent="unknown" unit="character"/>
            </ab></div>

<div type="edition" lang="la" subtype="reconstruction">
<ab>
               <note> The text given is Bartoccini's. The surviving letters were read in 1948 as follows: </note>
                  <lb n="1"/><gap reason="lost" extent="unknown" unit="character"/><persName type="emperor"><name reg="Antoninus" type="gentilicium"><supplied reason="lost">A</supplied>ntonini</name> 
                     <name reg="Pius" type="cognomen"><unclear>P</unclear>ii</name></persName> 
                  <supplied reason="lost">filio</supplied><gap reason="lost" extent="unknown" unit="character"/>
               <lb n="2"/><gap reason="lost" extent="unknown" unit="character"/><persName type="emperor"><supplied reason="lost"><w lemma="diuus">diui</w></supplied> <name reg="Traianus" type="cognomen"><supplied reason="lost">Tra</supplied>iani</name> 
                     <name reg="Parthicus" type="cognomen">Par<supplied reason="lost">t</supplied>h<supplied reason="lost">ic</supplied>i</name></persName>
                  <w lemma="abnepos"><unclear>a</unclear>b<supplied reason="lost">nepoti</supplied></w><gap reason="lost" extent="unknown" unit="character"/>
                  <lb n="3"/><gap reason="lost" extent="unknown" unit="character"/><name reg="Antoninus" type="gentilicium"><supplied reason="lost">Antonin</supplied>o</name>
                  <name reg="Augustus" type="cognomen"><expan><abbr>Aug</abbr><ex>usto</ex></expan></name><gap reason="lost" extent="unknown" unit="character"/>
                  <lb n="4"/><gap reason="lost" extent="unknown" unit="character"/><w lemma="imperator"><expan><abbr><supplied reason="lost">im</supplied>p</abbr><ex>eratori</ex></expan></w>
                  <num value="6">VI</num> <w lemma="consul"><expan><abbr>co</abbr><ex>n</ex><abbr>s</abbr><ex>uli</ex></expan></w> <num value="4">IIII</num>
                  <gap reason="lost" extent="unknown" unit="character"/>
            </ab></div>

<div type="apparatus">
<head>Apparatus</head>
<p>
               <app/>
            </p>
<p>
               <app><note>So Bartoccini; but see note above, the more usual form.</note></app>
            </p>
<p>
               <app><note>l. 4. Commodus was <foreign lang="la">cos. IV</foreign> from 1 Jan. 183;
                     <foreign lang="la">imp. VI</foreign> in 183 and <foreign lang="la">imp. VII</foreign> in 184.</note></app>
            </p></div>

<div type="translation">
<head>Translation</head>
<p><supplied reason="lost">To Emperor Caesar, son of</supplied> deified Marcus Antonius Pius, <supplied reason="lost">grandson of deified Pius</supplied>, 
               great-grandson <supplied reason="lost">of deified Hadrian,great-great-grandson</supplied> of deified Trajan, greatest victor in Parthia, 
               <supplied reason="lost">great-great-great-grandson of deified Nerva, Marcus Aurelius</supplied> Commodus <supplied reason="lost">Antoninus</supplied> 
               Augustus, Pius, <supplied reason="lost">victor in</supplied> Sarmatia, <supplied reason="lost">greatest victor in Germany, chief priest, 
               holding tribunician power for the . . . time, acclaimed victor</supplied> six times, consul for the fourth time, <supplied reason="lost">father of the country</supplied>
               <gap reason="lost"/></p></div>

<div type="commentary">
<head>Commentary</head>
<p>No comment</p></div>

<div type="figure">
<head>Photographs</head><p>No photographs.</p></div></body></text></TEI.2>
