<?xml version="1.0" encoding="UTF-8"?>
<!DOCTYPE TEI.2 SYSTEM "http://www.stoa.org/epidoc/dtd/6/tei-epidoc.dtd">
<TEI.2 lang="en" id="IRT048"><teiHeader><fileDesc><titleStmt><title><rs type="textType">Dedication</rs>to Philip by Sabratha </title><editor>J. M. Reynolds</editor><editor>J. B. Ward-Perkins</editor></titleStmt><publicationStmt>
<p>Creative Commons licence Attribution UK 2.0 (<xref>http://creativecommons.org/licenses/by/2.0/uk/</xref>). </p>
<p>All reuse or distribution of this work must contain somewhere a link back to the URL <xref>http://irt.kcl.ac.uk/</xref>
            </p></publicationStmt><sourceDesc>
<p>Republished from <bibl id="irt1952">
                  <author>J. M. Reynolds</author> and <author>J. B. Ward-Perkins</author>, <title level="m">The Inscriptions of Roman Tripolitania</title>, <pubPlace>Rome</pubPlace>: <publisher>British
                  School at Rome</publisher>, <date>1952</date>. </bibl>
            </p></sourceDesc></fileDesc><encodingDesc>
<p>Marked-up according to the EpiDoc Guidelines version 5 <xref>http://www.stoa.org/epidoc/gl/5/</xref>
         </p></encodingDesc><profileDesc><langUsage><language id="ar">Arabic</language><language id="en">English</language><language id="fr">French</language><language id="de">German</language><language id="grc">Ancient Greek</language><language id="grc-Latn">Transliterated Greek</language><language id="el">Modern Greek</language><language id="he">Hebrew</language><language id="it">Italian</language><language id="la">Latin</language><language id="phn-LY">Punic</language><language id="ber-Latn">Native Libyan language in Latin script</language></langUsage><textClass/><textClass><keywords><term>
                  <geogName type="ancientRegion" key="Tripolitania">Tripolitania</geogName>
               </term><term>
                  <geogName type="modernCountry" key="LY">Libya</geogName>
               </term><term>
                  <placeName type="modernFindspot" key="http://www.geonames.org/2208578/marsa-zawaghah.html">Marsa Zawaghah</placeName>
               </term></keywords></textClass></profileDesc><revisionDesc>
<change><date>2008-09-09</date><respStmt><name>ZA</name></respStmt><item>converted using CHET-C</item></change>
<change><date>2009-05-19</date><respStmt><name>RV</name></respStmt><item>Added Figures</item></change>
<change><date>2009-08-24</date><respStmt><name>RV</name></respStmt><item>Added Figures</item></change></revisionDesc></teiHeader><text><body>

<div type="description" subtype="monument">
<head>Description of Monument</head>
<p> <rs type="material">Marble</rs> <rs type="objectType">panel</rs> 
               (<rs type="dimensions"><measure unit="metre" type="length" dim="width">0.58</measure><measure unit="metre" type="length" dim="height">0.74</measure></rs>).  </p></div>

<div type="description" subtype="text">
<head>Description of Text</head>
<p>Inscribed on one face.</p></div>

<div type="description" subtype="letters">
<head>Description of Letters</head>
<p>Third century capitals, mainly lapidary:  <measure from="0.05" to="0.065" unit="metre" type="length" dim="height">0.05-0.065</measure>. </p></div>

<div type="description" subtype="date">
<head>Date</head>
<p>
               <date type="textDate" notBefore="0247" notAfter="0249" exact="both">A.D. 247-249</date> (<rs type="criteria">reign</rs>).
            </p></div>

<div type="history" subtype="locations">
<head>Locations</head>
<p>
               <rs type="found">
                  <placeName type="ancientFindspot" ref="http://atlantides.org/batlas/abrotonum-sabratha-35-e2" key="db659">Sabratha</placeName>:  
                  <rs type="monuList" key="db832">Capitolium</rs>, found in the vaults; see note on <xref type="inscription">1</xref>.</rs>
            </p>
<p>
               <rs type="origLocation">Unknown</rs>
            </p>
<p>
               <rs type="lastLocation">Findspot</rs>
            </p></div>



<div type="bibliography">
<head>Bibliography</head>
<p>Not previously published.</p></div>

<div type="history" subtype="text-constituted-from">
<head>Text constituted from</head>
<p>Transcription (Reynolds, Ward-Perkins)</p></div>

<div type="edition" lang="la">
<head lang="en">Text</head>
<ab>
               <lb n="1"/><persName type="emperor"><name reg="Marcus" type="praenomen"><expan><abbr>M</abbr><ex>arco</ex></expan></name> <name reg="Iulius" type="gentilicium">Iulio</name> <name reg="Philippus" type="cognomen">Philippo</name>
               <lb n="2"/><w lemma="nobilis">nobilissimo</w> 
               <name reg="Caesar" type="cognomen">Cae<lb n="3" type="worddiv"/>sari</name> <name reg="Pius" type="cognomen">Pio</name> <name reg="Felix" type="cognomen"><expan><abbr>Fel</abbr><ex>ici</ex></expan></name> 
                  <name reg="Augustus" type="cognomen"><expan><abbr>Aug</abbr><ex>usto</ex></expan></name></persName>
               <lb n="4"/><w lemma="princeps">principi</w> <w lemma="iuuentus">iuuentutis</w> <w lemma="dominus"><expan><abbr>d</abbr><ex>omino</ex></expan></w> 
               <w lemma="noster"><expan><abbr>n</abbr><ex>ostro</ex></expan></w>
               <lb n="5"/><w lemma="imperator"><expan><abbr>Imp</abbr><ex>eratoris</ex></expan></w> 
               <persName type="emperor"><name reg="Caesar" type="cognomen"><expan><abbr>Caes</abbr><ex>aris</ex></expan></name> 
               <name reg="Marcus" type="praenomen"><expan><abbr>M</abbr><ex>arci</ex></expan></name> <name reg="Iulius" type="gentilicium">Iuli</name> 
               <name reg="Philippus" type="cognomen">Philip<lb n="6" type="worddiv"/>pi</name> <name reg="Pius" type="cognomen">Pii</name> <name reg="Felix" type="cognomen"><expan><abbr>Fel</abbr><ex>icis</ex></expan></name> 
               <name reg="Augustus" type="cognomen"><expan><abbr>Aug</abbr><ex>usti</ex></expan></name></persName> 
               <w lemma="dominus"><expan><abbr>d</abbr><ex>omini</ex></expan></w>
               <w lemma="nos"><expan><abbr>n</abbr><ex>ostri</ex></expan></w> <w lemma="filius">filio</w>
               <lb n="7"/><placeName type="ethnic" reg="Sabrathensis"><expan><abbr>Sabr</abbr><ex>athenses</ex></expan></placeName> 
               <w lemma="publice"><expan><abbr>publ</abbr><ex>ice</ex></expan></w>
            </ab></div>



<div type="translation">
<head>Translation</head>
<p>To Marcus Julius Philippus, most noble Caesar, Pius, Felix, Augustus, chief of the youth, our lord, 
               son of Emperor Caesar Marcus Julius Philippus, Pius, Felix, Augustus, our lord; the people of Sabratha <supplied reason="subaudible">set this up</supplied> publicly.</p></div>

<div type="commentary">
<head>Commentary</head>
<p>l. 3. Augustus 247-249.</p></div>

<div type="figure">
<head>Photographs</head>
<p>
<figure href="0067"><figDesc>Ward-Perkins Archive, BSR (Sopr. CS 217)</figDesc></figure>
<figure href="0070"><figDesc>Ward-Perkins Archive, BSR (Sopr. DS 781 Leica)</figDesc></figure>
<figure href="0117"><figDesc>Ward-Perkins Archive, BSR (Sopr. CS 217)</figDesc></figure></p></div></body></text></TEI.2>
