<?xml version="1.0" encoding="UTF-8"?>
<!DOCTYPE TEI.2
  SYSTEM "http://www.stoa.org/epidoc/dtd/6/tei-epidoc.dtd">
<TEI.2 lang="en" id="IRT053"><teiHeader><fileDesc><titleStmt><title><rs type="textType">Dedication</rs> to Tacitus</title><editor>J. M. Reynolds</editor><editor>J. B. Ward-Perkins</editor></titleStmt><publicationStmt>
<p>Creative Commons licence Attribution UK 2.0 (<xref>http://creativecommons.org/licenses/by/2.0/uk/</xref>). </p>
<p>All reuse or distribution of this work must contain somewhere a link back to the URL <xref>http://irt.kcl.ac.uk/</xref>
            </p></publicationStmt><sourceDesc>
<p>Republished from <bibl id="irt1952">
                  <author>J. M. Reynolds</author> and <author>J. B. Ward-Perkins</author>, <title level="m">The Inscriptions of Roman Tripolitania</title>, <pubPlace>Rome</pubPlace>: <publisher>British
                  School at Rome</publisher>, <date>1952</date>. </bibl>
            </p></sourceDesc></fileDesc><encodingDesc>
<p>Marked-up according to the EpiDoc Guidelines version 5 <xref>http://www.stoa.org/epidoc/gl/5/</xref>
         </p></encodingDesc><profileDesc><langUsage><language id="ar">Arabic</language><language id="en">English</language><language id="fr">French</language><language id="de">German</language><language id="grc">Ancient Greek</language><language id="grc-Latn">Transliterated Greek</language><language id="el">Modern Greek</language><language id="he">Hebrew</language><language id="it">Italian</language><language id="la">Latin</language><language id="phn-LY">Punic</language><language id="ber-Latn">Native Libyan language in Latin script</language></langUsage><textClass/><textClass><keywords><term>
                  <geogName type="ancientRegion" key="Tripolitania">Tripolitania</geogName>
               </term><term>
                  <geogName type="modernCountry" key="LY">Libya</geogName>
               </term><term>
                  <placeName type="modernFindspot" key="http://www.geonames.org/2208578/marsa-zawaghah.html">Marsa Zawaghah</placeName>
               </term></keywords></textClass></profileDesc><revisionDesc>
<change><date>2008-09-09</date><respStmt><name>ZA</name></respStmt><item>converted using CHET-C</item></change>
<change><date>2009-05-19</date><respStmt><name>RV</name></respStmt><item>Added Figures</item></change>
<change><date>2009-08-24</date><respStmt><name>RV</name></respStmt><item>Added Figures</item></change></revisionDesc></teiHeader><text><body>
<div type="description" subtype="monument">
<head>Description of Monument</head>
<p>Fragment from the upper left-hand corner of a 
               <rs type="material">dark grey marble</rs> <rs type="objectType">panel</rs> 
               (<rs type="dimensions">
                  <measure dim="width">0.175</measure>
                  <measure unit="metre" type="length" dim="height">0.10</measure></rs>).
            </p></div>
<div type="description" subtype="text">
<head>Description of Text</head>
<p>Inscribed on the panel face.</p></div>
<div type="description" subtype="letters">
<head>Description of Letters</head>
<p>Lapidary capitals: 
               <measure unit="metre" type="length" dim="height">0.06</measure>.</p></div>
<div type="description" subtype="date">
<head>Date</head>
<p>
               <date type="textDate" notBefore="0275" notAfter="278" exact="both">A.D. 275-278</date> (<rs type="criteria">reign</rs>).
            </p></div>
<div type="history" subtype="locations">
<head>Locations</head>
<p>
               <rs type="found">
                  <placeName type="ancientFindspot" ref="http://atlantides.org/batlas/abrotonum-sabratha-35-e2" key="db659">Sabratha</placeName>: 
                  Findspot unrecorded</rs>
            </p>
<p>
               <rs type="origLocation">Unknown</rs>
            </p>
<p>
               <rs type="lastLocation"><rs type="monuList" key="db660">Sabratha Museum</rs>.</rs>
            </p></div>

<div type="bibliography">
<head>Bibliography</head>
<p>Not previously published.</p></div>
<div type="history" subtype="text-constituted-from">
<head>Text constituted from</head>
<p>Transcription (Reynolds, Ward-Perkins)</p></div>
<div type="edition" lang="la">
<head lang="en">Text</head>
<ab>
               <lb n="1"/><persName type="emperor"><w part="I" lemma="imperator"><expan><abbr>Imp</abbr><ex>erator</ex></expan></w>
                  <supplied reason="lost"><name reg="Caesar" type="cognomen"><seg part="I"><expan><abbr>Caes</abbr><ex>ar</ex></expan></seg></name>
                     <name reg="Marcus" type="praenomen"><seg part="I"><expan><abbr>M</abbr><ex>arc</ex></expan></seg></name>
                     <name reg="Claudius" type="gentilicium"><seg part="I">Claudi</seg></name></supplied> 
               <lb n="2"/><name reg="Tacitus" type="cognomen"><seg part="I">Taci<supplied reason="lost">t</supplied></seg></name> 
               <supplied reason="lost"><name reg="Pius" type="praenomen"><seg part="I">Pi</seg></name>
               <name reg="Felix" type="gentilicium"><seg part="I">Feli</seg></name>
                  <name reg="Augustus" type="cognomen"><seg part="I"><expan><abbr>Aug</abbr><ex>ust</ex></expan></seg></name></supplied></persName>
               <lb n="3"/>
               <gap reason="lost" extent="1" unit="line"/>
            </ab></div>

<div type="translation">
<head>Translation</head>
<p> Emperor <supplied reason="lost">Caesar Marcus Claudius</supplied> Tacitus <supplied reason="lost">Pius Felix Augustus</supplied><gap reason="lost"/>
            <note> case unknown</note></p></div>
<div type="commentary">
<head>Commentary</head>
<p>Augustus 275-278.</p></div>
<div type="figure">
<head>Photographs</head>
<p>
<figure href="0076"><figDesc>Ward-Perkins Archive, BSR (Sopr. DS 906 Leica)</figDesc></figure>
<figure href="0186"><figDesc>Ward-Perkins Archive, BSR (Sopr. DS 823 Leica)</figDesc></figure></p></div></body></text></TEI.2>