<?xml version="1.0" encoding="UTF-8"?>
<!DOCTYPE TEI.2 SYSTEM "http://www.stoa.org/epidoc/dtd/6/tei-epidoc.dtd">
<TEI.2 lang="en" id="IRT055"><teiHeader><fileDesc><titleStmt><title><rs type="textType">Dedication</rs> to Constantius II and Constans</title><editor>J. M. Reynolds</editor><editor>J. B. Ward-Perkins</editor></titleStmt><publicationStmt>
<p>Creative Commons licence Attribution UK 2.0 (<xref>http://creativecommons.org/licenses/by/2.0/uk/</xref>). </p>
<p>All reuse or distribution of this work must contain somewhere a link back to the URL <xref>http://irt.kcl.ac.uk/</xref>
            </p></publicationStmt><sourceDesc>
<p>Republished from <bibl id="irt1952">
                  <author>J. M. Reynolds</author> and <author>J. B. Ward-Perkins</author>, <title level="m">The Inscriptions of Roman Tripolitania</title>, <pubPlace>Rome</pubPlace>: <publisher>British
                  School at Rome</publisher>, <date>1952</date>. </bibl>
            </p></sourceDesc></fileDesc><encodingDesc>
<p>Marked-up according to the EpiDoc Guidelines version 5 <xref>http://www.stoa.org/epidoc/gl/5/</xref>
         </p></encodingDesc><profileDesc><langUsage><language id="ar">Arabic</language><language id="en">English</language><language id="fr">French</language><language id="de">German</language><language id="grc">Ancient Greek</language><language id="grc-Latn">Transliterated Greek</language><language id="el">Modern Greek</language><language id="he">Hebrew</language><language id="it">Italian</language><language id="la">Latin</language><language id="phn-LY">Punic</language><language id="ber-Latn">Native Libyan language in Latin script</language></langUsage><textClass/><textClass><keywords><term>
                  <geogName type="ancientRegion" key="Tripolitania">Tripolitania</geogName>
               </term><term>
                  <geogName type="modernCountry" key="LY">Libya</geogName>
               </term><term>
                  <placeName type="modernFindspot" key="http://www.geonames.org/2208578/marsa-zawaghah.html">Marsa Zawaghah</placeName>
               </term></keywords></textClass></profileDesc><revisionDesc>
<change><date>2008-09-09</date><respStmt><name>ZA</name></respStmt><item>converted using CHET-C</item></change>
<change><date>2009-05-19</date><respStmt><name>RV</name></respStmt><item>Added Figures</item></change>
<change><date>2009-08-24</date><respStmt><name>RV</name></respStmt><item>Added Figures</item></change></revisionDesc></teiHeader><text><body>

<div type="description" subtype="monument">
<head>Description of Monument</head>
<p>Broken <rs type="material">marble</rs> 
               <rs type="objectType">panel</rs> 
               (<rs type="dimensions"><measure dim="width" precision="circa">1.87</measure> approx.
                <measure dim="height">1.00</measure>
                <measure dim="depth">0.02</measure></rs>). </p></div>

<div type="description" subtype="text">
<head>Description of Text</head>
<p>Inscribed on the panel face.</p></div>

<div type="description" subtype="letters">
<head>Description of Letters</head>
<p>Fourth century capitals: 
               <measure from="0.06" to="0.07" unit="metre" type="length" dim="height">0.06-0.07</measure>. P1. III 3.</p></div>

<div type="description" subtype="date">
<head>Date</head>
<p>
               <date type="textDate" notBefore="0340" notAfter="0350" exact="both">A.D. 340-350</date> (<rs type="criteria">reign</rs>).
            </p></div>

<div type="history" subtype="locations">
<head>Locations</head>
<p>
               <rs type="found">
                  <placeName type="ancientFindspot" ref="http://atlantides.org/batlas/abrotonum-sabratha-35-e2" key="db659">Sabratha</placeName>: 
                  Stated to come from the <rs type="monuList" key="db842">East Forum Temple</rs>.</rs>
            </p>
<p>
               <rs type="origLocation">Unknown</rs>
            </p>
<p>
               <rs type="lastLocation"> <rs type="monuList" key="db660">Sabratha Museum</rs>. </rs>
            </p></div>


<div type="bibliography">
<head>Bibliography</head>
<p>Not previously published.</p></div>

<div type="history" subtype="text-constituted-from">
<head>Text constituted from</head>
<p>Transcription (Reynolds, Ward-Perkins)</p></div>

<div type="edition" lang="la">
<head lang="en">Text</head>
<ab>
               <lb n="1"/><w lemma="aedes">A<supplied reason="lost">ede</supplied><unclear>m</unclear></w> 
               <persName type="divine"><name reg="Liber"><w lemma="Liber">Liberi</w></name> <w lemma="pater">Patris</w></persName> 
               <w lemma="qui">quam</w> 
               <w lemma="antiquus">antiqua</w> 
               <w lemma="ruina">ruina</w> 
               <w lemma="cum"><unclear>c</unclear>um</w> <w lemma="labes">lab<supplied reason="lost">e</supplied></w>
               <gap reason="lost" extent="unknown" unit="character"/>
               <lb n="2"/><orig><unclear>P</unclear></orig>
               <gap reason="lost" extent="2" unit="character" extentmax="3"/>
               <orig><unclear>i</unclear>us</orig> 
               <w lemma="instauratio">in<unclear>s</unclear><supplied reason="lost">ta</supplied>urationem</w> 
               <orig>e<unclear>a</unclear></orig> 
               <gap reason="lost" extent="5" unit="character" precision="circa"/><orig>ris<unclear>o</unclear></orig>
               <gap reason="lost" extent="unknown" unit="character"/>
               <lb n="3"/><w lemma="dominus"><expan><abbr>D</abbr><ex>ominorum</ex></expan></w> 
               <w lemma="noster"><expan><abbr>n</abbr><supplied reason="lost"><ex>ostrorum</ex></supplied></expan></w> 
              <persName type="emperor"><name reg="Flauius" type="gentilicium"><supplied reason="lost"><expan><abbr>Fl</abbr><ex>aui</ex></expan></supplied></name> 
               <name reg="Iulius" type="gentilicium"><expan><supplied reason="lost"><abbr>Iu</abbr></supplied><abbr>l</abbr><ex>i</ex></expan></name> 
                 <name reg="Constantius" type="cognomen">Constantii</name> 
                 <w lemma="magnus"><unclear>m</unclear><supplied reason="lost">aximi</supplied></w></persName> 
               <supplied reason="lost"><w lemma="et">et</w></supplied> 
               <persName type="emperor"><supplied reason="lost"><name reg="Flauius" type="gentilicium"><expan><abbr>Fl</abbr><ex>aui</ex></expan></name> 
                  <name reg="Iulius" type="gentilicium"><expan><abbr>Iul</abbr><ex>i</ex></expan></name></supplied>
               <name reg="Constans"><expan><supplied reason="lost">Co</supplied><abbr>nsta</abbr><ex>n</ex><abbr>tis</abbr></expan></name>   
                  <w lemma="magnus">max<supplied reason="lost">imi</supplied></w></persName> 
               <w lemma="triumphator"><supplied reason="lost">triumphato</supplied><lb n="4" type="worddiv"/>rum</w> 
               <w lemma="semper">se<supplied reason="lost">mper</supplied></w> 
               <persName type="emperor"><name reg="Augustus" type="cognomen"><supplied reason="lost">Aug</supplied>ustorum</name></persName> 
               <gap reason="lost" extent="9" unit="character" precision="circa"/> 
               am<gap reason="lost" extent="unknown" unit="character"/><lb n="5" type="worddiv"/><w part="F">rimum</w> 
               <w lemma="praesidium">praes<unclear>idic</unclear>ium</w> 
               <w lemma="uir"><expan><abbr>u</abbr><ex>iri</ex></expan></w> 
               <w lemma="perficio"><expan><abbr>p</abbr><ex>erfectissimi</ex></expan></w> <persName type="attested"><name reg="Flauius" type="gentilicium"><expan><abbr>Fl</abbr><ex>aui</ex></expan></name> <name reg="Victor" type="cognomen">Victoris</name> <name reg="Calpurnius" type="cognomen">Calpurn<supplied reason="lost">i</supplied></name></persName>
               <gap reason="lost" extent="8" unit="character" precision="circa"/> <w lemma="seruo">se<unclear>r</unclear><lb n="6" type="worddiv"/>uauit</w> <w lemma="hic">hanc</w> <persName type="attested"><name reg="Lucius" type="praenomen"><expan><abbr>L</abbr><ex>ucius</ex></expan></name> <name reg="Aemilius" type="gentilicium">Aemilius</name> <name reg="Caelestinus" type="cognomen">Caelestinus</name></persName> <w lemma="duouir">duouir</w> <w lemma="quinquennalis"><supplied reason="lost">quinquenn</supplied>alis</w> <w lemma="flamen">fl<supplied reason="lost">amen</supplied></w>
               <lb n="7"/><w lemma="perpetuus"><expan><abbr>perp</abbr><ex>etuus</ex></expan></w> <w lemma="amor">amori</w> <w lemma="patria">patriae</w> <w lemma="studiosus">studiose</w> <w lemma="respondeo">respon<supplied reason="lost">dit</supplied></w>
               <gap reason="lost" extent="12" unit="character" precision="circa"/><w part="F" lemma="ab"><unclear reason="damage">a</unclear></w> 
               <w lemma="uir"><expan><abbr>u</abbr><ex>iro</ex></expan></w> <w lemma="perficio"><expan><abbr>p</abbr><ex>erfectissimo</ex></expan></w>
               <lb n="8"/><w lemma="patronus"><supplied reason="lost">p</supplied>atrono</w> <w lemma="prouincia"><expan><abbr>prou</abbr><ex>inciae</ex></expan></w> <w lemma="dedico">dedican<supplied reason="lost">te</supplied></w>
               <gap reason="lost" extent="25" unit="character" extentmax="30"/><w part="F"><unclear reason="damage">r</unclear></w> <w lemma="facio">fecit</w>
               <lb n="9"/><w lemma="ex">ex</w> <w lemma="decerno"><supplied reason="lost">decreto</supplied></w> <w lemma="ordo"><supplied reason="lost">ordinis</supplied></w>
            </ab></div>

<div type="apparatus">
<head>Apparatus</head>
<p>
               <app loc="3"><note> DDN[N].</note></app>
            </p>

</div>

<div type="translation">
                     
<head>Translation</head>
                     
<p>The temple of Liber Pater which was ruined long ago, with destruction <gap reason="lost"/> its renewal <gap reason="lost"/>
                        of our lords Flavius Julius Constantius Maximus and Flavius Julius Constans Maximus, triumphant and always
                        Augusti, <gap reason="lost"/>. The oversight of Flavius Victor Calpurnius, excellent man, preserved <supplied reason="subaudible">it</supplied>; Lucius Aemilius Caelestinus, duovir in a fifth year, perpetual flamen, responded 
                        zealously to his love of this country <gap reason="lost"/> most distinguished patron of the province dedicated <gap reason="lost"/>
                        made ?this, in accordance with <supplied reason="lost">a decree of the city  council</supplied></p>
                  </div>

<div type="commentary">
<head>Commentary</head>
<p>Line 3-4: Augusti together 340-350.</p><p>Line 5: Also in <xref type="inscription">569</xref>, line 14; and perhaps  <xref type="inscription">100</xref>, line 4. </p></div>

<div type="figure">
<head>Photographs</head>
<p>
<figure href="0078"><figDesc>Ward-Perkins Archive, BSR (Sopr. DS 832 Leica)</figDesc></figure>
<figure href="0079"><figDesc>Ward-Perkins Archive, BSR (BSR 48.XI.16)</figDesc></figure>
<figure href="0080"><figDesc>Ward-Perkins Archive, BSR (BSR 48.XI.17)</figDesc></figure>
<figure href="0081"><figDesc>Ward-Perkins Archive, BSR (BSR 48.XI.18)</figDesc></figure></p></div></body></text></TEI.2>
