<?xml version="1.0" encoding="UTF-8"?>
<!DOCTYPE TEI.2 SYSTEM "http://www.stoa.org/epidoc/dtd/6/tei-epidoc.dtd">
<TEI.2 lang="en" id="IRT029"><teiHeader><fileDesc><titleStmt><title><rs type="textType">Dedication</rs> to Commodus by Messius Rufinus</title><editor>J. M. Reynolds</editor><editor>J. B. Ward-Perkins</editor></titleStmt><publicationStmt>
<p>Creative Commons licence Attribution UK 2.0 (<xref>http://creativecommons.org/licenses/by/2.0/uk/</xref>). </p>
<p>All reuse or distribution of this work must contain somewhere a link back to the URL <xref>http://irt.kcl.ac.uk/</xref>
            </p></publicationStmt><sourceDesc>
<p>Republished from <bibl id="irt1952">
                  <author>J. M. Reynolds</author> and <author>J. B. Ward-Perkins</author>, <title level="m">The Inscriptions of Roman Tripolitania</title>, <pubPlace>Rome</pubPlace>: <publisher>British
                  School at Rome</publisher>, <date>1952</date>. </bibl>
            </p></sourceDesc></fileDesc><encodingDesc>
<p>Marked-up according to the EpiDoc Guidelines version 5 <xref>http://www.stoa.org/epidoc/gl/5/</xref>
         </p></encodingDesc><profileDesc><langUsage><language id="ar">Arabic</language><language id="en">English</language><language id="fr">French</language><language id="de">German</language><language id="grc">Ancient Greek</language><language id="grc-Latn">Transliterated Greek</language><language id="el">Modern Greek</language><language id="he">Hebrew</language><language id="it">Italian</language><language id="la">Latin</language><language id="phn-LY">Punic</language><language id="ber-Latn">Native Libyan language in Latin script</language></langUsage><textClass/><textClass><keywords><term>
                  <geogName type="ancientRegion" key="Tripolitania">Tripolitania</geogName>
               </term><term>
                  <geogName type="modernCountry" key="LY">Libya</geogName>
               </term><term>
                  <placeName type="modernFindspot" key="http://www.geonames.org/2208578/marsa-zawaghah.html">Marsa Zawaghah</placeName>
               </term></keywords></textClass></profileDesc><revisionDesc>
<change><date>2008-09-09</date><respStmt><name>ZA</name></respStmt><item>converted using CHET-C</item></change>
<change><date>2009-05-19</date><respStmt><name>RV</name></respStmt><item>Added Figures</item></change>
<change><date>2009-08-24</date><respStmt><name>RV</name></respStmt><item>Added Figures</item></change></revisionDesc></teiHeader><text><body>

<div type="description" subtype="monument">
<head>Description of Monument</head>
<p> Nine fragments of the <rs type="material">marble</rs> <rs type="objectType">architrave</rs> of 
               the portico surrounding the Temple of Hercules, Reg. V, ins. 7.</p></div>

<div type="description" subtype="text">
<head>Description of Text</head>
<p>Inscribed on one face.</p></div>

<div type="description" subtype="letters">
<head>Description of Letters</head>
<p>a) - d) Lapidary capitals: <measure unit="metre" type="length" dim="height">0.11</measure>. </p>
<p>e) - g) Lapidary capitals: <measure unit="metre" type="length" dim="height">0.11</measure>, erased. </p>
<p>h) - i) Lapidary capitals: <measure unit="metre" type="length" dim="height">0.095</measure>, 
               reinscribed above a partially erased inscription.</p></div>

<div type="description" subtype="date">
<head>Date</head>
<p>
               <date type="textDate" notBefore="0186" notAfter="0192" exact="notBefore">After A.D. 186</date>
            (<rs type="criteria">titulature</rs>)</p></div>

<div type="history" subtype="locations">
<head>Locations</head>
<p>
               <rs type="found">
                  <placeName type="ancientFindspot" ref="http://atlantides.org/batlas/abrotonum-sabratha-35-e2" key="db659">Sabratha</placeName>:
                  <rs type="monuList" key="db860">Temple of Hercules</rs>, Reg. V, ins. 7
</rs>
            </p>
<p>
               <rs type="origLocation">Unknown</rs>
            </p>
<p>
               <rs type="lastLocation">Findspot</rs>
            </p></div>


<div type="bibliography">
<head>Bibliography</head>
<p>Not previously published.</p></div>

<div type="history" subtype="text-constituted-from">
<head>Text constituted from</head>
<p>Transcription (Reynolds, Ward-Perkins)</p></div>

<div type="edition" lang="la">
<head lang="en">Text</head>

<div type="textpart" subtype="fragment" n="a and b">
<ab>
                  <lb n="1"/><gap reason="lost" unit="character" extent="unknown"/><w lemma="ad">ad</w> <w lemma="consumatio">cons<supplied reason="lost">um</supplied>ationem</w><gap reason="lost" unit="character" extent="unknown"/>
               </ab></div>

<div type="textpart" subtype="fragment" n="c">
<ab>
                  <lb n="1"/><gap reason="lost" unit="character" extent="unknown"/>
                  <persName type="attested"><name type="gentilicium" reg="Messius">Messius</name> 
                     <name type="cognomen" reg="Rufinus"><supplied reason="lost">R</supplied>ufinus</name></persName> 
                  <w lemma="clarus"><expan><abbr>c</abbr><ex>larissimae</ex></expan></w> 
                  <w lemma="memoria"><expan><abbr>m</abbr><ex>emoriae</ex></expan></w> 
                  <supplied reason="lost"><w lemma="uir"><expan><abbr>u</abbr><ex>ir</ex></expan></w></supplied><gap reason="lost" unit="character" extent="unknown"/>
               </ab></div>

<div type="textpart" subtype="fragment" n="d">
<ab>
                  <lb n="1"/><gap reason="lost" unit="character" extent="unknown"/><w part="F">uerat</w>
               </ab></div>

<div type="textpart" subtype="fragment" n="e">
<ab>
                  <lb n="1"/><gap reason="lost" unit="character" extent="unknown"/><del rend="erasure"><w part="F">rus</w> <w part="I">iu</w></del><gap reason="lost" unit="character" extent="unknown"/>
               </ab></div>

<div type="textpart" subtype="fragment" n="f">
<ab>
                  <lb n="1"/><gap reason="lost" unit="character" extent="unknown"/><del rend="erasure"><w part="M" lemma="deus">di</w></del><gap reason="lost" unit="character" extent="unknown"/>
               </ab></div>

<div type="textpart" subtype="fragment" n="g">
<ab>
                  <lb n="1"/><gap reason="lost" unit="character" extent="unknown"/>
                  <w part="I" lemma="imperator"><expan><abbr><supplied reason="lost">im</supplied>p</abbr><ex>erator</ex></expan></w> 
                  <num value="8">VIII</num> <w part="I" lemma="consul"><expan><abbr>co</abbr><ex>n</ex><abbr>s</abbr><ex>ul</ex></expan></w> 
                  <num value="5">V</num> 
                  <w part="I"><expan><abbr><unclear>p</unclear></abbr><supplied reason="lost"><ex>at</ex></supplied></expan></w> 
                  <supplied reason="lost"><w lemma="patria"><expan><abbr>p</abbr><ex>atriae</ex></expan></w></supplied><gap reason="lost" unit="character" extent="unknown"/>
               </ab></div>

<div type="textpart" subtype="fragment" n="h">
<ab>
                  <lb n="1"/>
                  <subst><del rend="erasure"><w part="I" lemma="imperator"><expan><abbr>Im<unclear>p</unclear></abbr><ex>erator</ex></expan></w></del><add place="supralinear"><w part="I" lemma="imperator"><expan><abbr>Imp</abbr><ex>erator</ex></expan></w></add></subst>
                  <gap reason="lost" unit="character" extent="unknown"/>
               </ab></div>

<div type="textpart" subtype="fragment" n="i">
<ab>
                  <lb n="1"/><gap reason="lost" unit="character" extent="unknown"/>
                  <subst><del rend="erasure"><gap reason="lost" unit="line" extent="1"/></del><add place="supralinear">
                        <persName type="emperor"><name><seg part="I"><expan><abbr><supplied reason="lost">M</supplied></abbr><supplied reason="lost"><ex>arc</ex></supplied></expan></seg></name>
                        <name reg="Aurelius" type="gentilicium"><seg part="I">Aur<supplied reason="lost">eli</supplied></seg></name></persName>
                     </add></subst>
                 <gap reason="lost" unit="character" extent="unknown"/>
               </ab></div></div>


<div type="translation">
<head>Translation</head>
<p> a. + b. <gap reason="lost"/> with a view to ? accomplishing <gap reason="lost"/> </p>
<p> c. <gap reason="lost"/> Messius Rufinus, a man of outstanding memory <note>i.e. a deceased Roman senator</note> <gap reason="lost"/></p>
<p> d. -  f. Not usefully translateable </p>
<p> g. <gap reason="lost"/> acclaimed victor eight times, consul five times, father <supplied reason="lost">of the country</supplied> <gap reason="lost"/></p>
<p> h. Emperor <gap reason="lost"/> <note>or</note> acclaimed victor <gap reason="lost"/> <note>Repeated in recut text</note></p>
<p> i. <gap reason="lost"/> <supplied reason="lost"><expan><abbr>M</abbr><ex>arcus</ex></expan></supplied> Aurelius <gap reason="lost"/> 
               <note>case unknown</note></p></div>

<div type="commentary">
<head>Commentary</head>
<p>c) l. 1. Messius Rufunus. Perhaps to be identified with  <title level="m">PW</title>  XV, 1286, 12.</p>
<p>g) Commodus who was imp VIII, cos V from 186.</p>
<p>h) - i) probably recut under Septimius Severus.</p></div>

<div type="figure">
<head>Photographs</head><p>No photographs.</p></div></body></text></TEI.2>
