<?xml version="1.0" encoding="UTF-8"?>
<!DOCTYPE TEI.2 SYSTEM "http://www.stoa.org/epidoc/dtd/6/tei-epidoc.dtd">
<TEI.2 lang="en" id="IRT004"><teiHeader><fileDesc><titleStmt><title> <rs type="textType">Dedication</rs> to Concordia by Africanus</title><editor>J. M. Reynolds</editor><editor>J. B. Ward-Perkins</editor></titleStmt><publicationStmt>
<p>Creative Commons licence Attribution UK 2.0 (<xref>http://creativecommons.org/licenses/by/2.0/uk/</xref>). </p>
<p>All reuse or distribution of this work must contain somewhere a link back to the URL <xref>http://irt.kcl.ac.uk/</xref>
            </p></publicationStmt><sourceDesc>
<p>Republished from <bibl id="irt1952">
                  <author>J. M. Reynolds</author> and <author>J. B. Ward-Perkins</author>, <title level="m">The Inscriptions of Roman Tripolitania</title>, <pubPlace>Rome</pubPlace>: <publisher>British
                  School at Rome</publisher>, <date>1952</date>. </bibl>
            </p></sourceDesc></fileDesc><encodingDesc>
<p>Marked-up according to the EpiDoc Guidelines version 5 <xref>http://www.stoa.org/epidoc/gl/5/</xref>
         </p></encodingDesc><profileDesc><langUsage><language id="ar">Arabic</language><language id="en">English</language><language id="fr">French</language><language id="de">German</language><language id="grc">Ancient Greek</language><language id="grc-Latn">Transliterated Greek</language><language id="el">Modern Greek</language><language id="he">Hebrew</language><language id="it">Italian</language><language id="la">Latin</language><language id="phn-LY">Punic</language><language id="ber-Latn">Native Libyan language in Latin script</language></langUsage><textClass/><textClass><keywords><term>
                  <geogName type="ancientRegion" key="Tripolitania">Tripolitania</geogName>
               </term><term>
                  <geogName type="modernCountry" key="LY">Libya</geogName>
               </term><term>
                  <placeName type="modernFindspot" key="http://www.geonames.org/2208578/marsa-zawaghah.html">Marsa Zawaghah</placeName>
               </term></keywords></textClass></profileDesc><revisionDesc>
<change><date>2008-09-09</date><respStmt><name>ZA</name></respStmt><item>converted using CHET-C</item></change>
<change><date>2009-05-19</date><respStmt><name>RV</name></respStmt><item>Added Figures</item></change>
<change><date>2009-08-24</date><respStmt><name>RV</name></respStmt><item>Added Figures</item></change></revisionDesc></teiHeader><text><body>

<div type="description" subtype="monument">
<head>Description of Monument</head>
<p>Rectangular <rs type="objectType">base</rs> of <rs type="material" key="marmor">marble</rs>
               (<rs type="dimensions"><measure unit="metre" type="length" dim="width">0.53</measure><measure unit="metre" type="length" dim="height">0.35</measure><measure unit="metre" type="length" dim="depth">0.56</measure></rs>.
               </p></div>

<div type="description" subtype="text">
<head>Description of Text</head>
<p>inscribed within a moulded panel (die, 
               <rs type="dimensions"><measure unit="metre" type="length" dim="width">0.41</measure><measure unit="metre" type="length" dim="height">0.22</measure></rs>).</p></div>

<div type="description" subtype="letters">
<head>Description of Letters</head>
<p>Second century lapidary capitals: <measure unit="metre" type="length" dim="height">0.05</measure>.</p></div>

<div type="description" subtype="date">
<head>Date</head>
<p>
               <date type="textDate" notBefore="0101" notAfter="0200" exact="none">Second century A.D.</date>
               (<rs type="criteria">lettering</rs>)
            </p></div>

<div type="history" subtype="locations">
<head>Locations</head>
<p>
               <rs type="found">
                  <placeName type="ancientFindspot" ref="http://atlantides.org/batlas/abrotonum-sabratha-35-e2" key="db659">Sabratha</placeName>:
                  <rs type="monuList" key="db832">Capitolium</rs>: found with associated bust of Concordia.</rs>
            </p>
<p>
               <rs type="origLocation">Unknown</rs>
            </p>
<p>
               <rs type="lastLocation"><rs type="monuList" key="db660">Sabratha Museum</rs>.</rs>
            </p></div>



<div type="bibliography">
<head>Bibliography</head>
<p><bibl><author>Bartoccini</author>, <xptr from="rivtrip"/>, <biblScope>I:284</biblScope></bibl>;
               <bibl><title level="j">L'Ann. Ep.</title> 1925, 101</bibl>.</p></div>

<div type="history" subtype="text-constituted-from">
<head>Text constituted from</head>
<p>Transcription (Reynolds, Ward-Perkins)</p></div>

<div type="edition" lang="la">
<head lang="en">Text</head>
<ab>
                <lb n="1"/><persName type="divine"><name reg="Concordia">Concordiae</name></persName> 
               <lb n="2"/><persName type="attested"><name type="cognomen" reg="Africanus">Africanus</name></persName>  </ab></div>


<div type="translation">
<head>Translation</head>
<p>To Concordia; Africanus (gave and dedicated this).</p></div>

<div type="commentary">
<head>Commentary</head>
<p>Africanus is also in  <xref type="inscription">9</xref>, l. 2.</p></div>

<div type="figure">
<head>Photographs</head>
<p>
<figure href="0005"><figDesc>Ward-Perkins Archive, BSR (Sopr. CS 146)</figDesc></figure></p></div></body></text></TEI.2>
