<?xml version="1.0" encoding="UTF-8"?>
<!DOCTYPE TEI.2
  SYSTEM "http://www.stoa.org/epidoc/dtd/6/tei-epidoc.dtd">
<TEI.2 lang="en" id="IRT061"><teiHeader><fileDesc><titleStmt><title>Fragment from <rs type="textType">imperial titulature</rs></title><editor>J. M. Reynolds</editor><editor>J. B. Ward-Perkins</editor></titleStmt><publicationStmt>
<p>Creative Commons licence Attribution UK 2.0 (<xref>http://creativecommons.org/licenses/by/2.0/uk/</xref>). </p>
<p>All reuse or distribution of this work must contain somewhere a link back to the URL <xref>http://irt.kcl.ac.uk/</xref>
            </p></publicationStmt><sourceDesc>
<p>Republished from <bibl id="irt1952">
                  <author>J. M. Reynolds</author> and <author>J. B. Ward-Perkins</author>, <title level="m">The Inscriptions of Roman Tripolitania</title>, <pubPlace>Rome</pubPlace>: <publisher>British
                  School at Rome</publisher>, <date>1952</date>. </bibl>
            </p></sourceDesc></fileDesc><encodingDesc>
<p>Marked-up according to the EpiDoc Guidelines version 5 <xref>http://www.stoa.org/epidoc/gl/5/</xref>
         </p></encodingDesc><profileDesc><langUsage><language id="ar">Arabic</language><language id="en">English</language><language id="fr">French</language><language id="de">German</language><language id="grc">Ancient Greek</language><language id="grc-Latn">Transliterated Greek</language><language id="el">Modern Greek</language><language id="he">Hebrew</language><language id="it">Italian</language><language id="la">Latin</language><language id="phn-LY">Punic</language><language id="ber-Latn">Native Libyan language in Latin script</language></langUsage><textClass/><textClass><keywords><term>
                  <geogName type="ancientRegion" key="Tripolitania">Tripolitania</geogName>
               </term><term>
                  <geogName type="modernCountry" key="LY">Libya</geogName>
               </term><term>
                  <placeName type="modernFindspot" key="http://www.geonames.org/2208578/marsa-zawaghah.html">Marsa Zawaghah</placeName>
               </term></keywords></textClass></profileDesc><revisionDesc>
<change><date>2009-01-07</date><respStmt><name>NU</name></respStmt><item>converted using CHET-C</item></change>
<change><date>2009-05-19</date><respStmt><name>RV</name></respStmt><item>Added Figures</item></change>
<change><date>2009-08-24</date><respStmt><name>RV</name></respStmt><item>Added Figures</item></change></revisionDesc></teiHeader><text><body>
<div type="description" subtype="monument">
<head>Description of Monument</head>
<p>The upper right-hand corner of a 
               <rs type="objectType">block</rs> of 
               <rs type="material">sandstone</rs> 
               (<rs type="dimensions">
                  <measure dim="width">0.46</measure>
                  <measure dim="height">0.29</measure>               
                  <measure unit="metre" type="depth" dim="depth">0.27</measure></rs>) 
               from a monumental inscription, formerly stuccoed. </p></div>
<div type="description" subtype="text">
<head>Description of Text</head>
<p>Inscribed on one face.</p></div>
<div type="description" subtype="letters">
<head>Description of Letters</head>
<p>Lapidary capitals: surviving height 
               <measure unit="metre" type="length" dim="height">0.205</measure>, originally c.<measure unit="metre" type="length" dim="height">0.25</measure>. </p></div>
<div type="description" subtype="date">
<head>Date</head>
<p>
               <date type="textDate" notBefore="0001" notAfter="0100" exact="none">Unknown.</date>
            </p></div>
<div type="history" subtype="locations">
<head>Locations</head>
<p>
               <rs type="found">
                  <placeName type="ancientFindspot" ref="http://atlantides.org/batlas/abrotonum-sabratha-35-e2" key="db659">Sabratha</placeName>: 
                  <rs type="monuList" key="db842">East Forum Temple</rs>. Found in the precinct, to which it probably belongs. </rs>
            </p>
<p>
               <rs type="origLocation">Unknown</rs>
            </p>
<p>
               <rs type="lastLocation">Findspot</rs>
            </p></div>

<div type="bibliography">
<head>Bibliography</head>
<p>Not previously published.</p></div>
<div type="history" subtype="text-constituted-from">
<head>Text constituted from</head>
<p>Transcription (Reynolds, Ward-Perkins)</p></div>
<div type="edition" lang="la">
<head lang="en">Text</head>
<ab>
               <lb n="1"/><gap reason="lost" extent="unknown" unit="character"/><orig><unclear>g</unclear></orig> 
               <num value="3">III</num>
               <gap reason="lost" extent="unknown" unit="character"/>
            </ab></div>
<div type="apparatus">
<head>Apparatus</head>
<p>
               <app><note>G (or C), rather than S, is the probable reading; perhaps... desig(nat-) III... </note></app>
            </p></div>
<div type="translation">
<head>Translation</head>
<p><note>Perhaps</note> <gap reason="lost"/> designated <supplied reason="subaudible">consul</supplied> for the third time <gap reason="lost"/></p></div>
<div type="commentary">
<head>Commentary</head>
<p>No comment.</p></div>
<div type="figure">
<head>Photographs</head>
<p>
<figure href="0092"><figDesc>Ward-Perkins Archive, BSR (BSR 48.XVIII.17)</figDesc></figure></p></div></body></text></TEI.2>