<?xml version="1.0" encoding="UTF-8"?>
<!DOCTYPE TEI.2 SYSTEM "http://www.stoa.org/epidoc/dtd/6/tei-epidoc.dtd">
<TEI.2 lang="en" id="IRT001"><teiHeader><fileDesc><titleStmt><title>Reference to Apollo (?)</title><editor>J. M. Reynolds</editor><editor>J. B. Ward-Perkins</editor></titleStmt><publicationStmt>
<p>Creative Commons licence Attribution UK 2.0 (<xref>http://creativecommons.org/licenses/by/2.0/uk/</xref>). </p>
<p>All reuse or distribution of this work must contain somewhere a link back to the URL <xref>http://irt.kcl.ac.uk/</xref>
            </p></publicationStmt><sourceDesc>
<p>Republished from <bibl id="irt1952">
                  <author>J. M. Reynolds</author> and <author>J. B. Ward-Perkins</author>, <title level="m">The Inscriptions of Roman Tripolitania</title>, <pubPlace>Rome</pubPlace>: <publisher>British
                  School at Rome</publisher>, <date>1952</date>. </bibl>
            </p></sourceDesc></fileDesc><encodingDesc>
<p>Marked-up according to the EpiDoc Guidelines version 5 <xref>http://www.stoa.org/epidoc/gl/5/</xref>
         </p></encodingDesc><profileDesc><langUsage><language id="ar">Arabic</language><language id="en">English</language><language id="fr">French</language><language id="de">German</language><language id="grc">Ancient Greek</language><language id="grc-Latn">Transliterated Greek</language><language id="el">Modern Greek</language><language id="he">Hebrew</language><language id="it">Italian</language><language id="la">Latin</language><language id="phn-LY">Punic</language><language id="ber-Latn">Native Libyan language in Latin script</language></langUsage><textClass/><textClass><keywords><term>
                  <geogName type="ancientRegion" key="Tripolitania">Tripolitania</geogName>
               </term><term>
                  <geogName type="modernCountry" key="LY">Libya</geogName>
               </term><term>
                  <placeName type="modernFindspot" key="http://www.geonames.org/2208578/marsa-zawaghah.html">Marsa Zawaghah</placeName>
               </term></keywords></textClass></profileDesc><revisionDesc>
<change><date>2008-09-09</date><respStmt><name>ZA</name></respStmt><item>converted using CHET-C</item></change>
<change><date>2009-05-19</date><respStmt><name>RV</name></respStmt><item>Added Figures</item></change>
<change><date>2009-08-24</date><respStmt><name>RV</name></respStmt><item>Added Figures</item></change></revisionDesc></teiHeader><text><body>

<div type="description" subtype="monument">
<head>Description of Monument</head>
<p>Fragment from the lower part of a small, <rs type="material" key="marmor">white marble</rs>
               <rs type="objectType">panel</rs>
               (<rs type="dimensions"><measure type="length" dim="width" unit="metre">0.09</measure> 
                  <measure type="length" dim="height" unit="metre">0.14</measure>
                  <measure type="length" dim="depth" unit="metre">0.02</measure></rs>; no edges surviving, 
               but there is a space after 1. 3); 
               re-used at a later date for an inscription cut in third century capitals, of which the letters 
               [...]<foreign lang="la">TT</foreign>[...] alone survive. </p></div>

<div type="description" subtype="text">
<head>Description of Text</head>
<p>Inscribed on the surviving face.</p></div>

<div type="description" subtype="letters">
<head>Description of Letters</head>
<p>Rustic capitals: line 1, <measure dim="height">0.05</measure>; line 2, <measure unit="metre" type="length" dim="height">0.04</measure>; line 3, <measure unit="metre" type="length" dim="height">0.03</measure>. </p></div>

<div type="description" subtype="date">
<head>Date</head>
<p>
               <date type="textDate" notBefore="0101" notAfter="0188" exact="none">Second to early third centuries A.D.</date> (<rs type="criteria">lettering</rs>)
            </p></div>

<div type="history" subtype="locations">
<head>Locations</head>
<p>
               <rs type="found">
                  <placeName type="ancientFindspot" ref="http://atlantides.org/batlas/abrotonum-sabratha-35-e2" key="db659">Sabratha</placeName>:
                  <rs type="monuList" key="db832">Capitolium</rs>, found in the vaults. When excavated by Bartoccini, these vaults were found to contain a large series of
architectural fragments, inscriptions, and burnt debris, deposited almost certainly when
the Forum area was cleared after the disastrous sack of the city by the Austuriani,
c. 363-5 (see introduction). 
Other inscriptions in the series are: <xref type="inscription">3</xref>, <xref type="inscription">10</xref>,
               <xref type="inscription">11</xref>, <xref type="inscription">14</xref>, 
                  <xref type="inscription">17</xref>, <xref type="inscription">19</xref>,
               <xref type="inscription">20</xref>, <xref type="inscription">24</xref>,
               <xref type="inscription">25</xref>, 
                  <xref type="inscription">26</xref>, <xref type="inscription">28</xref>,
               <xref type="inscription">30</xref>, <xref type="inscription">32</xref>,
               <xref type="inscription">34</xref>,
<xref type="inscription">38</xref>, <xref type="inscription">39</xref>,
               <xref type="inscription">42</xref>, <xref type="inscription">44</xref>,
               <xref type="inscription">48</xref>, <xref type="inscription">50</xref>, 
                  <xref type="inscription">51</xref>, <xref type="inscription">52</xref>,
               <xref type="inscription">54</xref>, <xref type="inscription">62</xref>,
               <xref type="inscription">64</xref>, 
                  <xref type="inscription">65</xref>, <xref type="inscription">66</xref>,
               <xref type="inscription">67</xref>, <xref type="inscription">70</xref>,
               <xref type="inscription">71</xref>, 
                  <xref type="inscription">73</xref>, <xref type="inscription">75</xref>,
               <xref type="inscription">76</xref>, <xref type="inscription">77</xref>,
               <xref type="inscription">82</xref>, 
                  <xref type="inscription">84</xref>, <xref type="inscription">87</xref>,
<xref type="inscription">88</xref>, <xref type="inscription">92</xref>,
               <xref type="inscription">95</xref>, <xref type="inscription">96</xref>,
               <xref type="inscription">97</xref>, <xref type="inscription">99</xref>, 
                  <xref type="inscription">113</xref>, <xref type="inscription">115</xref>,
               <xref type="inscription">116</xref>, <xref type="inscription">117</xref>,
               <xref type="inscription">128</xref>, <xref type="inscription">131</xref>, 
                  <xref type="inscription">133</xref>, <xref type="inscription">137</xref>, 
               <xref type="inscription">139</xref>, <xref type="inscription">140</xref>,
               <xref type="inscription">141</xref>, 
                  <xref type="inscription">143</xref>, <xref type="inscription">147</xref>, 
<xref type="inscription">149</xref>, <xref type="inscription">156</xref>,
               <xref type="inscription">160</xref>, <xref type="inscription">167</xref>,
               <xref type="inscription">168</xref>, <xref type="inscription">172</xref>, 
                  <xref type="inscription">175</xref>, <xref type="inscription">190</xref>.</rs> </p>
<p><rs type="found"></rs>
            </p><p>
               <rs type="origLocation">Unknown</rs>
            </p>
<p>
               <rs type="lastLocation">Findspot</rs>
            </p></div>



<div type="bibliography">
<head>Bibliography</head>
<p>Not previously published.</p></div>

<div type="history" subtype="text-constituted-from">
<head>Text constituted from</head>
<p>Transcription (Reynolds, Ward-Perkins)</p></div>

<div type="edition" lang="la">
<head lang="en">Text</head>
<ab>
               <lb n="1"/>
               <gap reason="lost" extent="unknown" unit="character"/><w part="M">ecur</w><gap reason="lost" extent="unknown" unit="character"/>
               <lb n="2"/>
               <gap reason="lost" extent="unknown" unit="character"/> 
               <persName type="attested"><name type="cognomen" reg="Apolli-"><seg part="I">Apolli<supplied reason="lost">n</supplied></seg></name></persName><gap reason="lost" extent="unknown" unit="character"/>
               <lb n="3"/>
               <gap reason="lost" extent="unknown" unit="character"/> 
               <w part="I">inp</w><gap reason="lost" extent="unknown" unit="character"/>
            </ab></div>

<div type="translation">
<head>Translation</head>
<p><note>Not usefully translatable</note></p></div>

<div type="commentary">
<head>Commentary</head>
<p>There may be a reference to the god Apollo, or part of a personal name (e.g. Apollinaris).</p></div>

<div type="figure">
<head>Photographs</head>
<p>
<figure href="0001"><figDesc>Ward-Perkins Archive, BSR (BSR 48.XXVII.15)</figDesc></figure></p></div></body></text></TEI.2>
