<?xml version="1.0" encoding="UTF-8"?>
<!DOCTYPE TEI.2 SYSTEM "http://www.stoa.org/epidoc/dtd/6/tei-epidoc.dtd">
<TEI.2 lang="en" id="IRT030"><teiHeader><fileDesc><titleStmt><title><rs type="textType" cert="low">Dedication</rs> to Commodus </title><editor>J. M. Reynolds</editor><editor>J. B. Ward-Perkins</editor></titleStmt><publicationStmt>
<p>Creative Commons licence Attribution UK 2.0 (<xref>http://creativecommons.org/licenses/by/2.0/uk/</xref>). </p>
<p>All reuse or distribution of this work must contain somewhere a link back to the URL <xref>http://irt.kcl.ac.uk/</xref>
            </p></publicationStmt><sourceDesc>
<p>Republished from <bibl id="irt1952">
                  <author>J. M. Reynolds</author> and <author>J. B. Ward-Perkins</author>, <title level="m">The Inscriptions of Roman Tripolitania</title>, <pubPlace>Rome</pubPlace>: <publisher>British
                  School at Rome</publisher>, <date>1952</date>. </bibl>
            </p></sourceDesc></fileDesc><encodingDesc>
<p>Marked-up according to the EpiDoc Guidelines version 5 <xref>http://www.stoa.org/epidoc/gl/5/</xref>
         </p></encodingDesc><profileDesc><langUsage><language id="ar">Arabic</language><language id="en">English</language><language id="fr">French</language><language id="de">German</language><language id="grc">Ancient Greek</language><language id="grc-Latn">Transliterated Greek</language><language id="el">Modern Greek</language><language id="he">Hebrew</language><language id="it">Italian</language><language id="la">Latin</language><language id="phn-LY">Punic</language><language id="ber-Latn">Native Libyan language in Latin script</language></langUsage><textClass/><textClass><keywords><term>
                  <geogName type="ancientRegion" key="Tripolitania">Tripolitania</geogName>
               </term><term>
                  <geogName type="modernCountry" key="LY">Libya</geogName>
               </term><term>
                  <placeName type="modernFindspot" key="http://www.geonames.org/2208578/marsa-zawaghah.html">Marsa Zawaghah</placeName>
               </term></keywords></textClass></profileDesc><revisionDesc>
<change><date>2008-09-09</date><respStmt><name>ZA</name></respStmt><item>converted using CHET-C</item></change>
<change><date>2009-05-19</date><respStmt><name>RV</name></respStmt><item>Added Figures</item></change>
<change><date>2009-08-24</date><respStmt><name>RV</name></respStmt><item>Added Figures</item></change></revisionDesc></teiHeader><text><body>

<div type="description" subtype="monument">
<head>Description of Monument</head>
<p> Fragment of a <rs type="material">marble</rs> <rs type="objectType">panel</rs>
               (<rs type="dimensions"><measure unit="metre" type="length" dim="width">0.155</measure><measure unit="metre" type="length" dim="height">0.23</measure><measure unit="metre" type="length" dim="depth">0.15</measure></rs>, no edges surviving). </p></div>

<div type="description" subtype="text">
<head>Description of Text</head>
<p>Inscribed on the surviving face.</p></div>

<div type="description" subtype="letters">
<head>Description of Letters</head>
<p>Second century capitals: <measure unit="metre" type="length" dim="height">0.075</measure>. </p></div>

<div type="description" subtype="date">
<head>Date</head>
<p>
               <date type="textDate" notBefore="0178" notAfter="0192" exact="both">A.D. 178-192</date>
               (<rs type="criteria">reign</rs>)
            </p></div>

<div type="history" subtype="locations">
<head>Locations</head>
<p>
               <rs type="found">
                  <placeName type="ancientFindspot" ref="http://atlantides.org/batlas/abrotonum-sabratha-35-e2" key="db659">Sabratha</placeName>:
                  <rs type="monuList" key="db832">Capitolium</rs>, found in the vaults; see note on <xref type="inscription">1</xref>.</rs></p>
<p>
               <rs type="origLocation">Unknown</rs>
            </p>
<p>
               <rs type="lastLocation">Findspot</rs>
            </p></div>



<div type="bibliography">
<head>Bibliography</head>
<p>Not previously published.</p></div>

<div type="history" subtype="text-constituted-from">
<head>Text constituted from</head>
<p>Transcription (Reynolds, Ward-Perkins)</p></div>

<div type="edition" lang="la">
<head lang="en">Text</head>
<ab>
               <lb n="1"/><supplied reason="lost"><w part="I" lemma="imperator"><expan><abbr>Imp</abbr><ex>erator</ex></expan></w></supplied> 
               <persName type="emperor"><supplied reason="lost"><name reg="Caesar" type="cognomen"><seg part="I"><expan><abbr>Caes</abbr><ex>ar</ex></expan></seg></name>
               <gap reason="lost" unit="character" extent="unknown"/>
                <persName type="emperor"><name reg="Marcus" type="praenomen"><expan><abbr>M</abbr><ex>arci</ex></expan></name> 
                     <name reg="Antoninus" type="gentilicium">Antonini</name> <name reg="Pius" type="cognomen">Pii</name></persName>
               <gap reason="lost" unit="character" extent="unknown"/>
              <w part="I" lemma="filius"><expan><abbr>fil</abbr><ex>i</ex></expan></w></supplied>
               <lb n="2"/><supplied reason="lost"><persName type="emperor"><w lemma="diuus">diui</w> <name reg="Pius" type="cognomen">Pii</name></persName> 
               <w part="I"><expan><abbr>n</abbr><ex>ep</ex></expan></w></supplied>
                  <persName type="emperor">
                     <supplied reason="lost"><w lemma="diuus">diui</w></supplied> <name reg="Hadrianus" type="cognomen"><supplied reason="lost">H</supplied>adr<supplied reason="lost">iani</supplied></name></persName> 
               <supplied reason="lost"><w part="I"><expan><abbr>pron</abbr><ex>ep</ex></expan></w></supplied> 
               <persName type="emperor"><supplied reason="lost"><w lemma="diuus">diui</w></supplied>
               <lb n="3"/><supplied reason="lost"><name reg="Traianus" type="cognomen">Traiani</name> <name reg="Parthicus" type="cognomen">Parthici</name></supplied></persName> 
               <w part="I"><expan><abbr>abn</abbr><ex>ep</ex></expan></w> 
               <persName type="emperor">
                  <w lemma="diuus"><unclear reason="damage">d</unclear><supplied reason="lost">iui</supplied></w> 
                  <supplied reason="lost"><name reg="Nerua" type="cognomen">Neruae</name></supplied></persName> 
               <supplied reason="lost"><w part="I"><expan><abbr>adn</abbr><ex>ep</ex></expan></w></supplied>
               <lb n="4"/><supplied reason="lost"><name reg="Lucius" type="praenomen"><seg part="I"><expan><abbr>L</abbr><ex>uci</ex></expan></seg></name> 
                  <name reg="Aelius" type="gentilicium"><seg part="I">Aeli</seg></name> 
                  <name reg="Aurelius" type="gentilicium"><seg part="I">Aureli</seg></name></supplied> 
               <name><seg part="I"><unclear reason="damage">Co</unclear><supplied reason="lost">mmod</supplied></seg></name> 
               <supplied reason="lost"><name reg="Augustus" type="cognomen"><seg part="I"><expan><abbr>Aug</abbr><ex>ust</ex></expan></seg></name></supplied></persName>
               <gap reason="lost" extent="unknown" unit="character"/>
            </ab></div>

<div type="apparatus">
<head>Apparatus</head>
<p>
               <app loc="4"><note>Line 4 is represented by the upper parts only of two letters with rounded bowls.</note></app>
            </p></div>

<div type="translation">
<head>Translation</head>
<p> <supplied reason="lost">Emperor Caesar  <note>case unknown</note>  <gap reason="lost"/> son of Marcus Antonius Pius, 
               grandson of deified Pius, great grandson of deified</supplied> Hadrian, great great grandson <supplied reason="lost">of deified Trajan victor in Parthia</supplied>, 
               great great great grandson <supplied reason="lost">of deified Nerva, Lucuis Aelius Aurelius</supplied> 
               Commodus <supplied reason="lost">Augustus</supplied> <gap reason="lost"/> </p></div>

<div type="commentary">
<head>Commentary</head>
<p>No comment</p></div>

<div type="figure">
<head>Photographs</head>
<p>
<figure href="0046"><figDesc>Ward-Perkins Archive, BSR (BSR 48.XXVII.13)</figDesc></figure></p></div></body></text></TEI.2>
