<?xml version="1.0" encoding="UTF-8"?>
<!DOCTYPE TEI.2 SYSTEM "http://www.stoa.org/epidoc/dtd/6/tei-epidoc.dtd">
<TEI.2 lang="en" id="IRT098"><teiHeader><fileDesc><titleStmt><title><rs type="textType">Honours</rs> for a Flavian officer </title><editor>J. M. Reynolds</editor><editor>J. B. Ward-Perkins</editor></titleStmt><publicationStmt>
<p>Creative Commons licence Attribution UK 2.0 (<xref>http://creativecommons.org/licenses/by/2.0/uk/</xref>). </p>
<p>All reuse or distribution of this work must contain somewhere a link back to the URL <xref>http://irt.kcl.ac.uk/</xref>
            </p></publicationStmt><sourceDesc>
<p>Republished from <bibl id="irt1952">
                  <author>J. M. Reynolds</author> and <author>J. B. Ward-Perkins</author>, <title level="m">The Inscriptions of Roman Tripolitania</title>, <pubPlace>Rome</pubPlace>: <publisher>British
                  School at Rome</publisher>, <date>1952</date>. </bibl>
            </p></sourceDesc></fileDesc><encodingDesc>
<p>Marked-up according to the EpiDoc Guidelines version 5 <xref>http://www.stoa.org/epidoc/gl/5/</xref>
         </p></encodingDesc><profileDesc><langUsage><language id="ar">Arabic</language><language id="en">English</language><language id="fr">French</language><language id="de">German</language><language id="grc">Ancient Greek</language><language id="grc-Latn">Transliterated Greek</language><language id="el">Modern Greek</language><language id="he">Hebrew</language><language id="it">Italian</language><language id="la">Latin</language><language id="phn-LY">Punic</language><language id="ber-Latn">Native Libyan language in Latin script</language></langUsage><textClass/><textClass><keywords><term>
                  <geogName type="ancientRegion" key="Tripolitania">Tripolitania</geogName>
               </term><term>
                  <geogName type="modernCountry" key="LY">Libya</geogName>
               </term><term>
                  <placeName type="modernFindspot" key="http://www.geonames.org/2208578/marsa-zawaghah.html">Marsa Zawaghah</placeName>
               </term></keywords></textClass></profileDesc><revisionDesc>
<change><date>2009-01-14</date><respStmt><name>NU</name></respStmt><item>converted using CHET-C</item></change>
<change><date>2009-05-19</date><respStmt><name>RV</name></respStmt><item>Added Figures</item></change>
<change><date>2009-08-24</date><respStmt><name>RV</name></respStmt><item>Added Figures</item></change></revisionDesc></teiHeader><text><body>

<div type="description" subtype="monument">
<head>Description of Monument</head>
<p> Four <rs type="objectType">block</rs>s (each 
               <rs type="dimensions"><measure from="0.85" to="0.95" unit="metre" type="length" dim="width">0.85-95</measure>
               <measure dim="height">0.46</measure>
               <measure unit="metre" type="length" dim="depth">0.40</measure></rs>) of 
               <rs type="material">sand-stone</rs>, once stuccoed. </p></div>

<div type="description" subtype="text">
<head>Description of Text</head>
<p>Inscribed on one face.</p></div>

<div type="description" subtype="letters">
<head>Description of Letters</head>
<p> Lapidary capitals: <measure unit="metre" type="length" dim="height">0.14</measure>. </p></div>

<div type="description" subtype="date">
<head>Date</head>
<p>
               <date type="textDate" notAfter="0096" notBefore="0069">Flavian</date>
            (<rs type="criteria">reign</rs>)</p></div>

<div type="history" subtype="locations">
<head>Locations</head>
<p>
               <rs type="found">
                  <placeName type="ancientFindspot" ref="http://atlantides.org/batlas/abrotonum-sabratha-35-e2" key="db659">Sabratha</placeName>:   
                  <rs type="monuList" key="db838">Church III</rs> (Reg. III, ins. 4), found re-used in the N wall of the N baptistry and now lying loose nearby. </rs>
            </p>
<p>
               <rs type="origLocation">Unknown</rs>
            </p>
<p>
               <rs type="lastLocation">Findspot</rs>
            </p></div>


<div type="bibliography">
<head>Bibliography</head>
<p>Not previously published.</p></div>

<div type="history" subtype="text-constituted-from">
<head>Text constituted from</head>
<p>Transcription (Reynolds, Ward-Perkins)</p></div>

<div type="edition" lang="la">
<head lang="en">Text</head>

<div type="textpart" subtype="fragment" n="a, b, c">
<ab>
                  <lb n="1"/><gap reason="lost" extent="unknown" unit="character"/><w part="F">e</w> <persName type="emperor"><name reg="Augustus" type="cognomen"><expan><supplied reason="lost"><abbr>Au</abbr></supplied><abbr>g</abbr><ex>usti</ex></expan></name> 
                  <name reg="Vespasianus" type="cognomen"><supplied reason="lost">V</supplied><unclear>e</unclear>s<unclear>pa</unclear>sia<unclear>ni</unclear></name></persName> <w lemma="ex">ex</w>
                  <lb n="2"/><w lemma="quinque">quinq<supplied reason="lost">ue</supplied></w> <w lemma="decuria"><supplied reason="lost">decuriis</supplied></w>
                  <gap reason="lost" extent="unknown" unit="character"/>
                  <lb n="3"/><gap reason="lost" extent="unknown" unit="character"/> <w lemma="donum">donis</w> <w lemma="militaris">m<unclear>il</unclear>itaribus</w> <w lemma="dono">do<supplied reason="lost">nat</supplied></w>
                  <gap reason="lost" extent="unknown" unit="character"/>
               </ab></div>

<div type="textpart" subtype="fragment" n="d">
<ab>
                  <lb n="1"/><gap reason="lost" extent="unknown" unit="character"/>
                  <placeName type="ethnic"><supplied reason="lost">Af</supplied>ricae</placeName> <w part="I">so</w><gap reason="lost" extent="unknown" unit="character"/>
                  <lb n="2"/><gap reason="lost" extent="unknown" unit="character"/>
                  <w lemma="memoria"><supplied reason="lost">m</supplied>emor<supplied reason="lost">i</supplied>a</w><gap reason="lost" extent="unknown" unit="character"/>
               </ab></div></div>

<div type="translation">
<head>Translation</head>
<p>a, b and c: <gap reason="lost"/> of Vespasian Augustus, a member of the five <supplied reason="lost">decuries</supplied><supplied reason="subaudible">of jurymen at Rome</supplied><gap reason="lost"/>, awarded military honours <gap reason="lost"/>.</p><p> d. <gap reason="lost"/> of Africa <gap reason="lost"/> <gap reason="lost"/>? in memory<gap reason="lost"/></p></div>

<div type="commentary">
<head>Commentary</head>
<p>No comment.</p></div>

<div type="figure">
<head>Photographs</head>
<p>
<figure href="0126"><figDesc>Ward-Perkins Archive, BSR (Sopr. DS 817 Leica)</figDesc></figure>
<figure href="0127"><figDesc>Ward-Perkins Archive, BSR (Sopr. DS 815 Leica)</figDesc></figure>
<figure href="0128"><figDesc>Ward-Perkins Archive, BSR (Sopr. DS 817 Leica)</figDesc></figure>
<figure href="0129"><figDesc>Ward-Perkins Archive, BSR (BSR 48.XI.4)</figDesc></figure></p></div></body></text></TEI.2>
