<?xml version="1.0" encoding="UTF-8"?>
<!DOCTYPE TEI.2
  SYSTEM "http://www.stoa.org/epidoc/dtd/6/tei-epidoc.dtd">
<TEI.2 lang="en" id="IRT035"><teiHeader><fileDesc><titleStmt><title><rs type="textType" cert="low">Dedication</rs> to Septimius Severus</title><editor>J. M. Reynolds</editor><editor>J. B. Ward-Perkins</editor></titleStmt><publicationStmt>
<p>Creative Commons licence Attribution UK 2.0 (<xref>http://creativecommons.org/licenses/by/2.0/uk/</xref>). </p>
<p>All reuse or distribution of this work must contain somewhere a link back to the URL <xref>http://irt.kcl.ac.uk/</xref>
            </p></publicationStmt><sourceDesc>
<p>Republished from <bibl id="irt1952">
                  <author>J. M. Reynolds</author> and <author>J. B. Ward-Perkins</author>, <title level="m">The Inscriptions of Roman Tripolitania</title>, <pubPlace>Rome</pubPlace>: <publisher>British
                  School at Rome</publisher>, <date>1952</date>. </bibl>
            </p></sourceDesc></fileDesc><encodingDesc>
<p>Marked-up according to the EpiDoc Guidelines version 5 <xref>http://www.stoa.org/epidoc/gl/5/</xref>
         </p></encodingDesc><profileDesc><langUsage><language id="ar">Arabic</language><language id="en">English</language><language id="fr">French</language><language id="de">German</language><language id="grc">Ancient Greek</language><language id="grc-Latn">Transliterated Greek</language><language id="el">Modern Greek</language><language id="he">Hebrew</language><language id="it">Italian</language><language id="la">Latin</language><language id="phn-LY">Punic</language><language id="ber-Latn">Native Libyan language in Latin script</language></langUsage><textClass/><textClass><keywords><term>
                  <geogName type="ancientRegion" key="Tripolitania">Tripolitania</geogName>
               </term><term>
                  <geogName type="modernCountry" key="LY">Libya</geogName>
               </term><term>
                  <placeName type="modernFindspot" key="http://www.geonames.org/2208578/marsa-zawaghah.html">Marsa Zawaghah</placeName>
               </term></keywords></textClass></profileDesc><revisionDesc>
<change><date>2008-09-09</date><respStmt><name>ZA</name></respStmt><item>converted using CHET-C</item></change>
<change><date>2009-05-19</date><respStmt><name>RV</name></respStmt><item>Added Figures</item></change>
<change><date>2009-08-24</date><respStmt><name>RV</name></respStmt><item>Added Figures</item></change></revisionDesc></teiHeader><text><body>
<div type="description" subtype="monument">
<head>Description of Monument</head>
<p> Upper part of a moulded <rs type="material">marble</rs> <rs type="objectType">base</rs> (surviving, <rs type="dimensions"><measure unit="metre" type="length" dim="width">0.64</measure><measure unit="metre" type="length" dim="height">0.28</measure><measure unit="metre" type="length" dim="depth">0.25</measure></rs>).</p></div>
<div type="description" subtype="text">
<head>Description of Text</head>
<p>Inscribed on one face.  </p></div>
<div type="description" subtype="letters">
<head>Description of Letters</head>
<p> Local second to third century capitals: <measure unit="metre" type="length" dim="height">0.045</measure>. </p></div>
<div type="description" subtype="date">
<head>Date</head>
<p>
               <date type="textDate" notBefore="0198" notAfter="0211" exact="both">A.D. 198-211</date>  (<rs type="criteria">reign</rs>).</p></div>
<div type="history" subtype="locations">
<head>Locations</head>
<p>
               <rs type="found">
                  <placeName type="ancientFindspot" ref="http://atlantides.org/batlas/abrotonum-sabratha-35-e2" key="db659">Sabratha</placeName>:  
                  Found in the street in front of the <rs type="monuList" key="db829">Antonine Temple</rs>.</rs>
            </p>
<p>
               <rs type="origLocation">Unknown</rs>
            </p>
<p>
               <rs type="lastLocation"> now placed on the wall of the adjacent fountain. </rs>
            </p></div>

<div type="bibliography">
<head>Bibliography</head>
<p>Not previously published.</p></div>
<div type="history" subtype="text-constituted-from">
<head>Text constituted from</head>
<p>Transcription (Reynolds, Ward-Perkins)</p></div>
<div type="edition" lang="la">
<head lang="en">Text</head>
<ab>
               <lb n="1"/><w lemma="imperator"><expan><abbr><supplied reason="lost">I</supplied>mp</abbr><ex>eratori</ex></expan></w> 
               <persName type="emperor"><name reg="Caesar" type="cognomen">Caesari</name> 
               <persName type="emperor">
                  <w lemma="imperator">Imperato<lb n="2" type="worddiv"/><supplied reason="lost">r</supplied>is</w> 
                  <name reg="Caesar" type="cognomen">Caesaris</name> <name reg="Lucius" type="praenomen">Luci</name> 
               <name reg="Septimius" type="gentilicium">Septi<lb n="3" type="worddiv"/><supplied reason="lost">mi</supplied></name> 
               <supplied reason="lost"><name reg="Seuerus" type="cognomen">Seueri</name> <name reg="Pius" type="cognomen">Pii</name></supplied></persName>
               <gap reason="lost" unit="character" extent="unknown"/>
               <supplied reason="lost"><w lemma="filius">filio</w></supplied></persName>
               <gap reason="lost" extent="unknown" unit="character"/>
            </ab></div>
<div type="translation">
<head>Translation</head>
<p>To Emperor Caesar, <supplied reason="lost">son of</supplied> Emperor Caesar Lucius Septimius <supplied reason="lost">Severus Pius</supplied> 
               <gap reason="lost"/> </p></div>
<div type="commentary">
<head>Commentary</head>
<p>No comment.</p></div>
<div type="figure">
<head>Photographs</head>
<p>
<figure href="0052"><figDesc>Ward-Perkins Archive, BSR (BSR 47.VII.18)</figDesc></figure></p></div></body></text></TEI.2>