<?xml version="1.0" encoding="UTF-8"?>
<!DOCTYPE TEI.2 SYSTEM "http://www.stoa.org/epidoc/dtd/6/tei-epidoc.dtd">
<TEI.2 lang="en" id="IRT043"><teiHeader><fileDesc><titleStmt><title><rs type="textType">Dedication</rs> to Severus Alexander by Aemilianus </title><editor>J. M. Reynolds</editor><editor>J. B. Ward-Perkins</editor></titleStmt><publicationStmt>
<p>Creative Commons licence Attribution UK 2.0 (<xref>http://creativecommons.org/licenses/by/2.0/uk/</xref>). </p>
<p>All reuse or distribution of this work must contain somewhere a link back to the URL <xref>http://irt.kcl.ac.uk/</xref>
            </p></publicationStmt><sourceDesc>
<p>Republished from <bibl id="irt1952">
                  <author>J. M. Reynolds</author> and <author>J. B. Ward-Perkins</author>, <title level="m">The Inscriptions of Roman Tripolitania</title>, <pubPlace>Rome</pubPlace>: <publisher>British
                  School at Rome</publisher>, <date>1952</date>. </bibl>
            </p></sourceDesc></fileDesc><encodingDesc>
<p>Marked-up according to the EpiDoc Guidelines version 5 <xref>http://www.stoa.org/epidoc/gl/5/</xref>
         </p></encodingDesc><profileDesc><langUsage><language id="ar">Arabic</language><language id="en">English</language><language id="fr">French</language><language id="de">German</language><language id="grc">Ancient Greek</language><language id="grc-Latn">Transliterated Greek</language><language id="el">Modern Greek</language><language id="he">Hebrew</language><language id="it">Italian</language><language id="la">Latin</language><language id="phn-LY">Punic</language><language id="ber-Latn">Native Libyan language in Latin script</language></langUsage><textClass/><textClass><keywords><term>
                  <geogName type="ancientRegion" key="Tripolitania">Tripolitania</geogName>
               </term><term>
                  <geogName type="modernCountry" key="LY">Libya</geogName>
               </term><term>
                  <placeName type="modernFindspot" key="http://www.geonames.org/2208578/marsa-zawaghah.html">Marsa Zawaghah</placeName>
               </term><term><rs type="textType">munera</rs></term></keywords></textClass></profileDesc><revisionDesc>
<change><date>2008-09-09</date><respStmt><name>ZA</name></respStmt><item>converted using CHET-C</item></change>
<change><date>2009-05-19</date><respStmt><name>RV</name></respStmt><item>Added Figures</item></change>
<change><date>2009-08-24</date><respStmt><name>RV</name></respStmt><item>Added Figures</item></change></revisionDesc></teiHeader><text><body>

<div type="description" subtype="monument">
<head>Description of Monument</head>
<p> Part of a <rs type="material">marble</rs> <rs type="objectType">panel</rs> (surviving width <rs type="dimensions"><measure unit="metre" type="length" dim="width">0.76</measure><measure unit="metre" type="length" dim="height">0.74</measure><measure unit="metre" type="length" dim="depth">0.02</measure></rs>). </p></div>

<div type="description" subtype="text">
<head>Description of Text</head>
<p>Inscribed on one face.</p></div>

<div type="description" subtype="letters">
<head>Description of Letters</head>
<p>Third century capitals: <measure from="0.05" to="0.06" unit="metre" type="length" dim="height">0.05-0.06</measure>. </p></div>

<div type="description" subtype="date">
<head>Date</head>
<p>
               <date type="textDate" notBefore="0230-12-10" notAfter="0231-12-09" exact="both">A.D. 230-231</date>
            (<rs type="criteria">titulature</rs>)</p></div>

<div type="history" subtype="locations">
<head>Locations</head>
<p>
               <rs type="found">
                  <placeName type="ancientFindspot" ref="http://atlantides.org/batlas/abrotonum-sabratha-35-e2" key="db659">Sabratha</placeName>:
                  The <rs type="monuList" key="db852">North Forum Portico</rs>. Found re-used as a paving slab in the late IV cent. paving at the W end of the portico,
                  where traces of the impression survive. See also <xref type="inscription">23</xref>, <xref type="inscription">27</xref>, <xref type="inscription">41</xref>, <xref type="inscription">95</xref>. N</rs>
            </p>
<p>
               <rs type="origLocation">Unknown</rs>
            </p>
<p>
               <rs type="lastLocation"><rs type="monuList" key="db660">Sabratha Museum</rs>.</rs>
            </p></div>


<div type="bibliography">
<head>Bibliography</head>
<p><bibl><author>Bartoccini</author>, <xptr from="quaderni"/> <biblScope>I:53</biblScope></bibl>; <bibl><xptr from="ae"/> <biblScope>1950:154</biblScope></bibl>.</p></div>

<div type="history" subtype="text-constituted-from">
<head>Text constituted from</head>
<p>Transcription (Reynolds, Ward-Perkins)</p></div>

<div type="edition" lang="la">
<head lang="en">Text</head>
<ab>
               <lb n="1"/><del rend="erasure"><supplied reason="lost"><w lemma="imperator"><expan><abbr>Imp</abbr><ex>eratori</ex></expan></w></supplied></del>
               <persName type="emperor"><del rend="erasure"><name reg="Caesar" type="cognomen"><expan><abbr><supplied reason="lost">Ca</supplied>e</abbr><ex>sari</ex></expan></name>
                  <name reg="Marcus" type="praenomen"><expan><abbr>M</abbr><ex>arco</ex></expan></name> <name reg="Aurelius" type="gentilicium">Aurelio</name> 
                  <name>Se<supplied reason="lost">vero</supplied></name></del>
               <lb n="2"/><del rend="erasure"><name reg="Alexander" type="praenomen"><supplied reason="lost">Alexa</supplied>ndro</name> <name reg="Pius" type="cognomen">Pio</name> 
                  <name reg="Felix" type="cognomen"><expan><abbr>Fel</abbr><ex>ici</ex></expan></name> 
                  <name reg="Augustus" type="cognomen"><expan><abbr>Au<supplied reason="lost">g</supplied></abbr><ex>usto</ex></expan></name></del></persName> 
               <del rend="erasure"><w lemma="pontifex"><expan><abbr>pont</abbr><ex>ifici</ex></expan></w></del>
                  <lb n="3"/><supplied reason="lost"><w lemma="magnus"><expan><abbr>max</abbr><ex>imo</ex></expan></w></supplied> 
               <w lemma="tribunicius"><expan><abbr><supplied reason="lost">tri</supplied>b</abbr><ex>unicia</ex></expan></w> 
               <w lemma="potestas"><expan><abbr>pot</abbr><ex>estate</ex></expan></w> <num value="10">X</num> 
               <w lemma="consul"><expan><abbr>co</abbr><ex>n</ex><abbr>s</abbr><ex>uli</ex></expan></w> <num value="3">III</num> 
               <w lemma="pater"><expan><abbr>p</abbr><ex>atri</ex></expan></w> <w lemma="patria"><expan><abbr>p</abbr><ex>atriae</ex></expan></w> 
               <w lemma="proconsul"><expan><abbr>p<supplied reason="lost">roco</supplied></abbr><supplied reason="lost"><ex>n</ex></supplied><abbr><supplied reason="lost">s</supplied></abbr><supplied reason="lost"><ex>uli</ex></supplied></expan></w>
               <lb n="4"/><gap reason="lost" unit="character" precision="circa" extent="5"/><persName type="attested"><name><seg part="F">tonius</seg></name> <name reg="Aemilianus" type="cognomen">Aemilian<supplied reason="lost">us</supplied></name></persName>
               <lb n="5"/><w lemma="ob"><supplied reason="lost">o</supplied>b</w> <w lemma="honor">honorem</w> <w lemma="auguratus">augurat<supplied reason="lost">us</supplied></w>
               <lb n="6"/><w lemma="praeter">praeter</w> 
               <w lemma="sestertius"><expan><abbr><am><g type="sestertius"/></am></abbr><ex>sestertios</ex></expan></w> 
               <num value="10">X</num> <w lemma="mille"><expan><abbr>m</abbr><ex>ilia</ex></expan></w> 
               <w lemma="nummus"><expan><abbr>n</abbr><ex>ummum</ex></expan></w> <w lemma="summus">summ<supplied reason="lost">ae</supplied></w>
               <lb n="7"/><w lemma="honorarius">honorariae</w> <w lemma="et">et</w> <w lemma="sportula">sport<supplied reason="lost">ulas</supplied></w>
               <lb n="8"/><w lemma="decurio">decurionibus</w> <w lemma="ob">ob</w> 
               <w lemma="dedicatio">dedic<supplied reason="lost">atio</supplied><lb n="9" type="worddiv"/>nem</w> <w lemma="do">datas</w> <w lemma="statuo">stat<supplied reason="lost">uit</supplied></w>
            </ab></div>

<div type="apparatus">
<head>Apparatus</head>
<p>
               <app loc="1-2"><lem><expan><abbr>Imp</abbr><ex>eratori</ex></expan>
                 <expan><abbr><supplied reason="lost">Ca</supplied>e</abbr><ex>sari</ex></expan>
                     <expan><abbr>M</abbr><ex>arco</ex></expan> Aurelio 
                      Se<supplied reason="lost">vero</supplied> <supplied reason="lost">Alexa</supplied>ndro Pio <expan><abbr>Fel</abbr><ex>ici</ex></expan> 
                  <expan><abbr>Au<supplied reason="lost">g</supplied></abbr><ex>usto</ex></expan></lem><note>Erased with continuous horizontal strokes after his death in 235. </note></app>
            </p></div>

<div type="translation">
               
<head>Translation</head>
               
<p>To <supplied reason="lost">Emperor</supplied> Caesar Marcus Aurelius Severus Alexander, Pius, Felix, Augustus, 
                  <supplied reason="lost">chief priest</supplied>, holding tribunician power for the tenth time, consul for the third time, father of the country, 
                  <supplied reason="lost">proconsul;  . . . .  -</supplied>tonius Aemilianus 
                  <supplied reason="subaudible">set this up</supplied> in response to the honour <supplied reason="subaudible">office</supplied> of the augurate, 
                  in addition to the payment of ten thousand sesterces for the office and provision of food boxes to members of the city council on the occasion of the dedication. </p>
            </div>

<div type="commentary">
<head>Commentary</head>
<p>l. 3. trib. pot. X. 10 Dec. 230 - 9 Dec. 231.</p></div>

<div type="figure">
<head>Photographs</head>
<p>
<figure href="0064"><figDesc>Ward-Perkins Archive, BSR (BSR 48.XI.13)</figDesc></figure>
<figure href="0065"><figDesc>Ward-Perkins Archive, BSR (Sopr. DS 889 Leica)</figDesc></figure></p></div></body></text></TEI.2>
