<?xml version="1.0" encoding="UTF-8"?>
<!DOCTYPE TEI.2 SYSTEM "http://www.stoa.org/epidoc/dtd/6/tei-epidoc.dtd">
<TEI.2 lang="en" id="IRT092"><teiHeader><fileDesc><titleStmt><title>Fragmentary <rs type="textType" cert="low">honours</rs> for an anonymous</title><editor>J. M. Reynolds</editor><editor>J. B. Ward-Perkins</editor></titleStmt><publicationStmt>
<p>Creative Commons licence Attribution UK 2.0 (<xref>http://creativecommons.org/licenses/by/2.0/uk/</xref>). </p>
<p>All reuse or distribution of this work must contain somewhere a link back to the URL <xref>http://irt.kcl.ac.uk/</xref>
            </p></publicationStmt><sourceDesc>
<p>Republished from <bibl id="irt1952">
                  <author>J. M. Reynolds</author> and <author>J. B. Ward-Perkins</author>, <title level="m">The Inscriptions of Roman Tripolitania</title>, <pubPlace>Rome</pubPlace>: <publisher>British
                  School at Rome</publisher>, <date>1952</date>. </bibl>
            </p></sourceDesc></fileDesc><encodingDesc>
<p>Marked-up according to the EpiDoc Guidelines version 5 <xref>http://www.stoa.org/epidoc/gl/5/</xref>
         </p></encodingDesc><profileDesc><langUsage><language id="ar">Arabic</language><language id="en">English</language><language id="fr">French</language><language id="de">German</language><language id="grc">Ancient Greek</language><language id="grc-Latn">Transliterated Greek</language><language id="el">Modern Greek</language><language id="he">Hebrew</language><language id="it">Italian</language><language id="la">Latin</language><language id="phn-LY">Punic</language><language id="ber-Latn">Native Libyan language in Latin script</language></langUsage><textClass/><textClass><keywords><term>
                  <geogName type="ancientRegion" key="Tripolitania">Tripolitania</geogName>
               </term><term>
                  <geogName type="modernCountry" key="LY">Libya</geogName>
               </term><term>
                  <placeName type="modernFindspot" key="http://www.geonames.org/2208578/marsa-zawaghah.html">Marsa Zawaghah</placeName>
               </term></keywords></textClass></profileDesc><revisionDesc>
<change><date>2009-01-20</date><respStmt><name>NU</name></respStmt><item>converted using CHET-C</item></change>
<change><date>2009-05-19</date><respStmt><name>RV</name></respStmt><item>Added Figures</item></change>
<change><date>2009-08-24</date><respStmt><name>RV</name></respStmt><item>Added Figures</item></change></revisionDesc></teiHeader><text><body>

<div type="description" subtype="monument">
<head>Description of Monument</head>
<p> Two fragments (<rs type="dimensions"><measure dim="width">0.20</measure> 
                               <measure dim="height">0.13</measure>
                               <measure unit="metre" type="length" dim="depth">0.025</measure></rs> and 
                   <rs type="dimensions"><measure dim="width">0.31</measure>
                   <measure dim="height">0.15</measure>
                   <measure unit="metre" type="length" dim="depth">0.025</measure></rs>) 
               of a <rs type="material">white marble</rs> <rs type="objectType">architrave</rs> panel.</p></div>

<div type="description" subtype="text">
<head>Description of Text</head>
<p>Inscribed on the upper fascia, with bead-and-reel moulding below 
               (die, <rs type="dimensions"><measure unit="metre" type="length" dim="height">0.095</measure></rs>).</p></div>

<div type="description" subtype="letters">
<head>Description of Letters</head>
<p> Second to third century capitals: <measure unit="metre" type="length" dim="height">0.08</measure>. </p></div>

<div type="description" subtype="date">
<head>Date</head>
<p>
               <date type="textDate" notBefore="0101" notAfter="0300" exact="none"> Second to third centuries A.D.</date> (<rs type="criteria">lettering</rs>)
            </p></div>

<div type="history" subtype="locations">
<head>Locations</head>
<p>
               <rs type="found">
                  <placeName type="ancientFindspot" ref="http://atlantides.org/batlas/abrotonum-sabratha-35-e2" key="db659">Sabratha</placeName>:  
                  <rs type="monuList" key="db832">Capitolium</rs>, found in the vaults; see note on <xref type="inscription">1</xref>.</rs></p>
<p>
               <rs type="origLocation">Unknown</rs>
            </p>
<p>
               <rs type="lastLocation">Findspot</rs>
            </p></div>



<div type="bibliography">
<head>Bibliography</head>
<p>Not previously published.</p></div>

<div type="history" subtype="text-constituted-from">
<head>Text constituted from</head>
<p>Transcription (Reynolds, Ward-Perkins)</p></div>

<div type="edition" lang="la">
<head lang="en">Text</head>

<div type="textpart" subtype="fragment" n="a">
<ab>
                  <lb n="1"/><gap reason="lost" extent="unknown" unit="character"/><w part="I"><unclear>a</unclear>dle<unclear>c</unclear><supplied reason="lost">t</supplied></w>
                  <gap reason="lost" extent="unknown" unit="character"/>
               </ab></div>

<div type="textpart" subtype="fragment" n="b">
<ab>
                  <lb n="1"/><gap reason="lost" extent="unknown" unit="character"/><w lemma="facio"><supplied reason="lost">facie</supplied><unclear reason="damage">n</unclear>dum</w> 
                  <w lemma="curo">cu<supplied reason="lost">rauit</supplied></w>
                  <gap reason="lost" extent="unknown" unit="character"/>
               </ab></div></div>



<div type="translation">
<head>Translation</head>
<p> a. <gap reason="lost"/>adlected <gap reason="lost"/> <note>case unknown</note></p><p>b. <gap reason="lost"/> he saw to its construction <gap reason="lost"/></p></div>

<div type="commentary">
<head>Commentary</head>
<p> The quality of the monument suggests that the subject was adlected into the Senate rather than into the municipal ordo.</p></div>

<div type="figure">
<head>Photographs</head>
<p>
<figure href="0120"><figDesc>Ward-Perkins Archive, BSR (BSR 48.XXII.4)</figDesc></figure>
<figure href="0196"><figDesc>Ward-Perkins Archive, BSR (BSR 48.XXII.4)</figDesc></figure></p></div></body></text></TEI.2>
