<?xml version="1.0" encoding="UTF-8"?>
<!DOCTYPE TEI.2 SYSTEM "http://www.stoa.org/epidoc/dtd/6/tei-epidoc.dtd">
<TEI.2 lang="en" id="IRT032"><teiHeader><fileDesc><titleStmt><title><rs type="textType" cert="low">Dedication</rs> to Marcus Aurelius or Commodus </title><editor>J. M. Reynolds</editor><editor>J. B. Ward-Perkins</editor></titleStmt><publicationStmt>
<p>Creative Commons licence Attribution UK 2.0 (<xref>http://creativecommons.org/licenses/by/2.0/uk/</xref>). </p>
<p>All reuse or distribution of this work must contain somewhere a link back to the URL <xref>http://irt.kcl.ac.uk/</xref>
            </p></publicationStmt><sourceDesc>
<p>Republished from <bibl id="irt1952">
                  <author>J. M. Reynolds</author> and <author>J. B. Ward-Perkins</author>, <title level="m">The Inscriptions of Roman Tripolitania</title>, <pubPlace>Rome</pubPlace>: <publisher>British
                  School at Rome</publisher>, <date>1952</date>. </bibl>
            </p></sourceDesc></fileDesc><encodingDesc>
<p>Marked-up according to the EpiDoc Guidelines version 5 <xref>http://www.stoa.org/epidoc/gl/5/</xref>
         </p></encodingDesc><profileDesc><langUsage><language id="ar">Arabic</language><language id="en">English</language><language id="fr">French</language><language id="de">German</language><language id="grc">Ancient Greek</language><language id="grc-Latn">Transliterated Greek</language><language id="el">Modern Greek</language><language id="he">Hebrew</language><language id="it">Italian</language><language id="la">Latin</language><language id="phn-LY">Punic</language><language id="ber-Latn">Native Libyan language in Latin script</language></langUsage><textClass/><textClass><keywords><term>
                  <geogName type="ancientRegion" key="Tripolitania">Tripolitania</geogName>
               </term><term>
                  <geogName type="modernCountry" key="LY">Libya</geogName>
               </term><term>
                  <placeName type="modernFindspot" key="http://www.geonames.org/2208578/marsa-zawaghah.html">Marsa Zawaghah</placeName>
               </term></keywords></textClass></profileDesc><revisionDesc>
<change><date>2008-09-09</date><respStmt><name>ZA</name></respStmt><item>converted using CHET-C</item></change>
<change><date>2009-05-19</date><respStmt><name>RV</name></respStmt><item>Added Figures</item></change>
<change><date>2009-08-24</date><respStmt><name>RV</name></respStmt><item>Added Figures</item></change></revisionDesc></teiHeader><text><body>

<div type="description" subtype="monument">
<head>Description of Monument</head>
<p> Fragment of a <rs type="material">marble</rs> <rs type="objectType">panel</rs> (<rs type="dimensions"><measure unit="metre" type="length" dim="width">0.18</measure><measure unit="metre" type="length" dim="height">0.15</measure></rs>, no edges surviving). </p></div>

<div type="description" subtype="text">
<head>Description of Text</head>
<p>Inscribed on the face.</p></div>

<div type="description" subtype="letters">
<head>Description of Letters</head>
<p>Second to third century lapidary capitals: line l, <measure unit="metre" type="length" dim="height">0.045</measure>; line 2, <measure unit="metre" type="length" dim="height">0.04</measure>.  </p></div>

<div type="description" subtype="date">
<head>Date</head>
<p>
               <date cert="low">A.D. 175</date> (<rs type="criteria">titulature</rs> if M. Aurelius) or <date type="textDate" notBefore="0186" exact="none" cert="low">A.D. 186 </date> (<rs type="criteria">titulature</rs> if Commodus)
            </p></div>

<div type="history" subtype="locations">
<head>Locations</head>
<p>
               <rs type="found">
                  <placeName type="ancientFindspot" ref="http://atlantides.org/batlas/abrotonum-sabratha-35-e2" key="db659">Sabratha</placeName>:
                  <rs type="monuList" key="db832">Capitolium</rs>, found in the vaults; see note on <xref type="inscription">1</xref>.</rs></p>
<p>
               <rs type="origLocation">Unknown</rs>
            </p>
<p>
               <rs type="lastLocation">Findspot</rs>
            </p></div>



<div type="bibliography">
<head>Bibliography</head>
<p>Not previously published.</p></div>

<div type="history" subtype="text-constituted-from">
<head>Text constituted from</head>
<p>Transcription (Reynolds, Ward-Perkins)</p></div>

<div type="edition" lang="la">
<head lang="en">Text</head>
<ab>
               <lb n="1"/><gap reason="lost" extent="unknown" unit="character"/> 
               <persName type="emperor"><name><seg part="I"><expan><abbr>Germ</abbr><supplied reason="lost"><ex>anic</ex></supplied></expan></seg></name></persName>
               <gap reason="lost" extent="unknown" unit="character"/>
               <lb n="2"/><gap reason="lost" extent="unknown" unit="character"/>
               <w part="I" lemma="imperator"><expan><abbr><supplied reason="lost">i</supplied>mp</abbr><ex>erator</ex></expan></w>
               <num value="8">VIII</num>
               <w part="I" lemma="consul"><expan><abbr><unclear>c</unclear><supplied reason="lost">o</supplied></abbr><supplied reason="lost"><ex>n</ex></supplied><abbr><supplied reason="lost">s</supplied></abbr><supplied reason="lost"><ex>ul</ex></supplied></expan></w>
               <gap reason="lost" extent="unknown" unit="character"/>
               </ab></div>



<div type="translation">
<head>Translation</head>
<p><gap reason="lost"/> Victor in Germany, <gap reason="lost"/>, acclaimed victor eight times, consul <note> case unknown</note> <gap reason="lost"/> </p></div>

<div type="commentary">
<head>Commentary</head>
<p>Probably M. Aurelius, Germanicus in June 175, imp. VIII in autumn 175; or Commodus, Germanicus in 175, imp. VIII in 186.</p></div>

<div type="figure">
<head>Photographs</head>
<p>
<figure href="0047"><figDesc>Ward-Perkins Archive, BSR (Sopr. DS 762 Leica)</figDesc></figure>
<figure href="0157"><figDesc>Ward-Perkins Archive, BSR (Sopr CS 274 bis)</figDesc></figure></p></div></body></text></TEI.2>
