<?xml version="1.0" encoding="UTF-8"?>
<!DOCTYPE TEI.2 SYSTEM "http://www.stoa.org/epidoc/dtd/6/tei-epidoc.dtd">
<TEI.2 lang="en" id="IRT007"><teiHeader><fileDesc><titleStmt><title> <rs type="textType">Dedication</rs> to Constans and Constantius II </title><editor>J. M. Reynolds</editor><editor>J. B. Ward-Perkins</editor></titleStmt><publicationStmt>
<p>Creative Commons licence Attribution UK 2.0 (<xref>http://creativecommons.org/licenses/by/2.0/uk/</xref>). </p>
<p>All reuse or distribution of this work must contain somewhere a link back to the URL <xref>http://irt.kcl.ac.uk/</xref>
            </p></publicationStmt><sourceDesc>
<p>Republished from <bibl id="irt1952">
                  <author>J. M. Reynolds</author> and <author>J. B. Ward-Perkins</author>, <title level="m">The Inscriptions of Roman Tripolitania</title>, <pubPlace>Rome</pubPlace>: <publisher>British
                  School at Rome</publisher>, <date>1952</date>. </bibl>
            </p></sourceDesc></fileDesc><encodingDesc>
<p>Marked-up according to the EpiDoc Guidelines version 5 <xref>http://www.stoa.org/epidoc/gl/5/</xref>
         </p></encodingDesc><profileDesc><langUsage><language id="ar">Arabic</language><language id="en">English</language><language id="fr">French</language><language id="de">German</language><language id="grc">Ancient Greek</language><language id="grc-Latn">Transliterated Greek</language><language id="el">Modern Greek</language><language id="he">Hebrew</language><language id="it">Italian</language><language id="la">Latin</language><language id="phn-LY">Punic</language><language id="ber-Latn">Native Libyan language in Latin script</language></langUsage><textClass/><textClass><keywords><term>
                  <geogName type="ancientRegion" key="Tripolitania">Tripolitania</geogName>
               </term><term>
                  <geogName type="modernCountry" key="LY">Libya</geogName>
               </term><term>
                  <placeName type="modernFindspot" key="http://www.geonames.org/2208578/marsa-zawaghah.html">Marsa Zawaghah</placeName>
               </term></keywords></textClass></profileDesc><revisionDesc>
<change><date>2008-09-09</date><respStmt><name>ZA</name></respStmt><item>converted using CHET-C</item></change>
<change><date>2009-05-19</date><respStmt><name>RV</name></respStmt><item>Added Figures</item></change>
<change><date>2009-08-24</date><respStmt><name>RV</name></respStmt><item>Added Figures</item></change></revisionDesc></teiHeader><text><body>

<div type="description" subtype="monument">
<head>Description of Monument</head>
<p>The left side of a <rs type="material">marble</rs> <rs type="objectType">panel</rs>
               (surviving, <rs type="dimensions"><measure unit="metre" type="length" dim="width">0.48</measure><measure unit="metre" type="length" dim="height">0.44</measure></rs>).  </p></div>

<div type="description" subtype="text">
<head>Description of Text</head>
<p>Inscribed on the face.</p></div>

<div type="description" subtype="letters">
<head>Description of Letters</head>
<p>Fourth century capitals:
               <measure unit="metre" type="length" dim="height" from="0.065" to="0.070">0.065-0.070</measure>.</p></div>

<div type="description" subtype="date">
<head>Date</head>
<p>
               <date type="textDate" notBefore="0340" notAfter="0350" exact="both">A.D. 340-350</date>
            (<rs type="criteria">reign</rs>)</p></div>

<div type="history" subtype="locations">
<head>Locations</head>
<p>
               <rs type="found">
                  <placeName type="ancientFindspot" ref="http://atlantides.org/batlas/abrotonum-sabratha-35-e2" key="db659">Sabratha</placeName>:
                  <rs type="monuList" key="db864">Theatre</rs></rs>
            </p>
<p>
               <rs type="origLocation">Unknown</rs>
            </p>
<p>
               <rs type="lastLocation"><rs type="monuList" key="db660">Sabratha Museum</rs>.</rs>
            </p></div>


<div type="bibliography">
<head>Bibliography</head>
<p>Not previously published.</p></div>

<div type="history" subtype="text-constituted-from">
<head>Text constituted from</head>
<p>Transcription (Reynolds, Ward-Perkins)</p></div>

<div type="edition" lang="la">
<head lang="en">Text</head>
<ab>
               <lb n="1"/><gap reason="lost" extent="1" unit="character" extentmax="2"/><orig><unclear>i</unclear>u</orig><gap reason="lost" extent="unknown" unit="character"/>
               <supplied reason="lost"><w lemma="et">et</w> <w lemma="totus">toto</w></supplied> 
               <lb n="2"/><w lemma="orbis">orbe</w> <w lemma="uictor">uicto<supplied reason="lost">ribus</supplied></w>
               <gap reason="lost" extent="unknown" unit="character"/>
               <lb n="3"/><w lemma="dominus"><expan><abbr>d</abbr><ex>ominis</ex></expan></w> 
               <w lemma="noster"><expan><abbr>n</abbr><ex>ostris</ex></expan></w>
               <persName type="emperor"><name reg="Flauius" type="gentilicium"><expan><abbr>Fl</abbr><ex>auio</ex></expan></name>
               <name reg="Iulius" type="gentilicium">Iulio</name> 
               <name reg="Constans">C<supplied reason="lost">onstante</supplied></name></persName> 
               <w lemma="et"><supplied reason="lost">et</supplied></w> 
               <lb n="4"/><persName type="emperor"><supplied reason="lost"><name reg="Flauius" type="gentilicium"><expan><abbr>Fl</abbr><ex>auio</ex></expan></name></supplied>
               <name reg="Iulius" type="gentilicium"><supplied reason="lost">I</supplied>ulio</name> 
               <name reg="Constantius" type="cognomen">Consta<unclear>n</unclear><supplied reason="lost">tio</supplied></name></persName>
               <gap reason="lost" extent="unknown" unit="character"/>
               <lb n="5"/><persName type="divine"><name reg="Hercules"><unclear>H</unclear>erculis</name></persName>
               <orig><unclear reason="damage">lo</unclear></orig><gap reason="lost" unit="character" extent="unknown"/>
               <lb n="6"/><w part="I"><unclear>h</unclear>orro</w><gap reason="lost" extent="unknown" unit="character"/>
               <lb n="7"/><gap reason="lost" extent="unknown" unit="line"/>
            </ab></div>

<div type="apparatus">
<head>Apparatus</head>
<p>
               <app loc="3"><note><foreign lang="la">DDNN</foreign></note></app>
            </p></div>

<div type="translation">
<head>Translation</head>
<p>To <supplied reason="lost">the</supplied> <gap reason="lost"/> <supplied reason="lost">and</supplied> victors <supplied reason="lost">throughout the whole world</supplied>, our lords Flavius Julius Constans and 
               Flavius Julius Constantius <gap reason="lost"/>; of Hercules <gap reason="lost"/></p></div>

<div type="commentary">
<head>Commentary</head>
<p>Constans and Constantius were Augusti together from 340-350.</p></div>

<div type="figure">
<head>Photographs</head>
<p>
<figure href="0009"><figDesc>Ward-Perkins Archive, BSR (Sopr. DS 227)</figDesc></figure></p></div></body></text></TEI.2>
