<?xml version="1.0" encoding="UTF-8"?>
<!DOCTYPE TEI.2 SYSTEM "http://www.stoa.org/epidoc/dtd/6/tei-epidoc.dtd">
<TEI.2 lang="en" id="IRT014"><teiHeader><fileDesc><titleStmt><title><rs type="textType">Dedication</rs> to Augustus (?) </title><editor>J. M. Reynolds</editor><editor>J. B. Ward-Perkins</editor></titleStmt><publicationStmt>
<p>Creative Commons licence Attribution UK 2.0 (<xref>http://creativecommons.org/licenses/by/2.0/uk/</xref>). </p>
<p>All reuse or distribution of this work must contain somewhere a link back to the URL <xref>http://irt.kcl.ac.uk/</xref>
            </p></publicationStmt><sourceDesc>
<p>Republished from <bibl id="irt1952">
                  <author>J. M. Reynolds</author> and <author>J. B. Ward-Perkins</author>, <title level="m">The Inscriptions of Roman Tripolitania</title>, <pubPlace>Rome</pubPlace>: <publisher>British
                  School at Rome</publisher>, <date>1952</date>. </bibl>
            </p></sourceDesc></fileDesc><encodingDesc>
<p>Marked-up according to the EpiDoc Guidelines version 5 <xref>http://www.stoa.org/epidoc/gl/5/</xref>
         </p></encodingDesc><profileDesc><langUsage><language id="ar">Arabic</language><language id="en">English</language><language id="fr">French</language><language id="de">German</language><language id="grc">Ancient Greek</language><language id="grc-Latn">Transliterated Greek</language><language id="el">Modern Greek</language><language id="he">Hebrew</language><language id="it">Italian</language><language id="la">Latin</language><language id="phn-LY">Punic</language><language id="ber-Latn">Native Libyan language in Latin script</language></langUsage><textClass/><textClass><keywords><term>
                  <geogName type="ancientRegion" key="Tripolitania">Tripolitania</geogName>
               </term><term>
                  <geogName type="modernCountry" key="LY">Libya</geogName>
               </term><term>
                  <placeName type="modernFindspot" key="http://www.geonames.org/2208578/marsa-zawaghah.html">Marsa Zawaghah</placeName>
               </term></keywords></textClass></profileDesc><revisionDesc>
<change><date>2008-09-09</date><respStmt><name>ZA</name></respStmt><item>converted using CHET-C</item></change>
<change><date>2009-05-19</date><respStmt><name>RV</name></respStmt><item>Added Figures</item></change>
<change><date>2009-08-24</date><respStmt><name>RV</name></respStmt><item>Added Figures</item></change></revisionDesc></teiHeader><text><body>

<div type="description" subtype="monument">
<head>Description of Monument</head>
<p> One complete (<rs type="dimensions"><measure unit="metre" type="length" dim="width">0.80</measure><measure unit="metre" type="length" dim="height">0.46</measure><measure unit="metre" type="length" dim="depth">0.46</measure></rs>) and one fragmentary 
               (<rs type="dimensions"><measure unit="metre" type="length" dim="width">0.34</measure><measure unit="metre" type="length" dim="height">0.46</measure><measure unit="metre" type="length" dim="depth">0.46</measure></rs>) 
               <rs type="objectType">block</rs> of <rs type="material">stuccoed sandstone</rs></p></div>

<div type="description" subtype="text">
<head>Description of Text</head>
<p>Inscribed with a monumental inscription.</p></div>

<div type="description" subtype="letters">
<head>Description of Letters</head>
<p>First century lapidary capitals: <measure unit="metre" type="length" dim="height">0.29</measure>. </p></div>

<div type="description" subtype="date">
<head>Date</head>
<p>
               <date type="textDate" notBefore="-0023" notAfter="-0005" exact="both" cert="low">23-5 B.C.</date>
               (<rs type="criteria">titulature</rs>)
            </p></div>

<div type="history" subtype="locations">
<head>Locations</head>
<p>
               <rs type="found">
                  <placeName type="ancientFindspot" ref="http://atlantides.org/batlas/abrotonum-sabratha-35-e2" key="db659">Sabratha</placeName>:
                  <rs type="monuList" key="db832">Capitolium</rs>, found in the vaults; see note on <xref type="inscription">1</xref>.</rs></p>
<p>
               <rs type="origLocation">From one of the public buildings of the Forum area.</rs>
            </p>
<p>
               <rs type="lastLocation">Findspot</rs>
            </p></div>



<div type="bibliography">
<head>Bibliography</head>
<p>Not previously published.</p></div>

<div type="history" subtype="text-constituted-from">
<head>Text constituted from</head>
<p>Transcription (Reynolds, Ward-Perkins)</p></div>

<div type="edition" lang="la">
<head lang="en">Text</head>

<div type="textpart" subtype="fragment" n="a">
<ab>
                  <lb n="1"/><supplied reason="lost"><w lemma="imperator"><expan><abbr>Imp</abbr><ex>eratori</ex></expan></w></supplied>
                  <persName type="emperor"><name reg="Caesar" type="cognomen"><supplied reason="lost">Caesa</supplied>ri</name></persName>
                  <gap reason="lost" extent="unknown" unit="character"/>
            </ab></div>

<div type="textpart" subtype="fragment" n="b">
<ab>
                  <lb n="1"/><gap reason="lost" extent="unknown" unit="character"/> <num value="11">XI</num> 
               <w lemma="tribunicius"><expan><abbr>trib</abbr><ex>unicia</ex></expan></w>
                  <w lemma="potestas">p<supplied reason="lost">otestate</supplied></w>
               <gap reason="lost" extent="unknown" unit="character"/>
               </ab></div></div>

<div type="apparatus">
<head>Apparatus</head>
<p>
               <app><note> Probably Augustus, cos. XI in 23 B.C., cos. XII in 5 B.C.; or imp. XI in 12 B.C., imp. XII in 11 B.C..
                     After Tiberius, who was never either cos. XI or imp. XI, these titles are rarely placed before trib. pot.</note></app>
            </p></div>

<div type="translation">
<head>Translation</head>
<p>a) To <supplied reason="lost">Emperor</supplied> Caesar <gap reason="lost"/></p>
<p>b) <gap reason="lost"/> consul <note>or perhaps acclaimed victor</note> for the eleventh time, holding tribunician 
               power <supplied reason="lost">for the</supplied> <gap reason="lost"/> <supplied reason="lost">time</supplied> <gap reason="lost"/></p></div>

<div type="commentary">
<head>Commentary</head>
<p>No comment</p></div>

<div type="figure">
<head>Photographs</head>
<p>
<figure href="0018"><figDesc>Ward-Perkins Archive, BSR (Sopr. CS 166)</figDesc></figure></p></div></body></text></TEI.2>
