<?xml version="1.0" encoding="UTF-8"?>
<!DOCTYPE TEI.2 SYSTEM "http://www.stoa.org/epidoc/dtd/6/tei-epidoc.dtd">
<TEI.2 lang="en" id="IRT010"><teiHeader><fileDesc><titleStmt><title> <rs type="textType">Dedication</rs>s to Jupiter by Aemilius Aristides </title><editor>J. M. Reynolds</editor><editor>J. B. Ward-Perkins</editor></titleStmt><publicationStmt>
<p>Creative Commons licence Attribution UK 2.0 (<xref>http://creativecommons.org/licenses/by/2.0/uk/</xref>). </p>
<p>All reuse or distribution of this work must contain somewhere a link back to the URL <xref>http://irt.kcl.ac.uk/</xref>
            </p></publicationStmt><sourceDesc>
<p>Republished from <bibl id="irt1952">
                  <author>J. M. Reynolds</author> and <author>J. B. Ward-Perkins</author>, <title level="m">The Inscriptions of Roman Tripolitania</title>, <pubPlace>Rome</pubPlace>: <publisher>British
                  School at Rome</publisher>, <date>1952</date>. </bibl>
            </p></sourceDesc></fileDesc><encodingDesc>
<p>Marked-up according to the EpiDoc Guidelines version 5 <xref>http://www.stoa.org/epidoc/gl/5/</xref>
         </p></encodingDesc><profileDesc><langUsage><language id="ar">Arabic</language><language id="en">English</language><language id="fr">French</language><language id="de">German</language><language id="grc">Ancient Greek</language><language id="grc-Latn">Transliterated Greek</language><language id="el">Modern Greek</language><language id="he">Hebrew</language><language id="it">Italian</language><language id="la">Latin</language><language id="phn-LY">Punic</language><language id="ber-Latn">Native Libyan language in Latin script</language></langUsage><textClass/><textClass><keywords><term>
                  <geogName type="ancientRegion" key="Tripolitania">Tripolitania</geogName>
               </term><term>
                  <geogName type="modernCountry" key="LY">Libya</geogName>
               </term><term>
                  <placeName type="modernFindspot" key="http://www.geonames.org/2208578/marsa-zawaghah.html">Marsa Zawaghah</placeName>
               </term></keywords></textClass></profileDesc><revisionDesc>
<change><date>2008-09-09</date><respStmt><name>ZA</name></respStmt><item>converted using CHET-C</item></change>
<change><date>2009-05-19</date><respStmt><name>RV</name></respStmt><item>Added Figures</item></change>
<change><date>2009-08-24</date><respStmt><name>RV</name></respStmt><item>Added Figures</item></change></revisionDesc></teiHeader><text><body>

<div type="description" subtype="monument">
<head>Description of Monument</head>
<p>Two identical moulded <rs type="objectType">stelae</rs> of <rs type="material">marble</rs>
               (<rs type="dimensions"><measure unit="metre" type="length" dim="width">0.37</measure><measure unit="metre" type="length" dim="height">1.53</measure><measure unit="metre" type="length" dim="depth">0.30</measure></rs>).</p></div>

<div type="description" subtype="text">
<head>Description of Text</head>
<p>Each stela inscribed on one face (die, 
               <rs type="dimensions"><measure unit="metre" type="length" dim="width">0.30</measure><measure unit="metre" type="length" dim="height">1.00</measure></rs>).
               The first line is cut above the die.</p></div>

<div type="description" subtype="letters">
<head>Description of Letters</head>
<p>Mannered capitals with some Rustic forms: line 1,
               <measure unit="metre" type="length" dim="height">0.08</measure>; remainder,
               <measure unit="metre" type="length" dim="height">0.07</measure>.
</p></div>

<div type="description" subtype="date">
<head>Date</head>
<p>
               <date type="textDate" notBefore="0101" notAfter="0233" exact="none">Second to early third centuries A.D.</date>
               (<rs type="criteria">lettering</rs>)
            </p></div>

<div type="history" subtype="locations">
<head>Locations</head>
<p>
               <rs type="found">
                  <placeName type="ancientFindspot" ref="http://atlantides.org/batlas/abrotonum-sabratha-35-e2" key="db659">Sabratha</placeName>:
                  <rs type="monuList" key="db832">Capitolium</rs>, found in the vaults; see note on <xref type="inscription">1</xref>.</rs>
            </p>
<p>
               <rs type="origLocation">Unknown</rs>
            </p>
<p>
               <rs type="lastLocation">Findspot</rs>
            </p></div>



<div type="bibliography">
<head>Bibliography</head>
<p><bibl><author>Bartoccini</author>, <xptr from="rivtrip"/>, <biblScope>I:289</biblScope></bibl>.</p></div>

<div type="history" subtype="text-constituted-from">
<head>Text constituted from</head>
<p>Transcription (Reynolds, Ward-Perkins)</p></div>

<div type="edition" lang="la">
<head lang="en">Text</head>
<ab>
               <lb n="1"/><persName type="divine"><name reg="Iuppiter"><expan><abbr>I</abbr><ex>oui</ex></expan></name> 
               <w lemma="bonus"><expan><abbr>O</abbr><ex>ptimo</ex></expan></w>
               <w lemma="magnus"><expan><abbr>M</abbr><ex>aximo</ex></expan></w></persName>
               <lb n="2"/><persName type="attested"><name reg="Quintus" type="praenomen"><expan><abbr>Q</abbr><ex>uintus</ex></expan></name> <name reg="Aemilius" type="gentilicium">Aemilius</name>
                  <lb n="3"/><name reg="Aristides" type="cognomen">Aristides</name></persName> 
               <lb n="4"/><w lemma="iuridicus"><expan><abbr>iurid</abbr><ex>icus</ex></expan></w> <w lemma="per">per</w> 
               <lb n="5"/><placeName reg="Alexandria"><expan><abbr>Alexandr</abbr><ex>iam</ex></expan> </placeName>
            </ab></div>

<div type="translation">
<head>Translation</head>
<p>To Jupiter best and greatest; Quintus Aemilius Aristides, <supplied reason="subaudible">Roman</supplied> judge in the territory of 
               Alexandria <supplied reason="subaudible">gave and dedicated this</supplied></p></div>

<div type="commentary">
<head>Commentary</head>
<p>On Q. Aemilius Aristides see <bibl>PIR<biblScope type="issue">2</biblScope> A 334</bibl>.</p></div>

<div type="figure">
<head>Photographs</head>
<p>
<figure href="0012"><figDesc>Ward-Perkins Archive, BSR (Sopr. B 815)</figDesc></figure>
<figure href="0013"><figDesc>Ward-Perkins Archive, BSR (Sopr. DS 759 bis Leica)</figDesc></figure>
<figure href="0014"><figDesc>Ward-Perkins Archive, BSR</figDesc></figure></p></div></body></text></TEI.2>
