<?xml version="1.0" encoding="UTF-8"?>
<!DOCTYPE TEI.2 SYSTEM "http://www.stoa.org/epidoc/dtd/6/tei-epidoc.dtd">
<TEI.2 lang="en" id="IRT033"><teiHeader><fileDesc><titleStmt><title><rs type="textType">Testamentary</rs> <rs type="textType">dedication</rs> to Septimius Severus by Caecilius </title><editor>J. M. Reynolds</editor><editor>J. B. Ward-Perkins</editor></titleStmt><publicationStmt>
<p>Creative Commons licence Attribution UK 2.0 (<xref>http://creativecommons.org/licenses/by/2.0/uk/</xref>). </p>
<p>All reuse or distribution of this work must contain somewhere a link back to the URL <xref>http://irt.kcl.ac.uk/</xref>
            </p></publicationStmt><sourceDesc>
<p>Republished from <bibl id="irt1952">
                  <author>J. M. Reynolds</author> and <author>J. B. Ward-Perkins</author>, <title level="m">The Inscriptions of Roman Tripolitania</title>, <pubPlace>Rome</pubPlace>: <publisher>British
                  School at Rome</publisher>, <date>1952</date>. </bibl>
            </p></sourceDesc></fileDesc><encodingDesc>
<p>Marked-up according to the EpiDoc Guidelines version 5 <xref>http://www.stoa.org/epidoc/gl/5/</xref>
         </p></encodingDesc><profileDesc><langUsage><language id="ar">Arabic</language><language id="en">English</language><language id="fr">French</language><language id="de">German</language><language id="grc">Ancient Greek</language><language id="grc-Latn">Transliterated Greek</language><language id="el">Modern Greek</language><language id="he">Hebrew</language><language id="it">Italian</language><language id="la">Latin</language><language id="phn-LY">Punic</language><language id="ber-Latn">Native Libyan language in Latin script</language></langUsage><textClass/><textClass><keywords><term>
                  <geogName type="ancientRegion" key="Tripolitania">Tripolitania</geogName>
               </term><term>
                  <geogName type="modernCountry" key="LY">Libya</geogName>
               </term><term>
                  <placeName type="modernFindspot" key="http://www.geonames.org/2208578/marsa-zawaghah.html">Marsa Zawaghah</placeName>
               </term></keywords></textClass></profileDesc><revisionDesc>
<change><date>2008-09-09</date><respStmt><name>ZA</name></respStmt><item>converted using CHET-C</item></change>
<change><date>2009-05-19</date><respStmt><name>RV</name></respStmt><item>Added Figures</item></change>
<change><date>2009-08-24</date><respStmt><name>RV</name></respStmt><item>Added Figures</item></change></revisionDesc></teiHeader><text><body>

<div type="description" subtype="monument">
<head>Description of Monument</head>
<p> Three <rs type="objectType">block</rs>s (each <rs type="dimensions"><measure unit="metre" type="length" dim="width">0.51</measure><measure unit="metre" type="length" dim="height">1.08</measure><measure unit="metre" type="length" dim="depth">0.36</measure></rs>) of hard <rs type="material">brown limestone</rs>.</p></div>

<div type="description" subtype="text">
<head>Description of Text</head>
<p>Inscribed on one face.</p></div>

<div type="description" subtype="letters">
<head>Description of Letters</head>
<p>Lapidary capitals: a) line 1, <measure unit="metre" type="length" dim="height">0.15</measure>; line 2, <measure unit="metre" type="length" dim="height">0.135</measure>; line 3, <measure unit="metre" type="length" dim="height">0.105</measure>;</p>
<p>b) line1, <measure unit="metre" type="length" dim="height">0.10</measure>; line 2, <measure unit="metre" type="length" dim="height">0.12</measure>. </p></div>

<div type="description" subtype="date">
<head>Date</head>
<p>
               <date type="textDate" value="0202" cert="low">A.D. 202 </date>
            (<rs type="criteria">titulature, as restored</rs>).</p></div>

<div type="history" subtype="locations">
<head>Locations</head>
<p>
               <rs type="found">
                  <placeName type="ancientFindspot" ref="http://atlantides.org/batlas/abrotonum-sabratha-35-e2" key="db659">Sabratha</placeName>: 
                  The <rs type="monuList" key="db848">Justinian church</rs>, between the Forum and the sea. Found re-used in the construction of the church, along with many plain and moulded blocks, 
                  all of which belonged originally to a large base, possibly for a quadriga (<rs type="dimensions"><measure unit="metre" type="length" dim="width">8.84</measure><measure unit="metre" type="length" dim="height">7.34</measure></rs>), 
                  the remains of which have been identified at a cross-roads to the W of the Theatre.</rs>
            </p>
<p>
               <rs type="origLocation">Unknown</rs>
            </p>
<p>
               <rs type="lastLocation">Findspot</rs>
            </p></div>



<div type="bibliography">
<head>Bibliography</head>
<p>Not previously published.</p></div>

<div type="history" subtype="text-constituted-from">
<head>Text constituted from</head>
<p>Transcription (Reynolds, Ward-Perkins)</p></div>

<div type="edition" lang="la">
<head lang="en">Text</head>

<div type="textpart" subtype="fragment" n="a">
<ab>
                  <lb n="1"/><supplied reason="lost"><w lemma="imperator"><expan><abbr>Imp</abbr><ex>eratori</ex></expan></w></supplied> 
                  <persName type="emperor"><supplied reason="lost"><name reg="Caesar" type="cognomen">Caesari</name> 
                     <name reg="Lucius" type="praenomen">Lucio</name> <name reg="Septimius" type="gentilicium">Septimio</name> <name reg="Seuerus" type="cognomen">Seuero</name></supplied>
                     <name reg="Pius" type="cognomen"><supplied reason="lost">Pi</supplied>o</name> 
                     <name reg="Pertinax" type="cognomen">Pert<supplied reason="lost">ina</supplied>ci</name> 
                     <name reg="Augustus" type="cognomen"><expan><abbr>Aug</abbr><ex>usto</ex></expan></name> 
                     <name>Ar<supplied reason="lost">abico</supplied></name>
                     <lb n="2"/><supplied reason="lost"><name reg="Adiabenicus" type="cognomen">Adiabenico</name> <name reg="Parthicus" type="cognomen">Parthico</name> 
                        <w lemma="magnus">maximo</w></supplied></persName> 
                  <supplied reason="lost"><w lemma="pontifex">pontifici</w></supplied>
                     <w lemma="magnus"><supplied reason="lost">maxi</supplied>mo</w>
                     <w lemma="tribunicius">tribun<supplied reason="lost">ici</supplied>ae</w> 
                     <w lemma="potestas">potes<supplied reason="lost">tatis</supplied></w>
                     <supplied reason="lost"><num><gap reason="lost" extent="1" extentmax="4" unit="character"/></num></supplied>
                     <lb n="3"/><supplied reason="lost"><w lemma="imperator"><expan><abbr>imp</abbr><ex>eratori</ex></expan></w> <num><gap reason="lost" extent="1" extentmax="4" unit="character"/></num>
                        <w lemma="consul"><expan><abbr>co</abbr><ex>n</ex><abbr>s</abbr><ex>uli</ex></expan></w>
                        <num><gap reason="lost" extent="1" extentmax="4" unit="character"/></num></supplied> 
                     <w lemma="pater"><expan><abbr>p</abbr><ex>atri</ex></expan></w> 
                     <w lemma="patria"><expan><abbr>p</abbr><ex>atriae</ex></expan></w>
                  </ab></div>

<div type="textpart" subtype="fragment" n="b">
<ab>
                  <lb n="1"/><w lemma="ex">ex</w> <w lemma="testamentum">testam<supplied reason="lost">ento</supplied></w><gap reason="lost" extent="unknown" unit="character"/>
                  <lb n="2"/><persName type="attested"><name><seg part="I"><expan><abbr>Q</abbr><ex>uint-</ex></expan></seg></name> 
                  <name reg="Caecilius" type="gentilicium"><seg part="I">Caeci<supplied reason="lost">li</supplied></seg></name></persName><gap reason="lost" extent="unknown" unit="character"/>
               </ab></div></div>

<div type="apparatus">
<head>Apparatus</head>
<p>
               <app loc="a 2"><note>Parthicus maximus from 198. The restoration of these titles is required by the length of the line.</note></app>
            </p>
<p>
               <app loc="a 2"><note>Perhaps, from the relative lengths of lines 1 and 2, trib. pot. X, 10 Dec. 201-9 Dec. 202.</note></app>
            </p>
<p>
               <app loc="b 3"><note> Perhaps, from the relative size of the lettering, not the testator but the dedicating proconsul.</note></app>
            </p></div>

<div type="translation">
<head>Translation</head>
<p>a. <supplied reason="lost">To Emperor Caesar Lucius Septimus Severus</supplied> Pius Pertinax Augustus, Victor in Arabia, 
               <supplied reason="lost">Victor in Adiabene, greatest Victor in Parthia</supplied>,
               chief <supplied reason="lost">priest</supplied>, holding tribunician power 
               <supplied reason="lost">for the  ?  time, acclaimed Victor ? times, consul for the ? time</supplied> father of the country</p>
<p> b.  <note>Set up</note> in accordance with the will <supplied reason="lost">of</supplied><gap reason="lost"/> 
               Quintus Caecilius <note> case unknown</note> <gap reason="lost"/> </p></div>

<div type="commentary">
<head>Commentary</head>
<p>No comment</p></div>

<div type="figure">
<head>Photographs</head>
<p>
<figure href="0048"><figDesc>Ward-Perkins Archive, BSR</figDesc></figure>
<figure href="0049"><figDesc>Ward-Perkins Archive, BSR (BSR 46.III.4)</figDesc></figure>
<figure href="0050"><figDesc>Ward-Perkins Archive, BSR (BSR 46.VI.30)</figDesc></figure>
<figure href="0051"><figDesc>Ward-Perkins Archive, BSR (BSR 47.VII.35)</figDesc></figure></p></div></body></text></TEI.2>
