<?xml version="1.0" encoding="UTF-8"?>
<!DOCTYPE TEI.2 SYSTEM "http://www.stoa.org/epidoc/dtd/6/tei-epidoc.dtd">
<TEI.2 lang="en" id="IRT013"><teiHeader><fileDesc><titleStmt><title><rs type="textType">Votive</rs>  offering by Fl. Bonifatius </title><editor>J. M. Reynolds</editor><editor>J. B. Ward-Perkins</editor></titleStmt><publicationStmt>
<p>Creative Commons licence Attribution UK 2.0 (<xref>http://creativecommons.org/licenses/by/2.0/uk/</xref>). </p>
<p>All reuse or distribution of this work must contain somewhere a link back to the URL <xref>http://irt.kcl.ac.uk/</xref>
            </p></publicationStmt><sourceDesc>
<p>Republished from <bibl id="irt1952">
                  <author>J. M. Reynolds</author> and <author>J. B. Ward-Perkins</author>, <title level="m">The Inscriptions of Roman Tripolitania</title>, <pubPlace>Rome</pubPlace>: <publisher>British
                  School at Rome</publisher>, <date>1952</date>. </bibl>
            </p></sourceDesc></fileDesc><encodingDesc>
<p>Marked-up according to the EpiDoc Guidelines version 5 <xref>http://www.stoa.org/epidoc/gl/5/</xref>
         </p></encodingDesc><profileDesc><langUsage><language id="ar">Arabic</language><language id="en">English</language><language id="fr">French</language><language id="de">German</language><language id="grc">Ancient Greek</language><language id="grc-Latn">Transliterated Greek</language><language id="el">Modern Greek</language><language id="he">Hebrew</language><language id="it">Italian</language><language id="la">Latin</language><language id="phn-LY">Punic</language><language id="ber-Latn">Native Libyan language in Latin script</language></langUsage><textClass/><textClass><keywords><term>
                  <geogName type="ancientRegion" key="Tripolitania">Tripolitania</geogName>
               </term><term>
                  <geogName type="modernCountry" key="LY">Libya</geogName>
               </term><term>
                  <placeName type="modernFindspot" key="http://www.geonames.org/2208578/marsa-zawaghah.html">Marsa Zawaghah</placeName>
               </term></keywords></textClass></profileDesc><revisionDesc>
<change><date>2008-09-09</date><respStmt><name>ZA</name></respStmt><item>converted using CHET-C</item></change>
<change><date>2009-05-19</date><respStmt><name>RV</name></respStmt><item>Added Figures</item></change>
<change><date>2009-08-24</date><respStmt><name>RV</name></respStmt><item>Added Figures</item></change></revisionDesc></teiHeader><text><body>

<div type="description" subtype="monument">
<head>Description of Monument</head>
<p> Part of a <rs type="objectType">mosaic</rs> <rs type="objectType">panel</rs> comprising the left-hand side of a 
               <rs type="decoration">tabella ansata</rs>
               (die,<rs type="dimensions">
                  <measure unit="metre" type="length" dim="width">0.41</measure> 
                  <measure unit="metre" type="length" dim="height">0.41</measure></rs>)</p></div>

<div type="description" subtype="text">
<head>Description of Text</head>
<p>Letters within the tabella.</p></div>

<div type="description" subtype="letters">
<head>Description of Letters</head>
<p> Lettering: <measure unit="metre" type="length" dim="height" from="0.07" to="0.09">0.07-0.09</measure>.</p></div>

<div type="description" subtype="date">
<head>Date</head>
<p>
               The floor is of the <date type="textDate" notBefore="0301" notAfter="0400" exact="none">fourth century</date>, but antedates the 
                  church in its present form.</p></div>

<div type="history" subtype="locations">
<head>Locations</head>
<p>
               <rs type="found">
                  <placeName type="ancientFindspot" ref="http://atlantides.org/batlas/abrotonum-sabratha-35-e2" key="db659">Sabratha</placeName>:
                  <rs type="monuList" key="db838">Church III</rs>: in the centre of the mosaic floor
                  between the altar and the bema of the Church (Reg. III ins. 4).</rs>
            </p>
<p>
               <rs type="origLocation">Unknown</rs>
            </p>
<p>
               <rs type="lastLocation">Findspot</rs>
            </p></div>



<div type="bibliography">
<head>Bibliography</head>
<p> <bibl id="romanelli1940"><author><name>Romanelli</name></author>, 
               <title level="m">Atti del IV Congresso di Archeologia Cristiana</title>, Rome, 1940, <biblScope>I:261</biblScope></bibl>.</p></div>

<div type="history" subtype="text-constituted-from">
<head>Text constituted from</head>
<p>Transcription (Reynolds, Ward-Perkins)</p></div>

<div type="edition" lang="la">
<head lang="en">Text</head>
<ab>
               <lb n="1"/><persName type="attested"><name reg="Flauius" type="gentilicium"><expan><abbr>Fl</abbr><ex>auius</ex></expan></name> 
               <name reg="Bon" type="cognomen">Bon<gap reason="lost" extent="unknown" unit="character"/></name></persName>
               <lb n="2"/> <w lemma="exceptor">excepto<unclear reason="damage">r</unclear></w>
               <gap reason="lost" extent="unknown" unit="character"/>
               <lb n="3"/><w part="F">m</w> <w lemma="se">suis</w> 
               <w part="F" lemma="de">de</w><gap reason="lost" extent="unknown" unit="character"/>
               <lb n="4"/><w lemma="uotum">uotum</w> <w lemma="soluo">s<supplied reason="lost">oluit</supplied></w>
            </ab></div>

<div type="apparatus">
<head>Apparatus</head>
<p>
               <app><rdg resp="#romanelli1940"><expan><abbr>Fl</abbr><ex>auius</ex></expan>Boni<supplied reason="lost">fatius</supplied> 
                  exceptor <supplied reason="lost">cu</supplied>m suis de<supplied reason="lost">o</supplied> 
                  uotum s<supplied reason="lost">oluit</supplied></rdg><note>l. 2 can more easily be read as
                     <foreign lang="la">EXCEPTO N<gap reason="lost" extent="unknown" unit="character"/></foreign></note></app>
            </p></div>

<div type="translation">
<head>Translation</head>
<p>Flavius Bon<supplied reason="lost" cert="low">ifatius</supplied>  shorthand writer, <supplied reason="lost">with</supplied> his family, paid 
               his <supplied reason="lost">vow</supplied></p></div>

<div type="commentary">
<head>Commentary</head>
<p>The most recent excavation (1949) appears to establish that the mosaic is contemporary with an earlier
               form of the church, and is therefore Christian.</p></div>

<div type="figure">
<head>Photographs</head>
<p>
<figure href="0017"><figDesc>Ward-Perkins Archive, BSR (BSR 47.IX.10)</figDesc></figure></p></div></body></text></TEI.2>
