<?xml version="1.0" encoding="UTF-8"?>
<!DOCTYPE TEI.2 SYSTEM "http://www.stoa.org/epidoc/dtd/6/tei-epidoc.dtd">
<TEI.2 lang="en" id="IRT044"><teiHeader><fileDesc><titleStmt><title><rs type="textType">Dedication</rs> to Severus Alexander and Julia Mamaea by Sabratha </title><editor>J. M. Reynolds</editor><editor>J. B. Ward-Perkins</editor></titleStmt><publicationStmt>
<p>Creative Commons licence Attribution UK 2.0 (<xref>http://creativecommons.org/licenses/by/2.0/uk/</xref>). </p>
<p>All reuse or distribution of this work must contain somewhere a link back to the URL <xref>http://irt.kcl.ac.uk/</xref>
            </p></publicationStmt><sourceDesc>
<p>Republished from <bibl id="irt1952">
                  <author>J. M. Reynolds</author> and <author>J. B. Ward-Perkins</author>, <title level="m">The Inscriptions of Roman Tripolitania</title>, <pubPlace>Rome</pubPlace>: <publisher>British
                  School at Rome</publisher>, <date>1952</date>. </bibl>
            </p></sourceDesc></fileDesc><encodingDesc>
<p>Marked-up according to the EpiDoc Guidelines version 5 <xref>http://www.stoa.org/epidoc/gl/5/</xref>
         </p></encodingDesc><profileDesc><langUsage><language id="ar">Arabic</language><language id="en">English</language><language id="fr">French</language><language id="de">German</language><language id="grc">Ancient Greek</language><language id="grc-Latn">Transliterated Greek</language><language id="el">Modern Greek</language><language id="he">Hebrew</language><language id="it">Italian</language><language id="la">Latin</language><language id="phn-LY">Punic</language><language id="ber-Latn">Native Libyan language in Latin script</language></langUsage><textClass/><textClass><keywords><term>
                  <geogName type="ancientRegion" key="Tripolitania">Tripolitania</geogName>
               </term><term>
                  <geogName type="modernCountry" key="LY">Libya</geogName>
               </term><term>
                  <placeName type="modernFindspot" key="http://www.geonames.org/2208578/marsa-zawaghah.html">Marsa Zawaghah</placeName>
               </term></keywords></textClass></profileDesc><revisionDesc>
<change><date>2008-09-09</date><respStmt><name>ZA</name></respStmt><item>converted using CHET-C</item></change>
<change><date>2009-05-19</date><respStmt><name>RV</name></respStmt><item>Added Figures</item></change>
<change><date>2009-08-24</date><respStmt><name>RV</name></respStmt><item>Added Figures</item></change></revisionDesc></teiHeader><text><body>

<div type="description" subtype="monument">
<head>Description of Monument</head>
<p> Two sections of a <rs type="material">marble</rs> <rs type="objectType">panel</rs> 
               (<rs type="dimensions"><measure unit="metre" type="length" dim="width">0.31</measure><measure unit="metre" type="length" dim="height">0.73</measure></rs>
               and <rs type="dimensions"><measure unit="metre" type="length" dim="width">0.20</measure><measure unit="metre" type="length" dim="height">0.73</measure></rs>).</p></div>

<div type="description" subtype="text">
<head>Description of Text</head>
<p>Inscribed on one face.</p></div>

<div type="description" subtype="letters">
<head>Description of Letters</head>
<p>Lapidary capitals: <measure from="0.07" to="0.06" unit="metre" type="length" dim="height">0.07-0.06</measure>. </p></div>

<div type="description" subtype="date">
<head>Date</head>
<p>
               <date type="textDate" notBefore="0222" notAfter="0235" exact="none">A.D. 222-235</date>
            (<rs type="criteria">reign</rs>).</p></div>

<div type="history" subtype="locations">
<head>Locations</head>
<p>
               <rs type="found">
                  <placeName type="ancientFindspot" ref="http://atlantides.org/batlas/abrotonum-sabratha-35-e2" key="db659">Sabratha</placeName>: 
                  <rs type="monuList" key="db832">Capitolium</rs>, found in the vaults; see note on <xref type="inscription">1</xref>.</rs></p>
<p>
               <rs type="origLocation">Unknown</rs>
            </p>
<p>
               <rs type="lastLocation">Findspot</rs>
            </p></div>



<div type="bibliography">
<head>Bibliography</head>
<p>Not previously published.</p></div>

<div type="history" subtype="text-constituted-from">
<head>Text constituted from</head>
<p>Transcription (Reynolds, Ward-Perkins)</p></div>

<div type="edition" lang="la">
<head lang="en">Text</head>
<ab>
               <lb n="1"/><gap reason="lost" extent="1" unit="line"/>
               <lb n="2"/><persName type="emperor"><w lemma="diuus">diui</w> <name reg="Magnus" type="cognomen">M<supplied reason="lost">agni</supplied></name>
               <name reg="Antoninus" type="gentilicium"><supplied reason="lost">Antonini</supplied></name></persName> <w lemma="filius"><supplied reason="lost">fili</supplied></w>
               <lb n="3"/>
                  <del rend="erasure"><w lemma="imperator"><expan><abbr>Imp</abbr><ex>eratoris</ex></expan></w></del> 
               <persName type="emperor"><del rend="erasure"><name reg="Caesar" type="cognomen"><expan><abbr>C<supplied reason="lost">aes</supplied></abbr><supplied reason="lost"><ex>aris</ex></supplied></expan></name> 
                  <supplied reason="lost"><name reg="Marcus" type="praenomen"><expan><abbr>M</abbr><ex>arci</ex></expan></name> 
                     <name reg="Aurelius" type="gentilicium">Aureli</name> <name reg="Seuerus" type="cognomen">Seueri</name></supplied></del>
               <lb n="4"/><del rend="erasure"><name reg="Alexander" type="praenomen">Alex<supplied reason="lost">andri</supplied></name> <name reg="Pius" type="cognomen">Pii</name> 
                  <name reg="Felix" type="cognomen">F<supplied reason="lost">elicis</supplied></name> <name reg="Augustus" type="cognomen"><supplied reason="lost">Augusti</supplied></name></del></persName>
               <lb n="5"/><del rend="erasure"><w lemma="pontifex">pon<supplied reason="lost">tificis</supplied></w> 
               <w lemma="magnus"><supplied reason="lost">ma</supplied>ximi</w> <supplied reason="lost"><w lemma="tribunicius">tribunicia</w></supplied></del>
               <lb n="6"/><del rend="erasure"><w lemma="potestas">pote<supplied reason="lost">state</supplied></w> 
               <num><gap reason="lost" extent="1" extentmax="4" unit="character"/></num> 
               <w lemma="consul"><expan><abbr>co</abbr><ex>n</ex><abbr>s</abbr><ex>ulis</ex></expan></w>
               <num><gap reason="lost" extent="1" extentmax="4" unit="character"/></num>
               <supplied reason="lost"><w lemma="pater"><expan><abbr>p</abbr><ex>atris</ex></expan></w> 
                  <w lemma="patria"><expan><abbr>p</abbr><ex>atriae</ex></expan></w> <w lemma="et">et</w></supplied></del>
               <lb n="7"/><persName type="emperor"><del rend="erasure"><name reg="Iulia" type="gentilicium">Iulia<supplied reason="lost">e</supplied></name> 
               <supplied reason="lost"><name reg="Mamaea" type="cognomen">Mamaeae</name> <w lemma="mater">matris</w> 
                  <persName type="emperor"><name reg="Augustus" type="cognomen"><expan><abbr>Aug</abbr><ex>usti</ex></expan></name></persName></supplied></del>
               <lb n="8"/><w lemma="et">et</w> <w lemma="castra">ca<supplied reason="lost">strorum</supplied></w>
               <supplied reason="lost"><w lemma="et">et</w> <w lemma="senatus">Senatus</w> <w lemma="et">et</w> <w lemma="patria">patriae</w></supplied></persName>
               <lb n="9"/><placeName type="ethnic" reg="Sabrathensis">Sa<supplied reason="lost">brathenses</supplied></placeName> 
               <supplied reason="lost"><w lemma="publice">publice</w></supplied>
            </ab></div>

<div type="apparatus">
<head>Apparatus</head>
<p>
               <app loc="4"><lem>Felix Augustus</lem><note>222-235.</note></app>
            </p>
<p>
               <app loc="3-4"><note>Erased with continuous horizontal strokes after his death in 235.</note></app>
            </p></div>

<div type="translation">
<head>Translation</head>
<p><gap reason="lost"/> <supplied reason="lost">of the son</supplied>
               of deified <supplied reason="lost">Antoninus</supplied> M<supplied reason="lost">agnus</supplied>, 
               Emperor Caesar <supplied reason="lost">Marcus Aurelius Severus</supplied> Alexander, Pius, Felix, <supplied reason="lost">Augustus</supplied>, 
                  chief priest,holding <supplied reason="lost">tribunician</supplied> power 
               <supplied reason="lost">for the ? time</supplied>, consul <supplied reason="lost">? times, father of the country and of</supplied> Julia <supplied reason="lost">Mamaea,
               mother of Augustus</supplied> and of the camps 
               <supplied reason="lost">and of the senate and of the country</supplied>; the people of Sabratha <supplied reason="subaudible">set this up publicly</supplied>. </p></div>

<div type="commentary">
<head>Commentary</head>
<p>No comment.</p></div>

<div type="figure">
<head>Photographs</head>
<p>
<figure href="0066"><figDesc>Ward-Perkins Archive, BSR (Sopr. DS 776 Leica)</figDesc></figure>
<figure href="0067"><figDesc>Ward-Perkins Archive, BSR (Sopr. CS 217)</figDesc></figure></p></div></body></text></TEI.2>
