<?xml version="1.0" encoding="UTF-8"?>
<!DOCTYPE TEI.2 SYSTEM "http://www.stoa.org/epidoc/dtd/6/tei-epidoc.dtd">
<TEI.2 lang="en" id="IRT006"><teiHeader><fileDesc><titleStmt><title><rs type="textType">Dedication</rs> of statue in the temple of the Genius of the Colonia</title><editor>J. M. Reynolds</editor><editor>J. B. Ward-Perkins</editor></titleStmt><publicationStmt>
<p>Creative Commons licence Attribution UK 2.0 (<xref>http://creativecommons.org/licenses/by/2.0/uk/</xref>). </p>
<p>All reuse or distribution of this work must contain somewhere a link back to the URL <xref>http://irt.kcl.ac.uk/</xref>
            </p></publicationStmt><sourceDesc>
<p>Republished from <bibl id="irt1952">
                  <author>J. M. Reynolds</author> and <author>J. B. Ward-Perkins</author>, <title level="m">The Inscriptions of Roman Tripolitania</title>, <pubPlace>Rome</pubPlace>: <publisher>British
                  School at Rome</publisher>, <date>1952</date>. </bibl>
            </p></sourceDesc></fileDesc><encodingDesc>
<p>Marked-up according to the EpiDoc Guidelines version 5 <xref>http://www.stoa.org/epidoc/gl/5/</xref>
         </p></encodingDesc><profileDesc><langUsage><language id="ar">Arabic</language><language id="en">English</language><language id="fr">French</language><language id="de">German</language><language id="grc">Ancient Greek</language><language id="grc-Latn">Transliterated Greek</language><language id="el">Modern Greek</language><language id="he">Hebrew</language><language id="it">Italian</language><language id="la">Latin</language><language id="phn-LY">Punic</language><language id="ber-Latn">Native Libyan language in Latin script</language></langUsage><textClass/><textClass><keywords><term>
                  <geogName type="ancientRegion" key="Tripolitania">Tripolitania</geogName>
               </term><term>
                  <geogName type="modernCountry" key="LY">Libya</geogName>
               </term><term>
                  <placeName type="modernFindspot" key="http://www.geonames.org/2208578/marsa-zawaghah.html">Marsa Zawaghah</placeName>
               </term></keywords></textClass></profileDesc><revisionDesc>
<change><date>2008-09-09</date><respStmt><name>ZA</name></respStmt><item>converted using CHET-C</item></change>
<change><date>2009-05-19</date><respStmt><name>RV</name></respStmt><item>Added Figures</item></change>
<change><date>2009-08-24</date><respStmt><name>RV</name></respStmt><item>Added Figures</item></change></revisionDesc></teiHeader><text><body>

<div type="description" subtype="monument">
<head>Description of Monument</head>
<p>Fragment from the left-hand edge of a <rs type="material" key="marmor">marble</rs>
               <rs type="objectType">block</rs> (inscribed surface, 
               <rs type="dimensions"><measure unit="metre" type="length" dim="width">0.42</measure><measure unit="metre" type="length" dim="height">0.42</measure></rs>).</p></div>

<div type="description" subtype="text">
<head>Description of Text</head>
<p>The inscribed face is pierced with a square hole approx. in the centre of line 3; and lines 4 ff. have been erased.</p></div>

<div type="description" subtype="letters">
<head>Description of Letters</head>
<p>Local second to third century capitals: <measure unit="metre" type="length" dim="height">0.035</measure>.</p></div>

<div type="description" subtype="date">
<head>Date</head>
<p>
               <date type="textDate" notAfter="0300" notBefore="0201" exact="none">Second to third centuries A.D.</date>
               (<rs type="criteria">lettering</rs>)
            </p></div>

<div type="history" subtype="locations">
<head>Locations</head>
<p>
               <rs type="found">
                  <placeName type="ancientFindspot" ref="http://atlantides.org/batlas/abrotonum-sabratha-35-e2" key="db659">Sabratha</placeName>:
                  The <rs type="monuList" key="db848">Justinian church</rs>: found re-used face-downwards as a column base, one of a series.</rs>
            </p>
<p>
               <rs type="origLocation">Unknown</rs>
            </p>
<p>
               <rs type="lastLocation">Findspot</rs>
            </p></div>



<div type="bibliography">
<head>Bibliography</head>
<p>Not previously published.</p></div>

<div type="history" subtype="text-constituted-from">
<head>Text constituted from</head>
<p>Transcription (Reynolds, Ward-Perkins)</p></div>

<div type="edition" lang="la">
<head lang="en">Text</head>
<ab>
               <lb n="1"/><gap reason="lost" extent="1" unit="line"/>
               <lb n="2"/><w lemma="is">eius</w> <w lemma="statua">sta<supplied reason="lost">t</supplied>uam</w> 
               <w lemma="decerno">decr<supplied reason="lost">etam</supplied></w> <supplied reason="lost"><w lemma="publice">publice</w> 
                  <w lemma="honor">honore</w></supplied>
               <lb n="3"/><w lemma="contentus">conten<supplied reason="lost">t</supplied>us</w> 
               <w lemma="suus"><expan><abbr>s</abbr><ex>ua</ex></expan></w> 
               <w lemma="pecunia"><expan><abbr>p</abbr><ex>ecunia</ex></expan></w> 
               <w lemma="pono"><expan><abbr>p</abbr><ex>osuit</ex></expan></w> 
               <w part="I">pra<gap reason="lost" extent="unknown" unit="character"/></w>
               <lb n="4"/><w part="I">osten</w><gap reason="lost" extent="1" unit="character" extentmax="2"/><orig>a</orig><gap reason="lost" extent="1" unit="character" extentmax="2"/><orig>a</orig> <w lemma="in">in</w>
               <w lemma="templum"><expan><abbr>templ</abbr><ex>o</ex></expan></w> 
               <persName type="divine"><w lemma="genius"><expan><abbr>G</abbr><ex>enii</ex></expan></w></persName> 
               <w lemma="colonia"><expan><abbr>Co<supplied reason="lost">l</supplied></abbr><ex>oniae</ex></expan></w> 
               <gap reason="lost" extent="unknown" unit="character"/>
               <lb n="5"/><del rend="erasure"><gap reason="lost" extent="1" unit="line"/></del>
            </ab></div>

<div type="translation">
<head>Translation</head>
<p><gap reason="lost"/> set up the statue of <note>person previously named</note> which had been publicly decreed;
               <supplied reason="subaudible">but</supplied> satisfied with
               the honours, he/she <supplied reason="subaudible">did so</supplied> at his/her own expense
               <gap reason="lost"/> in the temple of the Genius of the Colony <gap reason="lost"/> <note>a further line is erased</note></p></div>

<div type="commentary">
<head>Commentary</head>
<p>No comment</p></div>

<div type="figure">
<head>Photographs</head>
<p>
<figure href="0008"><figDesc>Ward-Perkins Archive, BSR (BSR 47.VII.25)</figDesc></figure></p></div></body></text></TEI.2>
