<?xml version="1.0" encoding="UTF-8"?>
<!DOCTYPE TEI.2 SYSTEM "http://www.stoa.org/epidoc/dtd/6/tei-epidoc.dtd">
<TEI.2 lang="en" id="IRT051"><teiHeader><fileDesc><titleStmt><title><rs type="textType">Dedication</rs> to Claudius Gothicus or Probus</title><editor>J. M. Reynolds</editor><editor>J. B. Ward-Perkins</editor></titleStmt><publicationStmt>
<p>Creative Commons licence Attribution UK 2.0 (<xref>http://creativecommons.org/licenses/by/2.0/uk/</xref>). </p>
<p>All reuse or distribution of this work must contain somewhere a link back to the URL <xref>http://irt.kcl.ac.uk/</xref>
            </p></publicationStmt><sourceDesc>
<p>Republished from <bibl id="irt1952">
                  <author>J. M. Reynolds</author> and <author>J. B. Ward-Perkins</author>, <title level="m">The Inscriptions of Roman Tripolitania</title>, <pubPlace>Rome</pubPlace>: <publisher>British
                  School at Rome</publisher>, <date>1952</date>. </bibl>
            </p></sourceDesc></fileDesc><encodingDesc>
<p>Marked-up according to the EpiDoc Guidelines version 5 <xref>http://www.stoa.org/epidoc/gl/5/</xref>
         </p></encodingDesc><profileDesc><langUsage><language id="ar">Arabic</language><language id="en">English</language><language id="fr">French</language><language id="de">German</language><language id="grc">Ancient Greek</language><language id="grc-Latn">Transliterated Greek</language><language id="el">Modern Greek</language><language id="he">Hebrew</language><language id="it">Italian</language><language id="la">Latin</language><language id="phn-LY">Punic</language><language id="ber-Latn">Native Libyan language in Latin script</language></langUsage><textClass/><textClass><keywords><term>
                  <geogName type="ancientRegion" key="Tripolitania">Tripolitania</geogName>
               </term><term>
                  <geogName type="modernCountry" key="LY">Libya</geogName>
               </term><term>
                  <placeName type="modernFindspot" key="http://www.geonames.org/2208578/marsa-zawaghah.html">Marsa Zawaghah</placeName>
               </term></keywords></textClass></profileDesc><revisionDesc>
<change><date>2008-09-09</date><respStmt><name>ZA</name></respStmt><item>converted using CHET-C</item></change>
<change><date>2009-05-19</date><respStmt><name>RV</name></respStmt><item>Added Figures</item></change>
<change><date>2009-08-24</date><respStmt><name>RV</name></respStmt><item>Added Figures</item></change></revisionDesc></teiHeader><text><body>

<div type="description" subtype="monument">
<head>Description of Monument</head>
<p> The reverse face of <xref type="inscription">62</xref>, q.v., turned side to top 
               (<rs type="dimensions"><measure unit="metre" type="length" dim="width">0.30</measure>
               <measure unit="metre" type="length" dim="height">0.34</measure></rs>).
</p></div>

<div type="description" subtype="text">
<head>Description of Text</head>
<p>Inscribed on the face.</p></div>

<div type="description" subtype="letters">
<head>Description of Letters</head>
<p>Third century capitals: <measure from="0.065" to="0.055" unit="metre" type="length" dim="height">0.065-0.055</measure>.</p></div>

<div type="description" subtype="date">
<head>Date</head>
<p>
               <date type="textDate" notBefore="0268" notAfter="0270" exact="both">A.D. 268-270</date> or  
               <date type="textDate" notBefore="0276" notAfter="0282" exact="both">A.D. 276-282</date> (<rs type="criteria">either Claudius Gothicus or Probus</rs>).
            </p></div>

<div type="history" subtype="locations">
<head>Locations</head>
<p>
               <rs type="found">
                  <placeName type="ancientFindspot" ref="http://atlantides.org/batlas/abrotonum-sabratha-35-e2" key="db659">Sabratha</placeName>: 
                  <rs type="monuList" key="db832">Capitolium</rs>, found in the vaults; see note on <xref type="inscription">1</xref>.</rs></p>
<p>
               <rs type="origLocation">Unknown</rs>
            </p>
<p>
               <rs type="lastLocation">Findspot
</rs>
            </p></div>



<div type="bibliography">
<head>Bibliography</head>
<p><bibl><author>Bartoccini</author>, <xptr from="quaderni"/> <biblScope>I:52</biblScope>.</bibl></p></div>

<div type="history" subtype="text-constituted-from">
<head>Text constituted from</head>
<p>Transcription (Reynolds, Ward-Perkins)</p></div>

<div type="edition" lang="la">
<head lang="en">Text</head>
<ab>
               <lb n="1"/>
               <gap reason="lost" extent="unknown" unit="character"/> 
               <w lemma="restitutor">restitutor<supplied reason="lost">i</supplied></w> 
               <w lemma="orbis"><supplied reason="lost">orbis</supplied></w>
               <gap reason="lost" extent="unknown" unit="character"/>
               <lb n="2"/>
               <persName type="emperor"><supplied reason="lost"><w lemma="imperator"><expan><abbr>Imp</abbr><ex>eratori</ex></expan></w></supplied> 
                  <name reg="Caesar" type="cognomen"><supplied reason="lost">Caesa</supplied>ri</name> <name reg="Marcus" type="praenomen"><expan><abbr>M</abbr><ex>arco</ex></expan></name> 
                  <name reg="Aurelius" type="gentilicium">Aureli<supplied reason="lost">o</supplied></name>
               <gap reason="lost" extent="unknown" unit="character"/>
               <lb n="3"/>
               <name reg="Pius" type="cognomen"><supplied reason="lost">Pio</supplied></name> <name reg="Felix" type="cognomen"><supplied reason="lost">Feli</supplied>ci</name> <w lemma="inuictus">inuicto</w> 
                  <name reg="Augustus" type="cognomen"><expan><abbr>A<supplied reason="lost">ug</supplied></abbr><ex>usto</ex></expan></name>
               <gap reason="lost" extent="unknown" unit="character"/>
               <lb n="4"/>
               <gap reason="lost" extent="7" unit="character" extentmax="8"/> <name>Gothico</name></persName> <gap reason="lost" extent="unknown" unit="character"/>
            </ab></div>

<div type="apparatus">
<head>Apparatus</head>
<p>
               <app><note> 
Either Claudius Gothicus, Augustus 268-270, or Probus, Augustus 276-282.</note></app>
            </p></div>

<div type="translation">
<head>Translation</head>
<p><gap reason="lost"/> to <supplied reason="lost">the</supplied> restorer of the world <supplied reason="lost"><gap reason="lost"/> 
               Emperor</supplied> Caesar Marcus Aurelius <supplied reason="lost"><gap reason="lost"/>, Pius,</supplied> Felix, unconquered, Augustus, 
               <gap reason="lost"/> conqueror of the Goths<gap reason="lost"/> </p></div>

<div type="commentary">
<head>Commentary</head>
<p>No comment.</p></div>

<div type="figure">
<head>Photographs</head>
<p>
<figure href="0073"><figDesc>Ward-Perkins Archive, BSR (Sopr. DS 800 Leica)</figDesc></figure>
<figure href="0117"><figDesc>Ward-Perkins Archive, BSR (Sopr. CS 217)</figDesc></figure></p></div></body></text></TEI.2>
