<?xml version="1.0" encoding="UTF-8"?>
<!DOCTYPE TEI.2
  SYSTEM "http://www.stoa.org/epidoc/dtd/6/tei-epidoc.dtd">
<TEI.2 lang="en" id="IRT045"><teiHeader><fileDesc><titleStmt><title>Erased <rs type="textType" cert="low">dedication</rs> to ?Severus Alexander</title><editor>J. M. Reynolds</editor><editor>J. B. Ward-Perkins</editor></titleStmt><publicationStmt>
<p>Creative Commons licence Attribution UK 2.0 (<xref>http://creativecommons.org/licenses/by/2.0/uk/</xref>). </p>
<p>All reuse or distribution of this work must contain somewhere a link back to the URL <xref>http://irt.kcl.ac.uk/</xref>
            </p></publicationStmt><sourceDesc>
<p>Republished from <bibl id="irt1952">
                  <author>J. M. Reynolds</author> and <author>J. B. Ward-Perkins</author>, <title level="m">The Inscriptions of Roman Tripolitania</title>, <pubPlace>Rome</pubPlace>: <publisher>British
                  School at Rome</publisher>, <date>1952</date>. </bibl>
            </p></sourceDesc></fileDesc><encodingDesc>
<p>Marked-up according to the EpiDoc Guidelines version 5 <xref>http://www.stoa.org/epidoc/gl/5/</xref>
         </p></encodingDesc><profileDesc><langUsage><language id="ar">Arabic</language><language id="en">English</language><language id="fr">French</language><language id="de">German</language><language id="grc">Ancient Greek</language><language id="grc-Latn">Transliterated Greek</language><language id="el">Modern Greek</language><language id="he">Hebrew</language><language id="it">Italian</language><language id="la">Latin</language><language id="phn-LY">Punic</language><language id="ber-Latn">Native Libyan language in Latin script</language></langUsage><textClass/><textClass><keywords><term>
                  <geogName type="ancientRegion" key="Tripolitania">Tripolitania</geogName>
               </term><term>
                  <geogName type="modernCountry" key="LY">Libya</geogName>
               </term><term>
                  <placeName type="modernFindspot" key="http://www.geonames.org/2208578/marsa-zawaghah.html">Marsa Zawaghah</placeName>
               </term></keywords></textClass></profileDesc><revisionDesc>
<change><date>2008-09-09</date><respStmt><name>ZA</name></respStmt><item>converted using CHET-C</item></change>
<change><date>2009-05-19</date><respStmt><name>RV</name></respStmt><item>Added Figures</item></change>
<change><date>2009-08-24</date><respStmt><name>RV</name></respStmt><item>Added Figures</item></change></revisionDesc></teiHeader><text><body>
<div type="description" subtype="monument">
<head>Description of Monument</head>
<p> Fragment of a <rs type="material">marble</rs> <rs type="objectType">panel</rs> 
               (<rs type="dimensions"><measure unit="metre" type="length" dim="width">0.19</measure><measure unit="metre" type="length" dim="height">0.125</measure><measure unit="metre" type="length" dim="depth">0.03</measure></rs>, no edges surviving).</p></div>
<div type="description" subtype="text">
<head>Description of Text</head>
<p>Inscribed on one face</p></div>
<div type="description" subtype="letters">
<head>Description of Letters</head>
<p>Lapidary capitals (?): approx. <measure unit="metre" type="length" dim="height">0.08</measure>.  </p></div>
<div type="description" subtype="date">
<head>Date</head>
<p>
               <date type="textDate" notBefore="0222" notAfter="0235" exact="none" cert="low">A.D. 222-235</date> (style of erasure).
            </p></div>
<div type="history" subtype="locations">
<head>Locations</head>
<p>
               <rs type="found">
                  <placeName type="ancientFindspot" ref="http://atlantides.org/batlas/abrotonum-sabratha-35-e2" key="db659">Sabratha</placeName>: 
                  The <rs type="monuList" key="db842">East Forum Temple</rs>: found in the precinct of the temple.</rs>
            </p>
<p>
               <rs type="origLocation">Unknown</rs>
            </p>
<p>
               <rs type="lastLocation"> <rs type="monuList" key="db660">Sabratha Museum</rs>.</rs>
            </p></div>

<div type="bibliography">
<head>Bibliography</head>
<p>Not previously published.</p></div>
<div type="history" subtype="text-constituted-from">
<head>Text constituted from</head>
<p>Transcription (Reynolds, Ward-Perkins)</p></div>
<div type="edition" lang="la">
<head lang="en">Text</head>
<ab>
               <lb n="1"/>
               <gap reason="lost" extent="unknown" unit="character"/>
               <del rend="erasure">
                  <gap reason="illegible" extent="unknown" unit="character"/>
               </del>
               <gap reason="lost" extent="unknown" unit="character"/>
               <lb n="2"/>
               <gap reason="lost" extent="unknown" unit="character"/>  
               <del rend="erasure"><w part="I"><expan><abbr>p</abbr><ex>at</ex></expan></w> <w lemma="patria"><expan><abbr>p</abbr><ex>atriae</ex></expan></w></del>
               <gap reason="lost" extent="unknown" unit="character"/>
            </ab></div>

<div type="translation">
<head>Translation</head>
<p><note>The erased name or title of an emperor</note><gap reason="lost"/>father of the country<gap reason="lost"/><note>case unknown</note></p></div>
<div type="commentary">
<head>Commentary</head>
<p>The distinctive form of erasure by means of continuous horizontal strokes, as in  <xref type="inscription">41</xref>,  <xref type="inscription">43</xref>  and  <xref type="inscription">44</xref>, suggests Severus Alexander.</p></div>
<div type="figure">
<head>Photographs</head>
<p>
<figure href="0068"><figDesc>Ward-Perkins Archive, BSR (BSR 48.XXXVII.18)</figDesc></figure></p></div></body></text></TEI.2>