<?xml version="1.0" encoding="UTF-8"?>
<!DOCTYPE TEI.2 SYSTEM "http://www.stoa.org/epidoc/dtd/6/tei-epidoc.dtd">
<TEI.2 lang="en" id="IRT026"><teiHeader><fileDesc><titleStmt><title><rs type="textType">Dedication</rs>s to daughters of Marcus Aurelius </title><editor>J. M. Reynolds</editor><editor>J. B. Ward-Perkins</editor></titleStmt><publicationStmt>
<p>Creative Commons licence Attribution UK 2.0 (<xref>http://creativecommons.org/licenses/by/2.0/uk/</xref>). </p>
<p>All reuse or distribution of this work must contain somewhere a link back to the URL <xref>http://irt.kcl.ac.uk/</xref>
            </p></publicationStmt><sourceDesc>
<p>Republished from <bibl id="irt1952">
                  <author>J. M. Reynolds</author> and <author>J. B. Ward-Perkins</author>, <title level="m">The Inscriptions of Roman Tripolitania</title>, <pubPlace>Rome</pubPlace>: <publisher>British
                  School at Rome</publisher>, <date>1952</date>. </bibl>
            </p></sourceDesc></fileDesc><encodingDesc>
<p>Marked-up according to the EpiDoc Guidelines version 5 <xref>http://www.stoa.org/epidoc/gl/5/</xref>
         </p></encodingDesc><profileDesc><langUsage><language id="ar">Arabic</language><language id="en">English</language><language id="fr">French</language><language id="de">German</language><language id="grc">Ancient Greek</language><language id="grc-Latn">Transliterated Greek</language><language id="el">Modern Greek</language><language id="he">Hebrew</language><language id="it">Italian</language><language id="la">Latin</language><language id="phn-LY">Punic</language><language id="ber-Latn">Native Libyan language in Latin script</language></langUsage><textClass/><textClass><keywords><term>
                  <geogName type="ancientRegion" key="Tripolitania">Tripolitania</geogName>
               </term><term>
                  <geogName type="modernCountry" key="LY">Libya</geogName>
               </term><term>
                  <placeName type="modernFindspot" key="http://www.geonames.org/2208578/marsa-zawaghah.html">Marsa Zawaghah</placeName>
               </term></keywords></textClass></profileDesc><revisionDesc>
<change><date>2008-09-09</date><respStmt><name>ZA</name></respStmt><item>converted using CHET-C</item></change>
<change><date>2009-05-19</date><respStmt><name>RV</name></respStmt><item>Added Figures</item></change>
<change><date>2009-08-24</date><respStmt><name>RV</name></respStmt><item>Added Figures</item></change></revisionDesc></teiHeader><text><body>

<div type="description" subtype="monument">
<head>Description of Monument</head>
<p> Three similar <rs type="material">marble</rs> <rs type="objectType">panel</rs>s 
               (<rs type="dimensions"><measure unit="metre" type="length" dim="width" from="0.59" to="0.60">0.59-0.60</measure><measure unit="metre" type="length" dim="height">0.44</measure></rs>),
               probably related to, and roughly contemporary with, <xref type="inscription">25</xref>.</p></div>

<div type="description" subtype="text">
<head>Description of Text</head>
<p>Inscribed on the face.</p></div>

<div type="description" subtype="letters">
<head>Description of Letters</head>
<p>Lapidary capitals: line 1, <measure unit="metre" type="length" dim="height">0.115</measure>;
               line 2, <measure unit="metre" type="length" dim="height">0.095</measure>. </p></div>

<div type="description" subtype="date">
<head>Date</head>
<p>
               <date type="textDate" notBefore="0164" notAfter="0166" exact="both">A.D. 164-166</date>
               (<rs type="criteria">titulature</rs>, comparison with <xref type="inscription">25</xref>)
            </p></div>

<div type="history" subtype="locations">
<head>Locations</head>
<p>
               <rs type="found">
                  <placeName type="ancientFindspot" ref="http://atlantides.org/batlas/abrotonum-sabratha-35-e2" key="db659">Sabratha</placeName>:
                  <rs type="monuList" key="db832">Capitolium</rs>, found in the vaults; see note on <xref type="inscription">1</xref>.</rs>
            </p>
<p>
               <rs type="origLocation">Unknown</rs>
            </p>
<p>
               <rs type="lastLocation">Findspot</rs>
            </p></div>



<div type="bibliography">
<head>Bibliography</head>
<p>Not previously published.</p></div>

<div type="history" subtype="text-constituted-from">
<head>Text constituted from</head>
<p>Transcription (Reynolds, Ward-Perkins)</p></div>

<div type="edition" lang="la">
<head lang="en">Text</head>

<div type="textpart" subtype="fragment" n="a">
<ab>
                  <lb n="1"/><persName type="emperor"><name reg="Fadilla" type="cognomen">Fadillae</name>
                     <lb n="2"/><persName type="emperor"><name reg="Augustus" type="cognomen"><expan><abbr>Aug</abbr><ex>usti</ex></expan></name></persName> 
                  <w lemma="filia"><expan><abbr>f</abbr><ex>iliae</ex></expan></w></persName>
               </ab></div>

<div type="textpart" subtype="fragment" n="b">
<ab>
                  <lb n="1"/><persName type="emperor"><name reg="Cornificia" type="cognomen">Cornificiae</name>
                     <lb n="2"/><persName type="emperor"><name reg="Augustus" type="cognomen"><expan><abbr>Aug</abbr><ex>usti</ex></expan></name></persName> 
                  <w lemma="filia"><expan><abbr>f</abbr><ex>iliae</ex></expan></w></persName>
               </ab></div>

<div type="textpart" subtype="fragment" n="c">
<ab>
                  <lb n="1"/><persName type="emperor"><name reg="Faustina" type="cognomen">Faustinae</name>
                     <lb n="2"/><persName type="emperor"><name reg="Augustus" type="cognomen"><expan><abbr>Aug</abbr><ex>usti</ex></expan></name></persName> 
                  <w lemma="filia"><expan><abbr>f</abbr><ex>iliae</ex></expan></w></persName>
               </ab></div></div>



<div type="translation">
<head>Translation</head>
<p>a) To Fadilla, daughter of Augustus</p>
<p>b) To Cornificia, daughter of Augustus </p>
<p>c) To Faustina, daughter of Augustus </p></div>

<div type="commentary">
<head>Commentary</head>
<p>These are all daughters of Marcus Aurelius.</p></div>

<div type="figure">
<head>Photographs</head>
<p>
<figure href="0038"><figDesc>Ward-Perkins Archive, BSR (Sopr. CS 219)</figDesc></figure>
<figure href="0039"><figDesc>Ward-Perkins Archive, BSR (Sopr. CS 219)</figDesc></figure>
<figure href="0095"><figDesc>Ward-Perkins Archive, BSR (Sopr. CS 219)</figDesc></figure></p></div></body></text></TEI.2>
