<?xml version="1.0" encoding="UTF-8"?>
<!DOCTYPE TEI.2 SYSTEM "http://www.stoa.org/epidoc/dtd/6/tei-epidoc.dtd">
<TEI.2 lang="en" id="IRT073"><teiHeader><fileDesc><titleStmt><title><rs type="textType" cert="low">Dedication</rs> to the wife of a second/third century emperor </title><editor>J. M. Reynolds</editor><editor>J. B. Ward-Perkins</editor></titleStmt><publicationStmt>
<p>Creative Commons licence Attribution UK 2.0 (<xref>http://creativecommons.org/licenses/by/2.0/uk/</xref>). </p>
<p>All reuse or distribution of this work must contain somewhere a link back to the URL <xref>http://irt.kcl.ac.uk/</xref>
            </p></publicationStmt><sourceDesc>
<p>Republished from <bibl id="irt1952">
                  <author>J. M. Reynolds</author> and <author>J. B. Ward-Perkins</author>, <title level="m">The Inscriptions of Roman Tripolitania</title>, <pubPlace>Rome</pubPlace>: <publisher>British
                  School at Rome</publisher>, <date>1952</date>. </bibl>
            </p></sourceDesc></fileDesc><encodingDesc>
<p>Marked-up according to the EpiDoc Guidelines version 5 <xref>http://www.stoa.org/epidoc/gl/5/</xref>
         </p></encodingDesc><profileDesc><langUsage><language id="ar">Arabic</language><language id="en">English</language><language id="fr">French</language><language id="de">German</language><language id="grc">Ancient Greek</language><language id="grc-Latn">Transliterated Greek</language><language id="el">Modern Greek</language><language id="he">Hebrew</language><language id="it">Italian</language><language id="la">Latin</language><language id="phn-LY">Punic</language><language id="ber-Latn">Native Libyan language in Latin script</language></langUsage><textClass/><textClass><keywords><term>
                  <geogName type="ancientRegion" key="Tripolitania">Tripolitania</geogName>
               </term><term>
                  <geogName type="modernCountry" key="LY">Libya</geogName>
               </term><term>
                  <placeName type="modernFindspot" key="http://www.geonames.org/2208578/marsa-zawaghah.html">Marsa Zawaghah</placeName>
               </term></keywords></textClass></profileDesc><revisionDesc>
<change><date>2009-01-14</date><respStmt><name>NU</name></respStmt><item>converted using CHET-C</item></change>
<change><date>2009-05-19</date><respStmt><name>RV</name></respStmt><item>Added Figures</item></change>
<change><date>2009-08-24</date><respStmt><name>RV</name></respStmt><item>Added Figures</item></change></revisionDesc></teiHeader><text><body>

<div type="description" subtype="monument">
<head>Description of Monument</head>
<p> Fragment from the left-hand edge of a <rs type="material">marble</rs> 
               <rs type="objectType">panel</rs> (
               <rs type="dimensions"><measure dim="width">0.24</measure>
               <measure unit="metre" type="length" dim="height">0.29</measure></rs>).</p></div>

<div type="description" subtype="text">
<head>Description of Text</head>
<p>Inscribed on one face.</p></div>

<div type="description" subtype="letters">
<head>Description of Letters</head>
<p> Mannered late second to early third century lapidary capitals: lines 1-2, <measure unit="metre" type="length" dim="height">0.06</measure>;  lines  3-4, <measure unit="metre" type="length" dim="height">0.045</measure>.</p></div>

<div type="description" subtype="date">
<head>Date</head>
<p>
               <date type="textDate" exact="none" notBefore="0101" notAfter="0233">Second to early third centuries A.D.</date>
            (<rs type="criteria">lettering</rs>).</p></div>

<div type="history" subtype="locations">
<head>Locations</head>
<p>
               <rs type="found">
                  <placeName type="ancientFindspot" ref="http://atlantides.org/batlas/abrotonum-sabratha-35-e2" key="db659">Sabratha</placeName>:  
                  <rs type="monuList" key="db832">Capitolium</rs>, found in the vaults; see note on <xref type="inscription">1</xref>.</rs>
            </p>
<p>
               <rs type="origLocation">Unknown</rs>
            </p>
<p>
               <rs type="lastLocation">Findspot</rs>
            </p></div>



<div type="bibliography">
<head>Bibliography</head>
<p>Not previously published.</p></div>

<div type="history" subtype="text-constituted-from">
<head>Text constituted from</head>
<p>Transcription (Reynolds, Ward-Perkins)</p></div>

<div type="edition" lang="la">
<head lang="en">Text</head>
<ab>
               <lb n="1"/><gap reason="lost" extent="1" unit="line"/>
               <lb n="2"/><w lemma="coniunx"><unclear>c</unclear>o<unclear>n</unclear>i<supplied reason="lost">ugi</supplied></w>
               <persName type="emperor"><w lemma="imperator"><supplied reason="lost"><expan><abbr>lmp</abbr><ex>eratoris</ex></expan></supplied></w> 
                  <name reg="Caesar" type="cognomen"><supplied reason="lost"><expan><abbr>Caes</abbr><ex>aris</ex></expan></supplied></name>
               <gap reason="lost" extent="unknown" unit="character"/>
               <lb n="3"/><name reg="Germanicus" type="cognomen">Germ<supplied reason="lost">anici</supplied></name></persName>
               <gap reason="lost" extent="unknown" unit="character"/>
               <lb n="4"/><w lemma="tribunicius"><expan><abbr>trib</abbr><ex>unicia</ex></expan></w> 
               <w lemma="potestas"><expan><abbr>p</abbr><supplied reason="lost"><abbr>ot</abbr><ex>estate</ex></supplied></expan></w>
               <gap reason="lost" extent="unknown" unit="character"/>
               <lb n="5"/><w lemma="ob">ob</w> <w part="I">pr<gap reason="lost" extent="unknown" unit="character"/></w>
            </ab></div>

<div type="apparatus">
<head>Apparatus</head>
<p>
               <app loc="5"><note> The next letter begins with a vertical stroke; perhaps <foreign lang="la">ob priuilegia</foreign> ...</note></app>
            </p></div>

<div type="translation">
<head>Translation</head>
<p><supplied reason="lost">To</supplied><gap reason="lost"/> wife <supplied reason="lost">of  Emperor Caesar</supplied><gap reason="lost"/> victor in Germany, <gap reason="lost"/> holding tribunician power <supplied reason="lost">for the ? time</supplied><gap reason="lost"/> ? <supplied reason="subaudible">on account</supplied> of privileges <supplied reason="subaudible">given</supplied> <gap reason="lost"/></p></div>

<div type="commentary">
<head>Commentary</head>
<p>No comment.</p></div>

<div type="figure">
<head>Photographs</head>
<p>
<figure href="0104 "><figDesc>Ward-Perkins Archive, BSR (Sopr. DS 762 Leica)</figDesc></figure></p></div></body></text></TEI.2>
