<?xml version="1.0" encoding="UTF-8"?>
<!DOCTYPE TEI.2 SYSTEM "http://www.stoa.org/epidoc/dtd/6/tei-epidoc.dtd">
<TEI.2 lang="en" id="IRT109"><teiHeader><fileDesc><titleStmt><title><rs type="textType">Funerary</rs> inscription for Ulpianus</title><editor>J. M. Reynolds</editor><editor>J. B. Ward-Perkins</editor></titleStmt><publicationStmt>
<p>Creative Commons licence Attribution UK 2.0 (<xref>http://creativecommons.org/licenses/by/2.0/uk/</xref>). </p>
<p>All reuse or distribution of this work must contain somewhere a link back to the URL <xref>http://irt.kcl.ac.uk/</xref>
            </p></publicationStmt><sourceDesc>
<p>Republished from <bibl id="irt1952">
                  <author>J. M. Reynolds</author> and <author>J. B. Ward-Perkins</author>, <title level="m">The Inscriptions of Roman Tripolitania</title>, <pubPlace>Rome</pubPlace>: <publisher>British
                  School at Rome</publisher>, <date>1952</date>. </bibl>
            </p></sourceDesc></fileDesc><encodingDesc>
<p>Marked-up according to the EpiDoc Guidelines version 5 <xref>http://www.stoa.org/epidoc/gl/5/</xref>
         </p></encodingDesc><profileDesc><langUsage><language id="ar">Arabic</language><language id="en">English</language><language id="fr">French</language><language id="de">German</language><language id="grc">Ancient Greek</language><language id="grc-Latn">Transliterated Greek</language><language id="el">Modern Greek</language><language id="he">Hebrew</language><language id="it">Italian</language><language id="la">Latin</language><language id="phn-LY">Punic</language><language id="ber-Latn">Native Libyan language in Latin script</language></langUsage><textClass/><textClass><keywords><term>
                  <geogName type="ancientRegion" key="Tripolitania">Tripolitania</geogName>
               </term><term>
                  <geogName type="modernCountry" key="LY">Libya</geogName>
               </term><term>
                  <placeName type="modernFindspot" key="http://www.geonames.org/2208578/marsa-zawaghah.html">Marsa Zawaghah</placeName>
               </term></keywords></textClass></profileDesc><revisionDesc>
<change><date>2008-09-09</date><respStmt><name>ZA</name></respStmt><item>converted using CHET-C</item></change>
<change><date>2009-05-19</date><respStmt><name>RV</name></respStmt><item>Added Figures</item></change>
<change><date>2009-08-24</date><respStmt><name>RV</name></respStmt><item>Added Figures</item></change></revisionDesc></teiHeader><text><body>

<div type="description" subtype="monument">
<head>Description of Monument</head>
<p> The upper left-hand part of a <rs type="objectType">panel</rs> (<rs type="dimensions"><measure unit="metre" type="length" dim="width">0.45</measure><measure unit="metre" type="length" dim="height">0.42</measure><measure unit="metre" type="length" dim="depth">0.012</measure></rs>) of <rs type="material">white marble</rs>, heavily mottled with grey.</p></div>

<div type="description" subtype="text">
<head>Description of Text</head>
<p>Inscribed on one face.</p></div>

<div type="description" subtype="letters">
<head>Description of Letters</head>
<p><date type="textDate" notBefore="0201" notAfter="0300" exact="none">Third century A.D.</date> capitals: <measure from="0.04" to="0.05" unit="metre" type="length" dim="height">0.04-0.05</measure>.</p></div>

<div type="description" subtype="date">
<head>Date</head>
<p>
               <date type="textDate" notBefore="0201" notAfter="0300" exact="none">Third century A.D.</date>
            (<rs type="criteria">lettering</rs>)</p></div>

<div type="history" subtype="locations">
<head>Locations</head>
<p>
               <rs type="found">
                  <placeName type="ancientFindspot" ref="http://atlantides.org/batlas/abrotonum-sabratha-35-e2" key="db659">Sabratha</placeName>:
                  <rs type="monuList" key="db844">Forum area</rs>. From the S Forum Temple</rs>
            </p>
<p>
               <rs type="origLocation">Unknown</rs>
            </p>
<p>
               <rs type="lastLocation"><rs type="monuList" key="db660">Sabratha Museum</rs>.</rs>
            </p></div>


<div type="bibliography">
<head>Bibliography</head>
<p>Not previously published.</p></div>

<div type="history" subtype="text-constituted-from">
<head>Text constituted from</head>
<p>Transcription (Reynolds, Ward-Perkins)</p></div>

<div type="edition" lang="la">
<head lang="en">Text</head>
<ab>
               <lb n="1"/><persName type="attested"><name reg="Vlpianus" type="cognomen">Vlpiano</name> <name reg="V-" type="cognomen"><seg part="I">V</seg><gap reason="lost" extent="unknown" unit="character"/></name></persName>
               <lb n="2"/>
               <rs type="military"><w lemma="sagittarius"><expan><abbr>sagitt</abbr><ex>ario</ex></expan></w></rs> 
               <w lemma="natio"><expan><abbr>na<unclear>ti</unclear></abbr><supplied reason="lost"><ex>one</ex></supplied></expan></w>
               <gap reason="lost" extent="unknown" unit="character"/>
               <lb n="3"/><w part="F">nus</w> <w lemma="annus"><expan><abbr>ann</abbr><ex>os</ex></expan></w> 
               <w lemma="multus"><expan><abbr>p</abbr><ex>lus</ex></expan></w> <w lemma="paruus"><expan><abbr>m</abbr><ex>inus</ex></expan></w> 
               <gap reason="lost" extent="unknown" unit="character"/>
               <lb n="4"/><w lemma="dirigo">directo</w> <w part="I" lemma="annus">anni</w><gap reason="lost" extent="unknown" unit="character"/>
               <lb n="5"/>
               <gap reason="lost" extent="6" unit="character" precision="circa"/> 
               <w lemma="curo"><expan><abbr><supplied reason="lost">cu</supplied>r</abbr><ex>ante</ex></expan></w>
               <persName type="attested"><name reg="Flauius" type="gentilicium"><expan><abbr><unclear>F</unclear>l</abbr><ex>auio</ex></expan></name>
                  <name type="cognomen" reg="P-"><seg part="I">P</seg><gap reason="lost" extent="unknown" unit="character"/></name></persName>
            </ab></div>

<div type="translation">
<head>Translation</head>
<p>To Ulpianus V<gap reason="lost"/>, archer of the <supplied reason="subaudible">native</supplied> tribe <gap reason="lost"/><supplied reason="lost">; he lived</supplied> approximately <gap reason="lost"/> years <gap reason="lost"/>  straight ? of a year <gap reason="lost"/>; Flavius P<gap reason="lost"/> arranged <supplied reason="subaudible">the burial</supplied>.</p></div>

<div type="commentary">
<head>Commentary</head>
<p>No comment.</p></div>

<div type="figure">
<head>Photographs</head>
<p>
<figure href="0145"><figDesc>Ward-Perkins Archive, BSR (Sopr. DS 221)</figDesc></figure>
<figure href="0146"><figDesc>Ward-Perkins Archive, BSR (BSR 48.XXXVIII.35)</figDesc></figure></p></div></body></text></TEI.2>
