<?xml version="1.0" encoding="UTF-8"?>
<!DOCTYPE TEI.2 SYSTEM "http://www.stoa.org/epidoc/dtd/6/tei-epidoc.dtd">
<TEI.2 lang="en" id="IRT108"><teiHeader><fileDesc><titleStmt><title><rs type="textType">Funerary</rs> inscription for L. Munatius Dexter</title><editor>J. M. Reynolds</editor><editor>J. B. Ward-Perkins</editor></titleStmt><publicationStmt>
<p>Creative Commons licence Attribution UK 2.0 (<xref>http://creativecommons.org/licenses/by/2.0/uk/</xref>). </p>
<p>All reuse or distribution of this work must contain somewhere a link back to the URL <xref>http://irt.kcl.ac.uk/</xref>
            </p></publicationStmt><sourceDesc>
<p>Republished from <bibl id="irt1952">
                  <author>J. M. Reynolds</author> and <author>J. B. Ward-Perkins</author>, <title level="m">The Inscriptions of Roman Tripolitania</title>, <pubPlace>Rome</pubPlace>: <publisher>British
                  School at Rome</publisher>, <date>1952</date>. </bibl>
            </p></sourceDesc></fileDesc><encodingDesc>
<p>Marked-up according to the EpiDoc Guidelines version 5 <xref>http://www.stoa.org/epidoc/gl/5/</xref>
         </p></encodingDesc><profileDesc><langUsage><language id="ar">Arabic</language><language id="en">English</language><language id="fr">French</language><language id="de">German</language><language id="grc">Ancient Greek</language><language id="grc-Latn">Transliterated Greek</language><language id="el">Modern Greek</language><language id="he">Hebrew</language><language id="it">Italian</language><language id="la">Latin</language><language id="phn-LY">Punic</language><language id="ber-Latn">Native Libyan language in Latin script</language></langUsage><textClass/><textClass><keywords><term>
                  <geogName type="ancientRegion" key="Tripolitania">Tripolitania</geogName>
               </term><term>
                  <geogName type="modernCountry" key="LY">Libya</geogName>
               </term><term>
                  <placeName type="modernFindspot" key="http://www.geonames.org/2208578/marsa-zawaghah.html">Marsa Zawaghah</placeName>
               </term></keywords></textClass></profileDesc><revisionDesc>
<change><date>2008-09-09</date><respStmt><name>ZA</name></respStmt><item>converted using CHET-C</item></change>
<change><date>2009-05-19</date><respStmt><name>RV</name></respStmt><item>Added Figures</item></change>
<change><date>2009-08-24</date><respStmt><name>RV</name></respStmt><item>Added Figures</item></change></revisionDesc></teiHeader><text><body>

<div type="description" subtype="monument">
<head>Description of Monument</head>
<p><rs type="material">Marble</rs> <rs type="objectType">panel</rs> (<rs type="dimensions"><measure unit="metre" type="length" dim="width">0.12</measure><measure unit="metre" type="length" dim="height">0.15</measure><measure unit="metre" type="length" dim="depth">0.04</measure></rs>), bevelled on the inner face and pierced with vertical holes at top and bottom of the bevel. There is a square recess 5 mm. deep in the centre of the inscribed face.</p></div>

<div type="description" subtype="text">
<head>Description of Text</head>
<p>Inscribed on one face.</p></div>

<div type="description" subtype="letters">
<head>Description of Letters</head>
<p>Third century A.D. capitals with some Rustic forms: <measure from="0.01" to="0.015" unit="metre" type="length" dim="height">0.01-0.015</measure>.</p></div>

<div type="description" subtype="date">
<head>Date</head>
<p>
               <date type="textDate" notBefore="0201" notAfter="0300" exact="none">Third century A.D.</date>
            (<rs type="criteria">lettering</rs>)</p></div>

<div type="history" subtype="locations">
<head>Locations</head>
<p>
               <rs type="found">
                  <placeName type="ancientFindspot" ref="http://atlantides.org/batlas/abrotonum-sabratha-35-e2" key="db659">Sabratha</placeName>:  
                  Found in the cemetery area near the Christian <rs type="monuList" key="db833">Catacomb to the E of the Theatre</rs></rs>
            </p>
<p>
               <rs type="origLocation">Unknown</rs>
            </p>
<p>
               <rs type="lastLocation"><rs type="monuList" key="db660">Sabratha Museum</rs>. </rs>
            </p></div>


<div type="bibliography">
<head>Bibliography</head>
<p>Not previously published.</p></div>

<div type="history" subtype="text-constituted-from">
<head>Text constituted from</head>
<p>Transcription (Reynolds, Ward-Perkins)</p></div>

<div type="edition" lang="la">
<head lang="en">Text</head>
<ab>
               <lb n="1"/><w lemma="deus">Dis</w> <w lemma="manes"><expan><abbr>manib</abbr><ex>us</ex></expan></w>
               <lb n="2"/><w lemma="sacer"><expan><abbr>sac</abbr><ex>rum</ex></expan></w> 
               <persName type="attested"><name reg="Varigata" type="cognomen">Varigata</name></persName>
                <lb n="3"/><persName type="attested"><name reg="Lucius" type="praenomen"><expan><abbr>L</abbr><ex>ucius</ex></expan></name> <name reg="Munatius" type="gentilicium">Munatius</name>
               <lb n="4"/><name reg="Dexter" type="cognomen">Dexter</name></persName> <rs type="military"><w lemma="ueteranus"><expan><abbr>uet</abbr><ex>eranus</ex></expan></w></rs> 
               <lb n="5"/><w lemma="pius">pius</w> <w lemma="uiuo">uixit</w>
               <lb n="6"/><date dur="PY55">annis <num value="55">LV</num></date>
               <lb n="7"/>
               <w lemma="os"><expan><abbr>o</abbr><ex>ssa</ex></expan></w> 
               <w lemma="tu"><expan><abbr>t</abbr><ex>ibi</ex></expan></w> 
               <w lemma="bene"><expan><abbr>b</abbr><ex>ene</ex></expan></w> 
               <w lemma="quiesco"><expan><abbr>q</abbr><ex>uiescant</ex></expan></w> 
               <w lemma="terra"><expan><abbr>t</abbr><ex>erra</ex></expan></w> 
               <w lemma="tu"><expan><abbr>t</abbr><ex>ibi</ex></expan></w> 
               <w lemma="leuis"><expan><abbr>l</abbr><ex>euis</ex></expan></w> 
               <w lemma="sum"><expan><abbr>s</abbr><ex>it</ex></expan></w>
               <lb n="8"/>
               <w lemma="hic"><expan><abbr>h</abbr><ex>ic</ex></expan></w> 
               <w lemma="sino"><expan><abbr>s</abbr><ex>itus</ex></expan></w> 
               <w lemma="sum"><expan><abbr>e</abbr><ex>st</ex></expan></w>
            </ab></div>

<div type="translation">
<head>Translation</head>
<p>Sacred to the gods below; Varigata; Lucius Munatius Dexter, veteran soldier; he lived conscientiously for 55 years; may your bones rest quietly; may the earth lie lightly on you. He is laid here. </p></div>

<div type="commentary">
<head>Commentary</head>
<p>No comment.</p></div>

<div type="figure">
<head>Photographs</head>
<p>
<figure href="0143"><figDesc>Ward-Perkins Archive, BSR (Sopr. DTV 389)</figDesc></figure>
<figure href="0144"><figDesc>Ward-Perkins Archive, BSR (Sopr. DTV 390)</figDesc></figure></p></div></body></text></TEI.2>
