<?xml version="1.0" encoding="UTF-8"?>
<!DOCTYPE TEI.2 SYSTEM "http://www.stoa.org/epidoc/dtd/6/tei-epidoc.dtd">
<TEI.2 lang="en" id="IRT117"><teiHeader><fileDesc><titleStmt><title><rs type="textType">Honours</rs> for C. Flavius Pudens</title><editor>J. M. Reynolds</editor><editor>J. B. Ward-Perkins</editor></titleStmt><publicationStmt>
<p>Creative Commons licence Attribution UK 2.0
                  (<xref>http://creativecommons.org/licenses/by/2.0/uk/</xref>). </p>
<p>All reuse or distribution of this work must contain somewhere a link back to the URL
                  <xref>http://irt.kcl.ac.uk/</xref>
            </p></publicationStmt><sourceDesc>
<p>Republished from <bibl id="irt1952">
                  <author>J. M. Reynolds</author> and <author>J. B. Ward-Perkins</author>, <title level="m">The Inscriptions of Roman Tripolitania</title>,
                  <pubPlace>Rome</pubPlace>: <publisher>British School at Rome</publisher>,
                     <date>1952</date>. </bibl>
            </p></sourceDesc></fileDesc><encodingDesc>
<p>Marked-up according to the EpiDoc Guidelines version 5
               <xref>http://www.stoa.org/epidoc/gl/5/</xref>
         </p></encodingDesc><profileDesc><langUsage><language id="ar">Arabic</language><language id="en">English</language><language id="fr">French</language><language id="de">German</language><language id="grc">Ancient Greek</language><language id="grc-Latn">Transliterated Greek</language><language id="el">Modern Greek</language><language id="he">Hebrew</language><language id="it">Italian</language><language id="la">Latin</language><language id="phn-LY">Punic</language><language id="ber-Latn">Native Libyan language in Latin script</language></langUsage><textClass/><textClass><keywords><term>
                  <geogName type="ancientRegion" key="Tripolitania">Tripolitania</geogName>
               </term><term>
                  <geogName type="modernCountry" key="LY">Libya</geogName>
               </term><term>
                  <placeName type="modernFindspot" key="http://www.geonames.org/2208578/marsa-zawaghah.html">Marsa Zawaghah</placeName>
               </term><term><rs type="textType">munera</rs></term></keywords></textClass></profileDesc><revisionDesc>
<change><date>2008-09-09</date><respStmt><name>ZA</name></respStmt><item>converted using CHET-C</item></change>
<change><date>2009-05-19</date><respStmt><name>RV</name></respStmt><item>Added Figures</item></change>
<change><date>2009-08-24</date><respStmt><name>RV</name></respStmt><item>Added Figures</item></change></revisionDesc></teiHeader><text><body>

<div type="description" subtype="monument">
<head>Description of Monument</head>
<p><rs type="material">Marble</rs> <rs type="objectType">panel</rs> (<rs type="dimensions"><measure unit="metre" type="length" dim="width">3.16</measure><measure unit="metre" type="length" dim="height">0.70</measure></rs>). There are
               indications of a similar panel adjoining at the extreme left margin.</p></div>

<div type="description" subtype="text">
<head>Description of Text</head>
<p>Inscribed within a narrow moulded border.</p></div>

<div type="description" subtype="letters">
<head>Description of Letters</head>
<p>Second to third centuries A.D. capitals: l. 1 (lapidary), <measure unit="metre" type="length" dim="height">0.065</measure>; remainder (lapidary with some
               mannered forms), <measure from="0.045" to="0.05" unit="metre" type="length" dim="height">0.045-0.05</measure>. Traces of red paint.</p></div>

<div type="description" subtype="date">
<head>Date</head>
<p>
               <date type="textDate" notBefore="0101" notAfter="0300" exact="none">Second to third centuries A.D.</date>
            (<rs type="criteria">lettering</rs>)</p></div>

<div type="history" subtype="locations">
<head>Locations</head>
<p>
               <rs type="found">
                  <placeName type="ancientFindspot" ref="http://atlantides.org/batlas/abrotonum-sabratha-35-e2" key="db659">Sabratha</placeName>:
                  <rs type="monuList" key="db832">Capitolium</rs>, found in the vaults, see <xref type="inscription">1</xref>, note 1.</rs>
            </p>
<p>
               <rs type="origLocation">Unknown</rs>
            </p>
<p>
               <rs type="lastLocation">Findspot</rs>
            </p></div>



<div type="bibliography">
<head>Bibliography</head>
<p><bibl><author>Bartoccini</author>, <xptr from="rivtrip"/> <biblScope>I:292</biblScope> ff.</bibl>;
               <bibl><xptr from="ae"/> <biblScope>1925:103</biblScope>.</bibl></p></div>

<div type="history" subtype="text-constituted-from">
<head>Text constituted from</head>
<p>Transcription (Reynolds, Ward-Perkins)</p></div>

<div type="edition" lang="la">
<head lang="en">Text</head>
<ab>
               <lb n="1"/><persName type="attested"><name reg="Caius" type="praenomen"><expan><abbr>C</abbr><ex>aio</ex></expan></name> <name reg="Flauius" type="gentilicium">Flauio</name> 
               <persName type="attested"><name reg="Quintus" type="praenomen"><expan><abbr>Q</abbr><ex>uinti</ex></expan></name></persName>
               <w lemma="filius"><expan><abbr>fil</abbr><ex>io</ex></expan></w> 
               <name type="tribe" reg="Papiria"><w lemma="tribus"><expan><abbr>Pap</abbr><ex>iria tribu</ex></expan></w></name> <name reg="Pudens" type="cognomen">Pudenti</name></persName> 
               <w lemma="flamen"><expan><abbr>flam</abbr><ex>ini</ex></expan></w> 
               <persName type="divine"><name reg="Liber">Liberi</name> <w lemma="pater">Patris</w></persName> <num>II</num>uiro 
               <w lemma="flamen"><expan><abbr>flam</abbr><ex>ini</ex></expan></w> <w lemma="perpetuus">perpetuo</w> <w lemma="qui">cuius</w> <w lemma="pater">pater</w> 
               <persName type="attested"><name reg="Flauius" type="gentilicium"><expan><abbr>Fl</abbr><ex>auius</ex></expan></name> <name reg="Tullus" type="cognomen">Tullus</name></persName> <w lemma="post">post</w> 
               <lb n="2"/><w lemma="multa">multas</w> <w lemma="liberalitas">liberalitates</w> <w lemma="per">per</w> <w lemma="qui">quas</w> <w lemma="patria">patriam</w> <w lemma="suus">suam</w> 
               <w lemma="exorno">exornauit</w> <w lemma="aqua">aquam</w> <w lemma="priuo">priuata</w> <w lemma="pecunia">pecunia</w> <w lemma="induco">induxit</w> <w lemma="item">item</w> <w lemma="lacus">lacus</w> 
               <w lemma="numero"><expan><abbr>n</abbr><ex>umero</ex></expan></w>
               <num value="12">XII</num> 
               <w lemma="exstruo">exstru<lb n="3" type="worddiv"/>xit</w> <w lemma="idem">eosdemque</w> <w lemma="crusta">crustis</w> <w lemma="et">et</w> 
               <w lemma="statua">statuis</w> <w lemma="marmoreus">marmoreis</w> <w lemma="excolo">excoluit</w> <w lemma="praeterea">praeterea</w> 
               <w lemma="sestertius"><expan><abbr><am><g type="sestertius"/></am></abbr><ex>sestertios</ex></expan></w> <num value="200">CC</num>
               <w lemma="mille"><expan><abbr>mil</abbr><ex>ia</ex></expan></w>
               <w lemma="nummus"><expan><abbr>num</abbr><ex>mum</ex></expan></w> <w lemma="ad">ad</w> <w lemma="tutela">tutelam</w> <w lemma="idem">eiusdem</w>
               <lb n="4"/><w lemma="aqua">aquae</w> <w lemma="res">rei</w> <w lemma="publicus"><expan><abbr>publ</abbr><ex>icae</ex></expan></w> 
               <w lemma="promitto">promisit</w> <w lemma="et">et</w> <w lemma="infero">intulit</w> <w lemma="qui">quod</w> <w lemma="ipse">ipse</w> <w lemma="quoque">quoque</w> 
               <persName type="attested"><name reg="Pudens" type="cognomen">Pudens</name></persName> <w lemma="super">super</w> <w lemma="numerosus">numerosam</w> <w lemma="munificentia">munificentiam</w> <w lemma="qui">quam</w> <w lemma="in">in</w>
               <lb n="5"/><w lemma="ciuis">ciues</w> <w lemma="suus">suos</w> <w lemma="confero">contulit</w> <w lemma="etiam">etiam</w> <w lemma="munus">muneris</w> 
               <w lemma="gladiator">gladiatori</w> <w lemma="spectaculum">spectaculum</w> <w lemma="primus">primus</w> <w lemma="in">in</w> <w lemma="patria">patria</w> <w lemma="suus">sua</w> <w lemma="per">per</w> <w lemma="dies">dies</w> 
               <w lemma="quinque"><expan><abbr>quinq</abbr><ex>ue</ex></expan></w>
               <lb n="6"/><w lemma="splendidus">splendidissimum</w> <w lemma="edo">ediderit</w> <w lemma="ordo">ordo</w> <placeName type="ethnic" reg="Sabrathensis">Sabrathensium</placeName> 
               <w lemma="populus">populo</w> <w lemma="postulo">postulante</w> <w lemma="quadriga">quadrigam</w> <w lemma="is">ei</w> <w lemma="de">de</w> <w lemma="publicus">publico</w> 
               <w lemma="pono"><expan><abbr>ponend</abbr><ex>am</ex></expan></w> <w lemma="censeo">censuit</w>
               <lb n="7"/><persName type="attested"><name reg="Flauius" type="gentilicium"><expan><abbr>Fl</abbr><ex>auius</ex></expan></name> <name reg="Pudens" type="cognomen">Pudens</name></persName> 
               <w lemma="honor">honore</w> <w lemma="contentus">contentus</w> <w lemma="suus">sua</w> <w lemma="pecunia">pecunia</w> <w lemma="pono">posuit</w>
            </ab></div>



<div type="translation">
<head>Translation</head>
<p>To Caius Flavius Pudens, son of Quintus, of the Roman voting tribe Papiria, flamen <supplied reason="subaudible">priest</supplied> of Liber Pater, duovir, perpetual flamen <supplied reason="subaudible">priest</supplied>, 
whose father, Flavius Tullus, in addition to the many liberal gifts by which he adorned his country, brought in a water supply at his own expense, 
also constructed twelve pools and ornamented them with stucco <note>or mosaic</note> and marble statues, moreover promised the republic 200,000 sesterces for the upkeep
of this same aqueduct and paid them; moreover, because Pudens himself, in addition to the numerous munificent gifts which he made to his fellow-citizens, 
was also the first in his country to give an outstanding gladiatorial show lasting for five days. The city council of the Sabrathans, on popular demand, decided that a quadriga should be erected <supplied reason="subaudible">to him</supplied>
at public expense. Flavius Pudens, satisfied with the honour, set it up at his own expense.</p></div>

<div type="commentary">
<head>Commentary</head>
<p>l. 1. C. Flavius Pudens. Also in  <xref type="inscription">118</xref>, <xref type="inscription">119</xref>, <xref type="inscription">120</xref>, <xref type="inscription">121</xref>, <xref type="inscription">122</xref>, <xref type="inscription">123</xref>, <xref type="inscription">124</xref>, <xref type="inscription">125</xref>.</p></div>

<div type="figure">
<head>Photographs</head>
<p>
<figure href="0096"><figDesc>Ward-Perkins Archive, BSR (Sopr. CS 220)</figDesc></figure>
<figure href="0157"><figDesc>Ward-Perkins Archive, BSR (Sopr CS 274 bis)</figDesc></figure></p></div></body></text></TEI.2>
