<?xml version="1.0" encoding="UTF-8"?>
<!DOCTYPE TEI.2 SYSTEM "http://www.stoa.org/epidoc/dtd/6/tei-epidoc.dtd">
<TEI.2 lang="en" id="IRT126"><teiHeader><fileDesc><titleStmt><title>Fragmentary <rs type="textType">honours</rs></title><editor>J. M. Reynolds</editor><editor>J. B. Ward-Perkins</editor></titleStmt><publicationStmt>
<p>Creative Commons licence Attribution UK 2.0 (<xref>http://creativecommons.org/licenses/by/2.0/uk/</xref>). </p>
<p>All reuse or distribution of this work must contain somewhere a link back to the URL <xref>http://irt.kcl.ac.uk/</xref>
            </p></publicationStmt><sourceDesc>
<p>Republished from <bibl id="irt1952">
                  <author>J. M. Reynolds</author> and <author>J. B. Ward-Perkins</author>, <title level="m">The Inscriptions of Roman Tripolitania</title>, <pubPlace>Rome</pubPlace>: <publisher>British
                  School at Rome</publisher>, <date>1952</date>. </bibl>
            </p></sourceDesc></fileDesc><encodingDesc>
<p>Marked-up according to the EpiDoc Guidelines version 5 <xref>http://www.stoa.org/epidoc/gl/5/</xref>
         </p></encodingDesc><profileDesc><langUsage><language id="ar">Arabic</language><language id="en">English</language><language id="fr">French</language><language id="de">German</language><language id="grc">Ancient Greek</language><language id="grc-Latn">Transliterated Greek</language><language id="el">Modern Greek</language><language id="he">Hebrew</language><language id="it">Italian</language><language id="la">Latin</language><language id="phn-LY">Punic</language><language id="ber-Latn">Native Libyan language in Latin script</language></langUsage><textClass/><textClass><keywords><term>
                  <geogName type="ancientRegion" key="Tripolitania">Tripolitania</geogName>
               </term><term>
                  <geogName type="modernCountry" key="LY">Libya</geogName>
               </term><term>
                  <placeName type="modernFindspot" key="http://www.geonames.org/2208578/marsa-zawaghah.html">Marsa Zawaghah</placeName>
               </term></keywords></textClass></profileDesc><revisionDesc>
<change><date>2008-09-09</date><respStmt><name>ZA</name></respStmt><item>converted using CHET-C</item></change>
<change><date>2009-05-19</date><respStmt><name>RV</name></respStmt><item>Added Figures</item></change>
<change><date>2009-08-24</date><respStmt><name>RV</name></respStmt><item>Added Figures</item></change></revisionDesc></teiHeader><text><body>

<div type="description" subtype="monument">
<head>Description of Monument</head>
<p>Impression left by a fragment of a lost <rs type="material">marble</rs> <rs type="objectType">panel</rs> (<rs type="dimensions"><measure unit="metre" type="length" dim="width" precision="circa">1.23</measure><measure unit="metre" type="length" dim="height" precision="circa">0.54</measure></rs>, when excavated, no edges surviving), re-used in the late IV cent. paving of the Curia; see also <xref type="inscription">75a</xref>. Read by Bartoccini when first excavated; now much deteriorated. </p></div>

<div type="description" subtype="text">
<head>Description of Text</head>
<p>Impression from one face.</p></div>

<div type="description" subtype="letters">
<head>Description of Letters</head>
<p>Lapidary capitals: l. 1, <measure unit="metre" type="length" dim="height">0.065</measure>; remainder, <measure unit="metre" type="length" dim="height">0.075</measure>.</p></div>

<div type="description" subtype="date">
<head>Date</head>
<p>
               <date type="textDate">No indication</date>
            </p></div>

<div type="history" subtype="locations">
<head>Locations</head>
<p>
               <rs type="found">
                  <placeName type="ancientFindspot" ref="http://atlantides.org/batlas/abrotonum-sabratha-35-e2" key="db659">Sabratha</placeName>:
                  Re-used in the late IV cent. paving of the <rs type="monuList" key="db840">Curia</rs>.</rs>
            </p>
<p>
               <rs type="origLocation">Unknown</rs>
            </p>
<p>
               <rs type="lastLocation">Findspot</rs>
            </p></div>



<div type="bibliography">
<head>Bibliography</head>
<p><bibl><author>Bartoccini</author> , <xptr from="quaderni"/> <biblScope>I:52</biblScope>.</bibl> 
</p></div>

<div type="history" subtype="text-constituted-from">
<head>Text constituted from</head>
<p>Pubblication.</p></div>

<div type="edition" lang="la">
<head lang="en">Text</head>
<ab>
               <lb n="1"/>
               <gap reason="lost" extent="unknown" unit="character"/>
               <w lemma="flamen"><supplied reason="lost">fl</supplied><app type="previouslyread"><lem>amin<unclear>i</unclear></lem></app></w>
               <persName type="divine"><name reg="Liber"><w lemma="Liber"><supplied reason="lost">Libe</supplied><app type="previouslyread"><lem>r<unclear>i</unclear></lem></app></w></name> 
                  <w lemma="pater"><app><lem><unclear>P</unclear>at</lem></app>ris</w></persName> <w part="I">p</w>
               <gap reason="lost" extent="unknown" unit="character"/>
               <lb n="2"/>
               <gap reason="lost" extent="unknown" unit="character"/>
               <app type="previouslyread"><lem><orig>usui</orig></lem><rdg><gap reason="lost" extent="4" unit="character"/></rdg></app>
               <gap reason="lost" extent="5" unit="character"/><w part="F"><app type="previouslyread"><lem>u</lem></app>m</w> 
               <persName type="attested"><name reg="Quint-" type="cognomen">Quint<gap reason="lost" extent="unknown" unit="character"/></name></persName>
               <lb n="3"/>
               <gap reason="lost" extent="unknown" unit="character"/> <placeName><w part="I">Sabra<supplied reason="lost">th</supplied></w></placeName>
               <gap reason="lost" extent="unknown" unit="character"/>
               <lb n="4"/>
               <gap reason="lost" extent="unknown" unit="character"/>
               <w lemma="statua"><supplied reason="lost">st</supplied>
               <unclear>a</unclear>tu<app type="previouslyread"><lem>a<unclear>m</unclear></lem></app></w>
               <gap reason="lost" extent="unknown" unit="character"/>
               <lb n="5"/>
               <gap reason="lost" extent="unknown" unit="character"/>
               <w part="F"><app type="previouslyread"><lem>e</lem></app></w>
               <w part="I"><app type="previouslyread"><lem>sta</lem></app></w>
               <gap reason="lost" extent="unknown" unit="character"/>
            </ab></div>

<div type="apparatus">
<head>Apparatus</head>
<p>
               <app><note> Highlighted letters could be read by Bartoccini but were no longer visible in 1952.</note></app>
            </p></div>

                  <div type="translation">
<head>Translation</head>
<p>To <gap reason="lost"/> flamen <supplied reason="subaudible">priest</supplied> of Liber Pater <gap reason="lost"/> Quintus <note>case unknown</note>
                     <gap reason="lost"/> Sabratha <note>or the Sabrathans</note> <gap reason="lost"/><supplied reason="lost">set up</supplied>
                     a statue <gap reason="lost"/></p></div>

<div type="commentary">
<head>Commentary</head>
<p>No comment.</p></div>

<div type="figure">
<head>Photographs</head>
<p>
<figure href="0167"><figDesc>Ward-Perkins Archive, BSR (BSR 46.VI.10)</figDesc></figure></p></div></body></text></TEI.2>
