<?xml version="1.0" encoding="UTF-8"?>
<!DOCTYPE TEI.2 SYSTEM "http://www.stoa.org/epidoc/dtd/6/tei-epidoc.dtd">
<TEI.2 lang="en" id="IRT118"><teiHeader><fileDesc><titleStmt><title><rs type="textType">Honours</rs> for C. Flavius Pudens</title><editor>J. M. Reynolds</editor><editor>J. B. Ward-Perkins</editor></titleStmt><publicationStmt>
<p>Creative Commons licence Attribution UK 2.0 (<xref>http://creativecommons.org/licenses/by/2.0/uk/</xref>). </p>
<p>All reuse or distribution of this work must contain somewhere a link back to the URL <xref>http://irt.kcl.ac.uk/</xref>
            </p></publicationStmt><sourceDesc>
<p>Republished from <bibl id="irt1952">
                  <author>J. M. Reynolds</author> and <author>J. B. Ward-Perkins</author>, <title level="m">The Inscriptions of Roman Tripolitania</title>, <pubPlace>Rome</pubPlace>: <publisher>British
                  School at Rome</publisher>, <date>1952</date>. </bibl>
            </p></sourceDesc></fileDesc><encodingDesc>
<p>Marked-up according to the EpiDoc Guidelines version 5 <xref>http://www.stoa.org/epidoc/gl/5/</xref>
         </p></encodingDesc><profileDesc><langUsage><language id="ar">Arabic</language><language id="en">English</language><language id="fr">French</language><language id="de">German</language><language id="grc">Ancient Greek</language><language id="grc-Latn">Transliterated Greek</language><language id="el">Modern Greek</language><language id="he">Hebrew</language><language id="it">Italian</language><language id="la">Latin</language><language id="phn-LY">Punic</language><language id="ber-Latn">Native Libyan language in Latin script</language></langUsage><textClass/><textClass><keywords><term>
                  <geogName type="ancientRegion" key="Tripolitania">Tripolitania</geogName>
               </term><term>
                  <geogName type="modernCountry" key="LY">Libya</geogName>
               </term><term>
                  <placeName type="modernFindspot" key="http://www.geonames.org/2208578/marsa-zawaghah.html">Marsa Zawaghah</placeName>
               </term></keywords></textClass></profileDesc><revisionDesc>
<change><date>2008-09-09</date><respStmt><name>ZA</name></respStmt><item>converted using CHET-C</item></change>
<change><date>2009-05-19</date><respStmt><name>RV</name></respStmt><item>Added Figures</item></change>
<change><date>2009-08-24</date><respStmt><name>RV</name></respStmt><item>Added Figures</item></change></revisionDesc></teiHeader><text><body>

<div type="description" subtype="monument">
<head>Description of Monument</head>
<p>Lower part of a rectangular <rs type="objectType">base</rs> (<rs type="dimensions">
               <measure unit="metre" type="length" dim="width">0.52</measure>
               <measure unit="metre" type="length" dim="height">0.55</measure>
               <measure unit="metre" type="length" dim="depth">0.57</measure></rs>) of coarse <rs type="material">grey limestone</rs>, with moulded panels on the sides; cut and hollowed out from the left in late antiquity, so as to form a basin.
               Uniform with <xref type="inscription">119</xref>, <xref type="inscription">120</xref>, <xref type="inscription">121</xref>, <xref type="inscription">122</xref>, <xref type="inscription">123</xref>, <xref type="inscription">124</xref>,
               <xref type="inscription">125</xref>.</p></div>

<div type="description" subtype="text">
<head>Description of Text</head>
<p>Inscribed on the front (die, <rs type="dimensions"><measure unit="metre" type="length" dim="width">0.25</measure><measure unit="metre" type="length" dim="height">0.44</measure></rs>)</p></div>

<div type="description" subtype="letters">
<head>Description of Letters</head>
<p>Local second to third centuries A.D. capitals with some Rustic forms: av. <measure unit="metre" type="length" dim="height">0.045</measure>.</p></div>

<div type="description" subtype="date">
<head>Date</head>
<p>
               <date type="textDate" notBefore="0101" notAfter="0300" exact="none">Second to third centuries A.D.</date>
            (<rs type="criteria">lettering</rs>)</p></div>

<div type="history" subtype="locations">
<head>Locations</head>
<p>
               <rs type="found">
                  <placeName type="ancientFindspot" ref="http://atlantides.org/batlas/abrotonum-sabratha-35-e2" key="db659">Sabratha</placeName>:
                  <rs type="monuList" key="db843">Forum area</rs>, immediately to the N of the precinct of the E Forum Temple.</rs>
            </p>
<p>
               <rs type="origLocation">Unknown</rs>
            </p>
<p>
               <rs type="lastLocation">Findspot</rs>
            </p></div>



<div type="bibliography">
<head>Bibliography</head>
<p>Not previously published.</p></div>

<div type="history" subtype="text-constituted-from">
<head>Text constituted from</head>
<p>Transcription (Reynolds, Ward-Perkins)</p></div>

<div type="edition" lang="la">
<head lang="en">Text</head>
<ab>
               <lb n="1"/> 
               <persName type="attested"><supplied reason="lost"><name reg="Caius" type="praenomen"><expan><abbr>C</abbr><ex>aio</ex></expan></name> 
                  <name reg="Flauius" type="gentilicium"><expan><abbr>Fl</abbr><ex>auio</ex></expan></name> 
                  <persName type="attested"><name reg="Quintus" type="praenomen"><expan><abbr>Q</abbr><ex>uinti</ex></expan></name></persName> 
                  <w lemma="filius"><expan><abbr>fil</abbr><ex>io</ex></expan></w></supplied> 
               <lb n="2"/><name type="tribe" reg="Papiria"><w lemma="tribus"><expan><abbr>Pap</abbr><ex>iria tribu</ex></expan></w></name> 
               <name reg="Pudens" type="cognomen">Puden<lb n="3" type="worddiv"/>ti</name></persName> <w lemma="flamen"><expan><abbr>flam</abbr><ex>ini</ex></expan></w>
               <lb n="4"/><w lemma="perpetuus"><expan><abbr>perp</abbr><ex>etuo</ex></expan></w> 
               <w lemma="curia">curi<lb n="5" type="worddiv"/>a</w> <name reg="Augusta" type="cognomen">Au<supplied reason="lost">g</supplied>usta</name>
               <lb n="6"/><w lemma="ob">ob</w> <w lemma="mereo">m<supplied reason="lost">er</supplied>ita</w></ab></div>



<div type="translation">
<head>Translation</head>
<p><supplied reason="lost">To Caius Flavius</supplied> Pudens, <supplied reason="lost">son of Quintus</supplied>, of the Roman voting tribe Papiria,
perpetual flamen <supplied reason="subaudible">priest</supplied>, the Curia Augusta, on account of his merits.</p></div>

<div type="commentary">
<head>Commentary</head>
<p>ll. 1-3. <foreign lang="la"><persName type="attested"><name>Caius</name> <name>Flauius</name> <name>Pudens</name></persName></foreign>. 
               Also in  <xref type="inscription">117</xref>, <xref type="inscription">119</xref>, <xref type="inscription">120</xref>, <xref type="inscription">121</xref>, <xref type="inscription">122</xref>, <xref type="inscription">123</xref>, <xref type="inscription">124</xref>, <xref type="inscription">125</xref>.</p></div>

<div type="figure">
<head>Photographs</head>
<p>
<figure href="0158"><figDesc>Ward-Perkins Archive, BSR (BSR 47.X.9)</figDesc></figure></p></div></body></text></TEI.2>
