<?xml version="1.0" encoding="UTF-8"?>
<!DOCTYPE TEI.2 SYSTEM "http://www.stoa.org/epidoc/dtd/6/tei-epidoc.dtd">
<TEI.2 lang="en" id="IRT119"><teiHeader><fileDesc><titleStmt><title><rs type="textType">Honours</rs> for C. Flavius Pudens</title><editor>J. M. Reynolds</editor><editor>J. B. Ward-Perkins</editor></titleStmt><publicationStmt>
<p>Creative Commons licence Attribution UK 2.0 (<xref>http://creativecommons.org/licenses/by/2.0/uk/</xref>). </p>
<p>All reuse or distribution of this work must contain somewhere a link back to the URL <xref>http://irt.kcl.ac.uk/</xref>
            </p></publicationStmt><sourceDesc>
<p>Republished from <bibl id="irt1952">
                  <author>J. M. Reynolds</author> and <author>J. B. Ward-Perkins</author>, <title level="m">The Inscriptions of Roman Tripolitania</title>, <pubPlace>Rome</pubPlace>: <publisher>British
                  School at Rome</publisher>, <date>1952</date>. </bibl>
            </p></sourceDesc></fileDesc><encodingDesc>
<p>Marked-up according to the EpiDoc Guidelines version 5 <xref>http://www.stoa.org/epidoc/gl/5/</xref>
         </p></encodingDesc><profileDesc><langUsage><language id="ar">Arabic</language><language id="en">English</language><language id="fr">French</language><language id="de">German</language><language id="grc">Ancient Greek</language><language id="grc-Latn">Transliterated Greek</language><language id="el">Modern Greek</language><language id="he">Hebrew</language><language id="it">Italian</language><language id="la">Latin</language><language id="phn-LY">Punic</language><language id="ber-Latn">Native Libyan language in Latin script</language></langUsage><textClass/><textClass><keywords><term>
                  <geogName type="ancientRegion" key="Tripolitania">Tripolitania</geogName>
               </term><term>
                  <geogName type="modernCountry" key="LY">Libya</geogName>
               </term><term>
                  <placeName type="modernFindspot" key="http://www.geonames.org/2208578/marsa-zawaghah.html">Marsa Zawaghah</placeName>
               </term></keywords></textClass></profileDesc><revisionDesc>
<change><date>2008-09-09</date><respStmt><name>ZA</name></respStmt><item>converted using CHET-C</item></change>
<change><date>2009-05-19</date><respStmt><name>RV</name></respStmt><item>Added Figures</item></change>
<change><date>2009-08-24</date><respStmt><name>RV</name></respStmt><item>Added Figures</item></change></revisionDesc></teiHeader><text><body>

<div type="description" subtype="monument">
<head>Description of Monument</head>
<p>Rectangular <rs type="objectType">base</rs> (<rs type="dimensions">
               <measure unit="metre" type="length" dim="width">0.52</measure>
               <measure unit="metre" type="length" dim="height">0.85</measure>
               <measure unit="metre" type="length" dim="depth">0.57</measure></rs>) of coarse <rs type="material">grey limestone</rs>, broken down the right-hand edge;
               uniform with <xref type="inscription">118</xref>, <xref type="inscription">120</xref>, <xref type="inscription">121</xref>, <xref type="inscription">122</xref>, <xref type="inscription">123</xref>, <xref type="inscription">124</xref>, <xref type="inscription">125</xref>.</p></div>

<div type="description" subtype="text">
<head>Description of Text</head>
<p>Inscribed on one face within a recessed panel (die, <rs type="dimensions"><measure unit="metre" type="length" dim="width">0.37</measure><measure unit="metre" type="length" dim="height">0.70</measure></rs>, height not complete).</p></div>

<div type="description" subtype="letters">
<head>Description of Letters</head>
<p>Local second to third centuries A.D. capitals with some Rustic forms: <measure from="0.035" to="0.04" unit="metre" type="length" dim="height">0.035-0.04</measure>.</p></div>

<div type="description" subtype="date">
<head>Date</head>
<p>
               <date type="textDate" notBefore="0101" notAfter="0300" exact="none">Second to third centuries A.D.</date>
            (<rs type="criteria">lettering</rs>)</p></div>

<div type="history" subtype="locations">
<head>Locations</head>
<p>
               <rs type="found">
                  <placeName type="ancientFindspot" ref="http://atlantides.org/batlas/abrotonum-sabratha-35-e2" key="db659">Sabratha</placeName>:
                  <rs type="monuList" key="db844">Forum area</rs>, in the forum standing against the N portico.</rs>
            </p>
<p>
               <rs type="origLocation">Unknown</rs>
            </p>
<p>
               <rs type="lastLocation">Findspot</rs>
            </p></div>



<div type="bibliography">
<head>Bibliography</head>
<p>Not previously published.</p></div>

<div type="history" subtype="text-constituted-from">
<head>Text constituted from</head>
<p>Transcription (Reynolds, Ward-Perkins)</p></div>

<div type="edition" lang="la">
<head lang="en">Text</head>
<ab>
               <lb n="1"/>
               <persName type="attested"><name reg="Caius" type="praenomen"><expan><abbr>C</abbr><ex>aio</ex></expan></name> 
               <name type="gentilicium" reg="Flauius"><supplied reason="lost">Flavio</supplied></name> 
               <supplied reason="lost"><persName type="attested"><name reg="Quintus" type="praenomen"><expan><abbr>Q</abbr><ex>uinti</ex></expan></name></persName></supplied> 
               <expan><abbr>fil</abbr><ex>io</ex></expan> 
                  <name type="tribe" reg="Papiria"><w lemma="tribus"><expan><abbr>Pa<supplied reason="lost">p</supplied></abbr><supplied reason="lost"><ex>iria tribu</ex></supplied></expan></w></name>
               <lb n="2"/>
               <name reg="Pudens" type="cognomen"><supplied reason="lost">P</supplied>udenti</name></persName>
               <lb n="3"/>
               <supplied reason="lost"><w lemma="flamen"><expan><abbr>flam</abbr><ex>ini</ex></expan></w></supplied> 
               <w lemma="perpetuus">per<supplied reason="lost"><expan><abbr>p</abbr><ex>etuo</ex></expan></supplied></w>
               <lb n="4"/><w lemma="curia">Cu<supplied reason="lost">r</supplied>ia</w> 
               <w lemma="caelestis"><expan><abbr>Caele<supplied reason="lost">st</supplied></abbr><supplied reason="lost"><ex>is</ex></supplied></expan></w>
               <lb n="5"/><w lemma="ob">o<supplied reason="lost">b</supplied></w> 
               <w lemma="mereo"><unclear>m</unclear>erita</w>
            </ab></div>

<div type="apparatus">
<head>Apparatus</head>
<p>
               <app loc="5"><note>Or <foreign lang="la"><expan><abbr>Caelest</abbr><ex>ia</ex></expan></foreign>. </note></app>
            </p></div>

                  <div type="translation">
<head>Translation</head>
<p>To Caius <supplied reason="lost">Flavius</supplied> Pudens,  son of <supplied reason="lost">Quintus, of the Roman voting tribe Papiria</supplied>,
                     perpetual <supplied reason="lost"> flamen</supplied> <supplied reason="subaudible">priest</supplied>, the Curia Caelestis, on account of his merits.</p></div>

<div type="commentary">
<head>Commentary</head>
<p>ll. 1-2. <foreign lang="la"><persName type="attested"><name>Caius</name> <name>Flauius</name> <name>Pudens</name></persName></foreign>. 
               Also in  <xref type="inscription">117</xref>, <xref type="inscription">118</xref>, <xref type="inscription">120</xref>, <xref type="inscription">121</xref>, <xref type="inscription">122</xref>, <xref type="inscription">123</xref>, <xref type="inscription">124</xref>, <xref type="inscription">125</xref>.</p></div>

<div type="figure">
<head>Photographs</head>
<p>
<figure href="0159"><figDesc>Ward-Perkins Archive, BSR (Sopr. DS 846 Leica)</figDesc></figure></p></div></body></text></TEI.2>
