<?xml version="1.0" encoding="UTF-8"?>
<!DOCTYPE TEI.2 SYSTEM "http://www.stoa.org/epidoc/dtd/6/tei-epidoc.dtd">
<TEI.2 lang="en" id="IRT103"><teiHeader><fileDesc><titleStmt><title><rs type="textType">Honours</rs> for Flavius Vivus Benedictus</title><editor>J. M. Reynolds</editor><editor>J. B. Ward-Perkins</editor></titleStmt><publicationStmt>
<p>Creative Commons licence Attribution UK 2.0 (<xref>http://creativecommons.org/licenses/by/2.0/uk/</xref>). </p>
<p>All reuse or distribution of this work must contain somewhere a link back to the URL <xref>http://irt.kcl.ac.uk/</xref>
            </p></publicationStmt><sourceDesc>
<p>Republished from <bibl id="irt1952">
                  <author>J. M. Reynolds</author> and <author>J. B. Ward-Perkins</author>, <title level="m">The Inscriptions of Roman Tripolitania</title>, <pubPlace>Rome</pubPlace>: <publisher>British
                  School at Rome</publisher>, <date>1952</date>. </bibl>
            </p></sourceDesc></fileDesc><encodingDesc>
<p>Marked-up according to the EpiDoc Guidelines version 5 <xref>http://www.stoa.org/epidoc/gl/5/</xref>
         </p></encodingDesc><profileDesc><langUsage><language id="ar">Arabic</language><language id="en">English</language><language id="fr">French</language><language id="de">German</language><language id="grc">Ancient Greek</language><language id="grc-Latn">Transliterated Greek</language><language id="el">Modern Greek</language><language id="he">Hebrew</language><language id="it">Italian</language><language id="la">Latin</language><language id="phn-LY">Punic</language><language id="ber-Latn">Native Libyan language in Latin script</language></langUsage><textClass/><textClass><keywords><term>
                  <geogName type="ancientRegion" key="Tripolitania">Tripolitania</geogName>
               </term><term>
                  <geogName type="modernCountry" key="LY">Libya</geogName>
               </term><term>
                  <placeName type="modernFindspot" key="http://www.geonames.org/2208578/marsa-zawaghah.html">Marsa Zawaghah</placeName>
               </term></keywords></textClass></profileDesc><revisionDesc>
<change><date>2008-09-09</date><respStmt><name>ZA</name></respStmt><item>converted using CHET-C</item></change>
<change><date>2009-05-19</date><respStmt><name>RV</name></respStmt><item>Added Figures</item></change>
<change><date>2009-08-24</date><respStmt><name>RV</name></respStmt><item>Added Figures</item></change></revisionDesc></teiHeader><text><body>

<div type="description" subtype="monument">
<head>Description of Monument</head>
<p> Moulded <rs type="objectType">altar</rs> (<rs type="dimensions"><measure unit="metre" type="length" dim="width">0.65</measure><measure unit="metre" type="length" dim="height">1.13</measure><measure unit="metre" type="length" dim="depth">0.45</measure></rs>) of <rs type="material">grey limestone</rs>, re-used upside down as a base.</p></div>

<div type="description" subtype="text">
<head>Description of Text</head>
<p>The front face is re-inscribed within a moulded panel (die, <rs type="dimensions"><measure unit="metre" type="length" dim="width">0.41</measure><measure unit="metre" type="length" dim="height">0.80</measure></rs>) from which a previous inscription has been erased; 
               one line was cut above the die on the damaged border of the upper moulding. Right side, below, <rs type="decoration">a knife and axe in relief within a moulded panel</rs>; above three lines inscribed on the border of the upper margin in the same style as the inscription on the front. Left side, <rs type="decoration">a jug in relief within a moulded panel</rs>.</p></div>

<div type="description" subtype="letters">
<head>Description of Letters</head>
<p> a) On the front face. <date type="textDate" notBefore="0301" notAfter="0400" exact="none">Fourth century A.D.</date> capitals: l. 1, <measure dim="height">0.045</measure>; ll. 2- 19, <measure dim="height">0.03</measure>; l. 20, <measure dim="height">0.045</measure>.</p>
<p> b) On top right border. <date type="textDate" notBefore="0301" notAfter="0400" exact="none">Fourth century A.D.</date>: <measure dim="height">0.02</measure>.</p></div>

<div type="description" subtype="date">
<head>Date</head>
<p>
               <date type="textDate" value="0378" precision="exact">A.D. 378</date> (<rs type="criteria">reign</rs>, <rs type="criteria">titulature</rs>)
            </p></div>

<div type="history" subtype="locations">
<head>Locations</head>
<p>
               <rs type="found">
                  <placeName type="ancientFindspot" ref="http://atlantides.org/batlas/abrotonum-sabratha-35-e2" key="db659">Sabratha</placeName>:
                  <rs type="monuList" key="db830">Basilica</rs>, found in the sixth century paving of the later church. </rs>
            </p>
<p>
               <rs type="origLocation">Unknown</rs>
            </p>
<p>
               <rs type="lastLocation">Standing near the Basilica.</rs>
            </p></div>



<div type="bibliography">
<head>Bibliography</head>
<p>Not previously published.</p></div>

<div type="history" subtype="text-constituted-from">
<head>Text constituted from</head>
<p>Transcription (Reynolds, Ward-Perkins)</p></div>

<div type="edition" lang="la">
<head lang="en">Text</head>

<div type="textpart" n="a">
<ab>
               <lb n="1"/> 
               <supplied reason="lost"><persName type="attested"><name type="gentilicium" reg="Flauius"><expan><abbr>Fl</abbr><ex>aui</ex></expan></name> <name reg="Viuius" type="gentilicium">Viui</name> <name type="cognomen" reg="Benedictus">Benedicti</name></persName> 
                  <w lemma="uir"><expan><abbr>u</abbr><ex>iri</ex></expan></w></supplied> 
               <w lemma="perficio"><expan><abbr><unclear>p</unclear></abbr><ex>erfectissimi</ex></expan></w> 
               <lb n="2"/><w lemma="totus">totius</w> <w lemma="integritas">integritatis</w> 
               <w lemma="moderatio">modera<lb n="3" type="worddiv"/>tionis</w> <w lemma="iustitia">iustitiae</w> <w lemma="prouisio">prouisionis</w>
               <lb n="4"/><w lemma="fides">fidei</w> <w lemma="benignitas">benignitatis</w> <w lemma="fortitudo">fortitudinis</w>
               <lb n="5"/><w lemma="atque">ac</w> <w lemma="beneficentia">beneficentiae</w> <w lemma="uir">uiro</w> 
               <persName type="attested"><name reg="Flauius" type="gentilicium"><expan><abbr>Fl</abbr><ex>auio</ex></expan></name> <name reg="Viuius" type="gentilicium">Viuio</name>
               <lb n="6"/><name reg="Benedictus" type="cognomen">Benedicto</name></persName> 
               <w lemma="uir"><expan><abbr>u</abbr><ex>iro</ex></expan></w> 
               <w lemma="perficio"><expan><abbr>p</abbr><ex>erfectissimo</ex></expan></w> 
               <w lemma="praeses">praesidi</w> 
               <w lemma="prouincia"><expan><abbr>prou</abbr><ex>inciae</ex></expan></w> 
               <placeName type="ethnic" reg="Tripolitanus"><expan><abbr>Tripol</abbr><ex>itanae</ex></expan></placeName>
               <lb n="7"/><w lemma="inter">inter</w> <w lemma="ceter">cetera</w> <w lemma="beneficium">beneficia</w> <w lemma="suus">sua</w> <w lemma="qui">quibus</w>
               <lb n="8"/><w lemma="omnis">omnem</w> <w lemma="prouincia">prouinciam</w> <w lemma="compendium">conpendiis</w> 
               <w lemma="remedium">re<lb n="9" type="worddiv"/>mediis</w> <w lemma="et">et</w> <w lemma="uirtus">uirtutibus</w> <w lemma="foueo">fouit</w> 
               <w lemma="subleuo">suble<lb n="10"/>uabit</w> <w lemma="erigo">erexit</w> <w lemma="etiam">etiam</w> <w lemma="ob">ob</w> <w lemma="is">ea</w> <w lemma="qui">quae</w> <w lemma="se">sibi</w>
               <lb n="11"/><w lemma="specialiter">specialiter</w> <w lemma="confero">conlata</w> <w lemma="sum">sunt</w> <w lemma="ciuitas">ciuitas</w>
               <lb n="12"/><placeName type="ethnic" reg="Sabrathensis">Sabrathensis</placeName> <w lemma="exsulto">exsultans</w> <w lemma="qui">quod</w> 
               <w lemma="post">po<lb n="13"/>st</w> <w lemma="ruina">ruinam</w> <w lemma="et">et</w> <w lemma="abnego">abnegatum</w> 
               <w lemma="thermae">therma<lb n="14" type="worddiv"/>rum</w> <w lemma="populus">populo</w> <w lemma="exercitium">exercitium</w> <w lemma="citra">citra</w> <w lemma="ullus">ullius</w>
               <lb n="15"/><w lemma="dispendium">dispendium</w> <w lemma="ornamentum">ornamentis</w> <w lemma="patria">patriae</w>
               <lb n="16"/><w lemma="reuoco">reuocauit</w> <w lemma="ordo">ordo</w> <w lemma="populus">populusque</w>
               <lb n="17"/><w lemma="concino">concinentibus</w> <w lemma="omnis">omnibus</w> 
               <w lemma="uotum">uo<lb n="18" type="worddiv"/>tis</w> <w lemma="statua">statuam</w> <w lemma="patronus">patrono</w> 
               <w lemma="praesto"><expan><abbr>pr</abbr><ex>a</ex><abbr>estan</abbr></expan><lb n="19" type="worddiv"/>tissimo</w> <w lemma="grator">gratanti</w> <w lemma="studium">studio</w>
               <lb n="20"/><w lemma="conloco">conlocauit</w>
            </ab></div>

<div type="textpart" n="b">
<ab>
               <lb n="1"/> <w lemma="dedico">Dedicata</w>
               <lb n="2"/><w lemma="consul"><expan><abbr>cons</abbr><ex>ulum</ex></expan></w> 
               <persName type="emperor"><w lemma="dominus"><expan><abbr>d</abbr><ex>ominorum</ex></expan></w> 
               <w lemma="noster"><expan><abbr>n</abbr><ex>ostrorum</ex></expan></w>
               <name reg="Valens" type="cognomen">Valentis</name> <num value="6">VI</num> <w lemma="et">et</w> <name reg="Valentinianus" type="cognomen">Valent<supplied reason="omitted">in</supplied>iani</name> <num value="2">II</num> 
               <name type="cognomen" reg="Augustus"><expan><abbr>A<supplied reason="lost">ug</supplied></abbr><ex>ustorum</ex></expan></name>
               </persName><lb n="3"/><w lemma="dies">die</w> <num value="5">V</num> <w lemma="kalendae"><expan><abbr>kal</abbr><ex>endas</ex></expan></w> 
               <w lemma="Augusta"><expan><abbr>Aug</abbr><ex>ustas</ex></expan></w> 
               </ab></div></div>

<div type="apparatus">
<head>Apparatus</head>


<p>
               <app loc="b 2"><note>CONSS. DD. NN. </note></app>
            </p>
</div>

<div type="translation">
<head>Translation</head>
<p>a. <supplied reason="lost">In honour of Flavius Vivius Benedictus,</supplied> excellent <supplied reason="lost">man</supplied> <supplied reason="explanation"> of equestrian status</supplied>. To a man of complete integrity, moderation, justice, foresight, good faith, generosity, courage and beneficence, Flavius Vivus Benedictus, excellent man<supplied reason="explanation"> of equestrian status</supplied>, governor of the province of Tripolitania; among the other generous acts by which he cherished, assisted and improved the whole province, the city of Sabratha honours him also on account of those specifically conferred on itself; they are delighted that, when the Baths had fallen down so that the people could not use them he restored them without expense to anyone, and they are now among the ornaments of the country. The city-council and people, voting unanimously, set up the statue to an outstanding patron with enthusiastic gratitude. </p><p><note>b</note> Dedicated on the 28th July, when our lords the Augusti were consuls, Valens for the sixth time and Valentinian for the second. </p></div>

<div type="commentary">
<head>Commentary</head>
<p>Flavius Vivius Benedictus: <title level="m">PW</title> III, 271; also in <xref type="inscription">476</xref>, ll. 6,7 and <xref type="inscription">571</xref>.</p><p>a. 12-13: post ruinam:  erhaps since the sack of the city by the Austuriani, c. 363-5 (Introduction - Sabratha, Section 3).</p><p>b.3 28th July 378.</p></div>

<div type="figure">
<head>Photographs</head>
<p>
<figure href="0132"><figDesc>Ward-Perkins Archive, BSR (Sopr. B. 1587)</figDesc></figure>
<figure href="0133"><figDesc>Ward-Perkins Archive, BSR (BSR 46.VI.33)</figDesc></figure>
<figure href="0134"><figDesc>Ward-Perkins Archive, BSR (BSR 47.VII.22)</figDesc></figure>
<figure href="0135"><figDesc>Ward-Perkins Archive, BSR</figDesc></figure>
<figure href="0136"><figDesc>Ward-Perkins Archive, BSR (Sopr. DS 791 Leica)</figDesc></figure></p></div></body></text></TEI.2>
