<?xml version="1.0" encoding="UTF-8"?>
<!DOCTYPE TEI.2
  SYSTEM "http://www.stoa.org/epidoc/dtd/6/tei-epidoc.dtd">
<TEI.2 lang="en" id="IRT159"><teiHeader><fileDesc><titleStmt><title><rs type="textType">Funerary</rs> fragment</title><editor>J. M. Reynolds</editor><editor>J. B. Ward-Perkins</editor></titleStmt><publicationStmt>
<p>Creative Commons licence Attribution UK 2.0 (<xref>http://creativecommons.org/licenses/by/2.0/uk/</xref>). </p>
<p>All reuse or distribution of this work must contain somewhere a link back to the URL <xref>http://irt.kcl.ac.uk/</xref>
            </p></publicationStmt><sourceDesc>
<p>Republished from <bibl id="irt1952">
                  <author>J. M. Reynolds</author> and <author>J. B. Ward-Perkins</author>, <title level="m">The Inscriptions of Roman Tripolitania</title>, <pubPlace>Rome</pubPlace>: <publisher>British
                  School at Rome</publisher>, <date>1952</date>. </bibl>
            </p></sourceDesc></fileDesc><encodingDesc>
<p>Marked-up according to the EpiDoc Guidelines version 5 <xref>http://www.stoa.org/epidoc/gl/5/</xref>
         </p></encodingDesc><profileDesc><langUsage><language id="ar">Arabic</language><language id="en">English</language><language id="fr">French</language><language id="de">German</language><language id="grc">Ancient Greek</language><language id="grc-Latn">Transliterated Greek</language><language id="el">Modern Greek</language><language id="he">Hebrew</language><language id="it">Italian</language><language id="la">Latin</language><language id="phn-LY">Punic</language><language id="ber-Latn">Native Libyan language in Latin script</language></langUsage><textClass/><textClass><keywords><term>
                  <geogName type="ancientRegion" key="Tripolitania">Tripolitania</geogName>
               </term><term>
                  <geogName type="modernCountry" key="LY">Libya</geogName>
               </term><term>
                  <placeName type="modernFindspot" key="http://www.geonames.org/2208578/marsa-zawaghah.html">Marsa Zawaghah</placeName>
               </term></keywords></textClass></profileDesc><revisionDesc>
<change><date>2008-09-09</date><respStmt><name>ZA</name></respStmt><item>converted using CHET-C</item></change>
<change><date>2009-05-19</date><respStmt><name>RV</name></respStmt><item>Added Figures</item></change>
<change><date>2009-08-24</date><respStmt><name>RV</name></respStmt><item>Added Figures</item></change></revisionDesc></teiHeader><text><body>

<div type="description" subtype="monument">
<head>Description of Monument</head>
<p> Fragment from the upper part of a <rs type="material">marble</rs> <rs type="objectType">panel</rs> 
               (<rs type="dimensions">
                  <measure unit="metre" type="length" dim="width">0.50</measure>
                  <measure unit="metre" type="length" dim="height">0.75</measure>
                  <measure unit="metre" type="length" dim="depth">0.13</measure></rs>),
               probably part of a sarcophagus front, inscribed within a <rs type="decoration">wreath</rs>(die, diam. 
               <measure unit="metre" type="length" dim="height">0.54</measure>), 
               with a <rs type="decoration">flange</rs> above and traces of a supporting figure (?) to R.</p></div>

<div type="description" subtype="text">
<head>Description of Text</head>
<p>Inscribed on one face.</p></div>

<div type="description" subtype="letters">
<head>Description of Letters</head>
<p>Third century A.D. capitals: <measure from="0.05" to="0.055" unit="metre" type="length" dim="height">0.05-0.055</measure>.</p></div>

<div type="description" subtype="date">
<head>Date</head>
<p>
               <date type="textDate" notBefore="0201" notAfter="0300" exact="none">Third century A.D.</date> (<rs type="criteria">lettering</rs>)
            </p></div>

<div type="history" subtype="locations">
<head>Locations</head>
<p>
               <rs type="found">
                  <placeName type="ancientFindspot" ref="http://atlantides.org/batlas/abrotonum-sabratha-35-e2" key="db659">Sabratha</placeName>:  
                  Found in the <rs type="monuList" key="db839">Concessione Secchi</rs>, 500m. S of the former railway station at Sabratha (map ref. P 833605)</rs>
            </p>
<p>
               <rs type="origLocation">Unknown</rs>
            </p>
<p>
               <rs type="lastLocation"> <rs type="monuList" key="db660">Sabratha Museum</rs>.</rs>
            </p></div>



<div type="bibliography">
<head>Bibliography</head>
<p>Not previously published.</p></div>

<div type="history" subtype="text-constituted-from">
<head>Text constituted from</head>
<p>Transcription (Reynolds, Ward-Perkins)</p></div>

<div type="edition" lang="la">
<head lang="en">Text</head>
<ab>
               <lb n="1"/>
               <w lemma="deus"><expan><abbr>D</abbr><ex>is</ex></expan></w> <w lemma="manes"><expan><abbr>m</abbr><ex>anibus</ex></expan></w>
               <lb n="2"/>
               <gap reason="lost" extent="1" unit="character"/><persName type="attested"><name reg="Domitius" type="gentilicium"><supplied reason="lost">D</supplied>omiti</name></persName>
               <lb n="3"/>
               <gap reason="lost" extent="unknown" unit="character"/><w part="F">simi</w>
               <lb n="4"/>
               <gap reason="lost" extent="unknown" unit="character"/><g type="stop"/><w part="I">tri</w><g type="stop"/>
               <lb n="5"/>
               <gap reason="lost" extent="unknown" unit="character"/><orig>u</orig>
               <lb n="6"/>
               <gap reason="lost" extent="unknown" unit="line"/>
            </ab></div>

<div type="apparatus">
<head>Apparatus</head>
<p>
               <app loc="4"><note> TRI between stops.</note></app>
            </p></div>

                  <div type="translation">
<head>Translation</head>
<p>To the gods below of Domitius <gap reason="lost"/></p></div>

<div type="commentary">
<head>Commentary</head>
<p>No comment.</p></div>

<div type="figure">
<head>Photographs</head>
<p>
<figure href="0194"><figDesc>Ward-Perkins Archive, BSR (Sopr. DS Leica)</figDesc></figure>
<figure href="0195"><figDesc>Ward-Perkins Archive, BSR (Sopr. CS 253)</figDesc></figure></p></div></body></text></TEI.2>