<?xml version="1.0" encoding="UTF-8"?>
<!DOCTYPE TEI.2 SYSTEM "http://www.stoa.org/epidoc/dtd/6/tei-epidoc.dtd">
<TEI.2 lang="en" id="IRT101"><teiHeader><fileDesc><titleStmt><title><rs type="textType">Honours</rs> for Laenatius Romulus</title><editor>J. M. Reynolds</editor><editor>J. B. Ward-Perkins</editor></titleStmt><publicationStmt>
<p>Creative Commons licence Attribution UK 2.0 (<xref>http://creativecommons.org/licenses/by/2.0/uk/</xref>). </p>
<p>All reuse or distribution of this work must contain somewhere a link back to the URL <xref>http://irt.kcl.ac.uk/</xref>
            </p></publicationStmt><sourceDesc>
<p>Republished from <bibl id="irt1952">
                  <author>J. M. Reynolds</author> and <author>J. B. Ward-Perkins</author>, <title level="m">The Inscriptions of Roman Tripolitania</title>, <pubPlace>Rome</pubPlace>: <publisher>British
                  School at Rome</publisher>, <date>1952</date>. </bibl>
            </p></sourceDesc></fileDesc><encodingDesc>
<p>Marked-up according to the EpiDoc Guidelines version 5 <xref>http://www.stoa.org/epidoc/gl/5/</xref>
         </p></encodingDesc><profileDesc><langUsage><language id="ar">Arabic</language><language id="en">English</language><language id="fr">French</language><language id="de">German</language><language id="grc">Ancient Greek</language><language id="grc-Latn">Transliterated Greek</language><language id="el">Modern Greek</language><language id="he">Hebrew</language><language id="it">Italian</language><language id="la">Latin</language><language id="phn-LY">Punic</language><language id="ber-Latn">Native Libyan language in Latin script</language></langUsage><textClass/><textClass><keywords><term>
                  <geogName type="ancientRegion" key="Tripolitania">Tripolitania</geogName>
               </term><term>
                  <geogName type="modernCountry" key="LY">Libya</geogName>
               </term><term>
                  <placeName type="modernFindspot" key="http://www.geonames.org/2208578/marsa-zawaghah.html">Marsa Zawaghah</placeName>
               </term></keywords></textClass></profileDesc><revisionDesc>
<change><date>2008-09-09</date><respStmt><name>ZA</name></respStmt><item>converted using CHET-C</item></change>
<change><date>2009-05-19</date><respStmt><name>RV</name></respStmt><item>Added Figures</item></change>
<change><date>2009-08-24</date><respStmt><name>RV</name></respStmt><item>Added Figures</item></change></revisionDesc></teiHeader><text><body>

<div type="description" subtype="monument">
<head>Description of Monument</head>
<p> Left-hand side of a moulded <rs type="material">marble</rs> <rs type="objectType">base</rs>, (<rs type="dimensions"><measure dim="width">0.21</measure><measure unit="metre" type="length" dim="height">1.05</measure><measure unit="metre" type="length" dim="depth">0.53</measure></rs>), 
               the mouldings of which have been trimmed flush. Width not complete.</p></div>

<div type="description" subtype="text">
<head>Description of Text</head>
<p>Inscribed on one face, die, <rs type="dimensions"><measure unit="metre" type="length" dim="width">0.21</measure><measure unit="metre" type="length" dim="height">0.83</measure></rs>). Width not complete.</p></div>

<div type="description" subtype="letters">
<head>Description of Letters</head>
<p> <date type="textDate" notBefore="0301" notAfter="0400" exact="none">Fourth century A.D.</date>. Capitals: <measure from="0.04" to="0.05" dim="height" unit="metre">0.04-0.05</measure>.</p></div>

<div type="description" subtype="date">
<head>Date</head>
<p>
               <date type="textDate" notBefore="0301" notAfter="0400" exact="none">Fourth century A.D.</date>
            (<rs type="criteria">lettering</rs>, <rs type="criteria">prosopography</rs>)</p></div>

<div type="history" subtype="locations">
<head>Locations</head>
<p>
               <rs type="found">
                  <placeName type="ancientFindspot" ref="http://atlantides.org/batlas/abrotonum-sabratha-35-e2" key="db659">Sabratha</placeName>:  
                  Found re-used as an architrave in the <rs type="monuList" key="db851">Mosque of Sidi Iàhia ben Dbàbesc</rs>.</rs>
            </p>
<p>
               <rs type="origLocation">Unknown</rs>
            </p>
<p>
               <rs type="lastLocation"> <rs type="monuList" key="db660">Sabratha Museum</rs>.</rs>
            </p></div>



<div type="bibliography">
<head>Bibliography</head>
<p> <bibl><author>Aurigemma</author>, <xptr from="attipontac"/> <biblScope>XV:115</biblScope> ff., fig. 3 </bibl>;
               <bibl><xptr from="ae"/> <biblScope>1948:39</biblScope>.</bibl> 
</p></div>

<div type="history" subtype="text-constituted-from">
<head>Text constituted from</head>
<p>Transcription (Reynolds, Ward-Perkins)</p></div>

<div type="edition" lang="la">
<head lang="en">Text</head>
<ab>
               <lb n="1"/><w lemma="militia">Militi<supplied reason="lost">ae</supplied></w>
               <gap reason="lost" extent="unknown" unit="character"/><lb type="worddiv" n="2"/><w part="F">tiae</w> <w part="I">o</w><gap reason="lost" extent="unknown" unit="character"/><lb type="worddiv" n="3"/><w part="F">nto</w> <w part="I">e</w><gap reason="lost" extent="unknown" unit="character"/>
               <lb n="4"/><w lemma="annus">annis</w> <gap reason="lost" extent="unknown" unit="character" id="gap1"/><certainty locus="#gi" target="gap1" degree="low"/>
               <w lemma="iustitia"><supplied reason="lost">ius</supplied><lb type="worddiv" n="5"/>titiae</w> <w part="I" lemma="ab">a</w><gap reason="lost" extent="unknown" unit="character"/>
               <lb n="6"/><w lemma="integritas">integr<supplied reason="lost">itatis</supplied></w>
               <gap reason="lost" extent="unknown" unit="character"/>
               <lb n="7"/><persName type="attested"><name reg="Laenatius" type="gentilicium">Laenat<supplied reason="lost">io</supplied></name> 
               <name reg="Romulus" type="cognomen"><supplied reason="lost">Romulo</supplied></name></persName>
               <lb n="8"/>
               <w lemma="uir"><expan><abbr>u</abbr><ex>iro</ex></expan></w> 
               <w lemma="perficio"><expan><abbr>p</abbr><ex>erfectissimo</ex></expan></w>
                  <w lemma="praeses"><expan><abbr>pra<supplied reason="lost">es</supplied></abbr><supplied reason="lost"><ex>idi</ex></supplied></expan></w> 
               <supplied reason="lost"><w lemma="prouincia"><expan><abbr>prou</abbr><ex>inciae</ex></expan></w></supplied>
               <supplied reason="lost"><placeName reg="Tripolitanus" type="ethnic"><expan><abbr>Trip</abbr><ex>olitanae</ex></expan></placeName></supplied> 
               <lb n="9"/><w lemma="ordo">ordo</w> <supplied reason="lost"><w lemma="populus">populusque</w></supplied> 
               <lb n="10"/> 
                  <placeName type="ethnic" reg="Sabrathensis"><expan><abbr>Sabra<supplied reason="lost">thens</supplied></abbr><supplied reason="lost"><ex>ium</ex></supplied></expan></placeName> 
               <supplied reason="lost"><w lemma="patronus"><expan><abbr>pat</abbr><ex>rono</ex></expan></w></supplied>
               <lb n="11"/><w lemma="dignus">dignis<supplied reason="lost">simo</supplied></w>
               <gap reason="lost" extent="unknown" unit="character"/>
               <lb n="12"/><w lemma="curo">curan<supplied reason="lost">te</supplied></w>
               <gap reason="lost" extent="unknown" unit="character"/>
               <lb n="13"/><persName type="attested"><name reg="Leontius" type="gentilicium">Leont<supplied reason="lost">io</supplied></name></persName>
               <gap reason="lost" extent="unknown" unit="character"/>
            </ab></div>



<div type="translation">
<head>Translation</head>
               <p><supplied reason="lost" cert="low">In honour of a man</supplied> of ?military service <gap reason="lost"/> in the years <gap reason="lost"/>, of justice <gap reason="lost"/>, integrity <gap reason="lost"/>, Laenatius <supplied reason="lost">Romulus</supplied>, excellent man <supplied reason="explanation">of equestrian status</supplied>, governor <supplied reason="lost">of the province of Tripolitania;</supplied> the city council <supplied reason="lost">and the people</supplied> of the Sabrathans <supplied reason="lost">to a patron</supplied><supplied reason="subaudible">who is</supplied> most worthy. Leontius <gap reason="lost"/> took charge <supplied reason="lost">of its erection</supplied></p></div>

<div type="commentary">
<head>Commentary</head><p>l. 7. Laenatio Romulo. Also in <xref type="inscription">467</xref>, l. 7; <xref type="inscription">468</xref>, l. 10; <xref type="inscription">574</xref>. ll. 1-12. Praeses c. <xref type="inscription">317</xref>, see Aurigemma, loc. cit.</p></div>

<div type="figure">
<head>Photographs</head>
<p>
<figure href="0130"><figDesc>Ward-Perkins Archive, BSR (Sopr. DS 862 Leica)</figDesc></figure></p></div></body></text></TEI.2>
