<?xml version="1.0" encoding="UTF-8"?>
<!DOCTYPE TEI.2 SYSTEM "http://www.stoa.org/epidoc/dtd/6/tei-epidoc.dtd">
<TEI.2 lang="en" id="IRT195"><teiHeader><fileDesc><titleStmt><title><rs type="textType">Christian</rs> <rs type="textType">funerary</rs> inscriptions</title><editor>J. M. Reynolds</editor><editor>J. B. Ward-Perkins</editor></titleStmt><publicationStmt>
<p>Creative Commons licence Attribution UK 2.0 (<xref>http://creativecommons.org/licenses/by/2.0/uk/</xref>). </p>
<p>All reuse or distribution of this work must contain somewhere a link back to the URL <xref>http://irt.kcl.ac.uk/</xref>
            </p></publicationStmt><sourceDesc>
<p>Republished from <bibl id="irt1952">
                  <author>J. M. Reynolds</author> and <author>J. B. Ward-Perkins</author>, <title level="m">The Inscriptions of Roman Tripolitania</title>, <pubPlace>Rome</pubPlace>: <publisher>British
                  School at Rome</publisher>, <date>1952</date>. </bibl>
            </p></sourceDesc></fileDesc><encodingDesc>
<p>Marked-up according to the EpiDoc Guidelines version 5 <xref>http://www.stoa.org/epidoc/gl/5/</xref>
         </p></encodingDesc><profileDesc><langUsage><language id="ar">Arabic</language><language id="en">English</language><language id="fr">French</language><language id="de">German</language><language id="grc">Ancient Greek</language><language id="grc-Latn">Transliterated Greek</language><language id="el">Modern Greek</language><language id="he">Hebrew</language><language id="it">Italian</language><language id="la">Latin</language><language id="phn-LY">Punic</language><language id="ber-Latn">Native Libyan language in Latin script</language></langUsage><textClass/><textClass><keywords><term>
                  <geogName type="ancientRegion" key="Tripolitania">Tripolitania</geogName>
               </term><term>
                  <geogName type="modernCountry" key="LY">Libya</geogName>
               </term><term>
                  <placeName type="modernFindspot" key="http://www.geonames.org/2208578/marsa-zawaghah.html">Marsa Zawaghah</placeName>
               </term></keywords></textClass></profileDesc><revisionDesc>
<change><date>2008-09-09</date><respStmt><name>ZA</name></respStmt><item>converted using CHET-C</item></change>
<change><date>2009-05-19</date><respStmt><name>RV</name></respStmt><item>Added Figures</item></change>
<change><date>2009-08-24</date><respStmt><name>RV</name></respStmt><item>Added Figures</item></change></revisionDesc></teiHeader><text><body>

<div type="description" subtype="monument">
<head>Description of Monument</head>
<p> Left-hand side of a <rs type="material">mosaic</rs> <rs type="objectType">panel</rs>
               containing an irregular <rs type="decoration">tabella ansata</rs> (die, surviving <rs type="dimensions">
                  <measure unit="metre" type="length" dim="width">1.33</measure>
                  <measure unit="metre" type="length" dim="height">0.32</measure><measure unit="metre" type="length" dim="depth">0.42</measure></rs>). 
               The main text is grouped about a central Ω⳩Α, and the spaces are filled with simple <rs type="decoration">foliate ornament</rs>. The right ansa is missing.</p></div>

<div type="description" subtype="text">
<head>Description of Text</head>
<p>Mosaic lettering</p></div>

<div type="description" subtype="letters">
<head>Description of Letters</head>
<p>Fourth century A.D.</p>
<p> a) To the left of the monogram: <measure from="0.10" to="0.15" unit="metre" type="length" dim="height">0.10-0.15</measure>.</p>
<p>b) To the right: <measure from="0.10" to="0.15" unit="metre" type="length" dim="height">0.10-0.15</measure>.</p>
<p>c) In the left (the only surviving) ansa: <measure unit="metre" type="length" dim="height">0.05</measure>.</p></div>

<div type="description" subtype="date">
<head>Date</head>
<p>
               <date type="textDate" notAfter="0400" notBefore="0301">Fourth century A.D.</date> (<rs type="criteria">lettering</rs>)
            </p></div>

<div type="history" subtype="locations">
<head>Locations</head>
<p>
               <rs type="found">
                  <placeName type="ancientFindspot" ref="http://atlantides.org/batlas/abrotonum-sabratha-35-e2" key="db659">Sabratha</placeName>:
                  <rs type="monuList" key="db864">Theatre</rs>: from the catacomb to the east of the theatre</rs>
            </p>
<p>
               <rs type="origLocation">Unknown</rs>
            </p>
<p>
               <rs type="lastLocation"><rs type="monuList" key="db660">Sabratha Museum</rs>.</rs>
            </p></div>



<div type="bibliography">
<head>Bibliography</head>
<p>Not previously published.</p></div>

<div type="history" subtype="text-constituted-from">
<head>Text constituted from</head>
<p>Transcription (Reynolds, Ward-Perkins)</p></div>

<div type="edition" lang="la">
<head lang="en">Text</head>

<div type="textpart" subtype="fragment" n="a">
<ab>
                  <lb n="1"/><persName type="attested"><name reg="Auguria" type="cognomen">Augu<lb n="2" type="worddiv"/>ria</name></persName>
               </ab></div>

<div type="textpart" subtype="fragment" n="b">
<ab>
                  <lb n="1"/><w lemma="multus"><expan><abbr>P</abbr><ex>lu</ex><abbr>s</abbr></expan></w> <w lemma="paruus"><expan><abbr>m</abbr><ex>inus</ex></expan></w>
                  <lb n="2"/><w lemma="qui">qui</w> <date dur="PY65"><w lemma="uiuo">bi<lb n="3" type="worddiv"/>xit</w> 
                  <w lemma="annus">ann<lb n="4" type="worddiv"/>os</w> <num value="65">LXV</num></date>
               </ab></div>

<div type="textpart" subtype="fragment" n="c">
<ab>
                 <persName type="attested"><name reg="Siddinpal" type="cognomen"><lb n="1" type="worddiv"/>Siddi<lb n="2" type="worddiv"/>npal<lb n="3" type="worddiv"/>ni</name></persName>
               </ab></div></div>

<div type="apparatus">
<head>Apparatus</head>
<p>
               <app loc="c 1"><note> Perhaps  <foreign lang="la">Siddinnipal</foreign></note></app>
            </p></div>

<div type="translation">
<head>Translation</head>
<p>a. Auguria</p><p>; b. who lived approximately 65 years</p><p>c. Sidinnipal <note>or Siddinipal</note></p></div>

<div type="commentary">
<head>Commentary</head>
<p>No comment.</p></div>

<div type="figure">
<head>Photographs</head><p>No photographs.</p></div></body></text></TEI.2>
