<?xml version="1.0" encoding="UTF-8"?>
<!DOCTYPE TEI.2 SYSTEM "http://www.stoa.org/epidoc/dtd/6/tei-epidoc.dtd">
<TEI.2 lang="en" id="IRT193"><teiHeader><fileDesc><titleStmt><title><rs type="textType">Christian</rs> <rs type="textType">funerary</rs> inscription</title><editor>J. M. Reynolds</editor><editor>J. B. Ward-Perkins</editor></titleStmt><publicationStmt>
<p>Creative Commons licence Attribution UK 2.0 (<xref>http://creativecommons.org/licenses/by/2.0/uk/</xref>). </p>
<p>All reuse or distribution of this work must contain somewhere a link back to the URL <xref>http://irt.kcl.ac.uk/</xref>
            </p></publicationStmt><sourceDesc>
<p>Republished from <bibl id="irt1952">
                  <author>J. M. Reynolds</author> and <author>J. B. Ward-Perkins</author>, <title level="m">The Inscriptions of Roman Tripolitania</title>, <pubPlace>Rome</pubPlace>: <publisher>British
                  School at Rome</publisher>, <date>1952</date>. </bibl>
            </p></sourceDesc></fileDesc><encodingDesc>
<p>Marked-up according to the EpiDoc Guidelines version 5 <xref>http://www.stoa.org/epidoc/gl/5/</xref>
         </p></encodingDesc><profileDesc><langUsage><language id="ar">Arabic</language><language id="en">English</language><language id="fr">French</language><language id="de">German</language><language id="grc">Ancient Greek</language><language id="grc-Latn">Transliterated Greek</language><language id="el">Modern Greek</language><language id="he">Hebrew</language><language id="it">Italian</language><language id="la">Latin</language><language id="phn-LY">Punic</language><language id="ber-Latn">Native Libyan language in Latin script</language></langUsage><textClass/><textClass><keywords><term>
                  <geogName type="ancientRegion" key="Tripolitania">Tripolitania</geogName>
               </term><term>
                  <geogName type="modernCountry" key="LY">Libya</geogName>
               </term><term>
                  <placeName type="modernFindspot" key="http://www.geonames.org/2208578/marsa-zawaghah.html">Marsa Zawaghah</placeName>
               </term></keywords></textClass></profileDesc><revisionDesc>
<change><date>2008-09-09</date><respStmt><name>ZA</name></respStmt><item>converted using CHET-C</item></change>
<change><date>2009-05-19</date><respStmt><name>RV</name></respStmt><item>Added Figures</item></change>
<change><date>2009-08-24</date><respStmt><name>RV</name></respStmt><item>Added Figures</item></change></revisionDesc></teiHeader><text><body>

<div type="description" subtype="monument">
<head>Description of Monument</head>
<p> Re-used <rs type="objectType">paving-slab</rs>
               (<rs type="dimensions">
                  <measure unit="metre" type="length" dim="width">0.40</measure>
                  <measure unit="metre" type="length" dim="height">0.64</measure></rs>) of <rs type="material">grey limestone</rs>.</p></div>

<div type="description" subtype="text">
<head>Description of Text</head>
<p>Inscribed on surviving face.</p></div>

<div type="description" subtype="letters">
<head>Description of Letters</head>
<p> Fifth-sixth century A.D.<measure from="0.045" to="0.07" unit="metre" type="length" dim="height">0.045-0.07</measure>; uncial Q. </p></div>

<div type="description" subtype="date">
<head>Date</head>
<p>
               <date type="textDate">Fifth-sixth century A.D.</date>
            (<rs type="criteria">context</rs>)</p></div>

<div type="history" subtype="locations">
<head>Locations</head>
<p>
               <rs type="found">
                  <placeName type="ancientFindspot" ref="http://atlantides.org/batlas/abrotonum-sabratha-35-e2" key="db659">Sabratha</placeName>:  In situ in the <rs type="monuList" key="db868">cemetery in the South Forum Portico</rs>. </rs>
            </p>
<p>
               <rs type="origLocation">Unknown</rs>
            </p>
<p>
               <rs type="lastLocation">Findspot</rs>
            </p></div>



<div type="bibliography">
<head>Bibliography</head>
<p><bibl><xptr from="basiliche"/>, <biblScope>no. 4.</biblScope></bibl></p></div>

<div type="history" subtype="text-constituted-from">
<head>Text constituted from</head>
<p>Transcription (Reynolds, Ward-Perkins)</p></div>

<div type="edition" lang="la">
<head lang="en">Text</head>
<ab>
               <lb n="1"/><foreign lang="grc">Α<g type="tau-rho"/>Ω</foreign> <w lemma="bonus"><expan><abbr>Bon</abbr><ex>a</ex><abbr>e</abbr></expan></w> 
               <w lemma="memoria">me<lb n="2" type="worddiv"/>moriae</w>
               <lb n="3"/><persName type="attested"><name reg="Angela" type="cognomen">Angelas</name></persName>
               <lb n="4"/>
               <w lemma="uiuo"><expan><abbr>bix</abbr><ex>it</ex></expan></w> 
               <w lemma="in"><supplied reason="lost">i</supplied>n</w> <w lemma="pax">pace</w>
               <lb n="5"/>
               <date dur="PY13"><w lemma="annus"><expan><abbr>an</abbr><ex>n</ex><abbr>os</abbr></expan></w> <num value="13">XIII</num></date>
               <lb n="6"/>
               <w lemma="multus"><expan><abbr>pl</abbr><ex>us</ex></expan></w> 
               <w lemma="paruus"><expan><abbr>m</abbr><ex>inus</ex></expan></w> 
               <w lemma="requiesco">requie<lb n="7" type="worddiv"/>bit</w> <w lemma="dies">die</w> <w lemma="calendae"><expan><abbr>cal</abbr><ex>endas</ex></expan></w> 
              <rs type="month" reg="Aprilis"><w lemma="aprilis">Ap<lb n="8" type="worddiv"/>riles</w></rs> <g type="spray"/>
            </ab></div>

<div type="translation">
<head>Translation</head>
<p>Alpha and Omega <note>for "the first and the last" </note>on either side of a monogram cross.</p><p> To the good memory of Angela; she lived in peace for approximately 13 years and went to rest on the first of April.</p></div>

<div type="commentary">
<head>Commentary</head>
<p>No comment.</p></div>

<div type="figure">
<head>Photographs</head>
<p>
<figure href="0227"><figDesc>Ward-Perkins Archive, BSR (BSR 47.VIII.35)</figDesc></figure>
<figure href="0228"><figDesc>Ward-Perkins Archive, BSR (BSR 47.VIII.35)</figDesc></figure></p></div></body></text></TEI.2>
