<?xml version="1.0" encoding="UTF-8"?>
<!DOCTYPE TEI.2 SYSTEM "http://www.stoa.org/epidoc/dtd/6/tei-epidoc.dtd">
<TEI.2 lang="en" id="IRT116"><teiHeader><fileDesc><titleStmt><title>Fragmentary <rs type="textType" cert="low">honours</rs></title><editor>J. M. Reynolds</editor><editor>J. B. Ward-Perkins</editor></titleStmt><publicationStmt>
<p>Creative Commons licence Attribution UK 2.0
                  (<xref>http://creativecommons.org/licenses/by/2.0/uk/</xref>). </p>
<p>All reuse or distribution of this work must contain somewhere a link back to the URL
                  <xref>http://irt.kcl.ac.uk/</xref>
            </p></publicationStmt><sourceDesc>
<p>Republished from <bibl id="irt1952">
                  <author>J. M. Reynolds</author> and <author>J. B. Ward-Perkins</author>, <title level="m">The Inscriptions of Roman Tripolitania</title>,
                  <pubPlace>Rome</pubPlace>: <publisher>British School at Rome</publisher>,
                     <date>1952</date>. </bibl>
            </p></sourceDesc></fileDesc><encodingDesc>
<p>Marked-up according to the EpiDoc Guidelines version 5
               <xref>http://www.stoa.org/epidoc/gl/5/</xref>
         </p></encodingDesc><profileDesc><langUsage><language id="ar">Arabic</language><language id="en">English</language><language id="fr">French</language><language id="de">German</language><language id="grc">Ancient Greek</language><language id="grc-Latn">Transliterated Greek</language><language id="el">Modern Greek</language><language id="he">Hebrew</language><language id="it">Italian</language><language id="la">Latin</language><language id="phn-LY">Punic</language><language id="ber-Latn">Native Libyan language in Latin script</language></langUsage><textClass/><textClass><keywords><term>
                  <geogName type="ancientRegion" key="Tripolitania">Tripolitania</geogName>
               </term><term>
                  <geogName type="modernCountry" key="LY">Libya</geogName>
               </term><term>
                  <placeName type="modernFindspot" key="http://www.geonames.org/2208578/marsa-zawaghah.html">Marsa Zawaghah</placeName>
               </term></keywords></textClass></profileDesc><revisionDesc>
<change><date>2008-09-09</date><respStmt><name>ZA</name></respStmt><item>converted using CHET-C</item></change>
<change><date>2009-05-19</date><respStmt><name>RV</name></respStmt><item>Added Figures</item></change>
<change><date>2009-08-24</date><respStmt><name>RV</name></respStmt><item>Added Figures</item></change></revisionDesc></teiHeader><text><body>

<div type="description" subtype="monument">
<head>Description of Monument</head>
<p> Three fragments probably, though not certainly, all from the same <rs type="material">marble</rs> <rs type="objectType">panel</rs>.</p></div>

<div type="description" subtype="text">
<head>Description of Text</head>
<p>Inscribed on one face.</p></div>

<div type="description" subtype="letters">
<head>Description of Letters</head>
<p>Lapidary capitals, not earlier than second century A.D.</p>
<p> a) <rs type="dimensions"><measure unit="metre" type="length" dim="width">0.65</measure><measure unit="metre" type="length" dim="height">0.46</measure></rs>, right-hand edge; lettering, <measure from="0.065" to="0.075" unit="metre" type="length" dim="height">0.065-0.075</measure>. </p>
<p> b) <rs type="dimensions"><measure unit="metre" type="length" dim="width">0.28</measure><measure unit="metre" type="length" dim="height">0.27</measure></rs>, left-hand edge; lettering: l. 1, <measure unit="metre" type="length" dim="height">0.08</measure>; l. 2, <measure unit="metre" type="length" dim="height">0.07</measure>; l. 3,
               decapitated.</p>
<p> c) <rs type="dimensions"><measure unit="metre" type="length" dim="width">0.19</measure><measure unit="metre" type="length" dim="height">0.30</measure></rs>, no edges surviving. Lettering: ll. 1-2, <measure unit="metre" type="length" dim="height">0.085</measure>; l. 3, <measure unit="metre" type="length" dim="height">0.07</measure>.</p></div>

<div type="description" subtype="date">
<head>Date</head>
<p>
               <date type="textDate" notBefore="0101" notAfter="0500" exact="none">not earlier than second century A.D.</date>
            (<rs type="criteria">lettering</rs>)</p></div>

<div type="history" subtype="locations">
<head>Locations</head>
<p>
               <rs type="found">
                  <placeName type="ancientFindspot" ref="http://atlantides.org/batlas/abrotonum-sabratha-35-e2" key="db659">Sabratha</placeName>:
                  <rs type="monuList" key="db832">Capitolium</rs>, found in the vaults; see <xref type="inscription">1</xref>, note 1.</rs>
            </p>
<p>
               <rs type="origLocation">Unknown</rs>
            </p>
<p>
               <rs type="lastLocation">Findspot</rs>
            </p></div>



<div type="bibliography">
<head>Bibliography</head>
<p>Not previously published.</p></div>

<div type="history" subtype="text-constituted-from">
<head>Text constituted from</head>
<p>Transcription (Reynolds, Ward-Perkins)</p></div>

<div type="edition" lang="la">
<head lang="en">Text</head>

<div type="textpart" subtype="fragment" n="a">
<ab>
                  <lb n="1"/>
                  <gap reason="lost" extent="unknown" unit="character"/><orig>la</orig><gap reason="lost" extent="unknown" unit="character"/>
                  <lb n="2"/>
                  <gap reason="lost" extent="unknown" unit="line"/>
                  <w lemma="ob"><supplied reason="lost">ob</supplied></w> 
                  <w lemma="honor"><supplied reason="lost">hon</supplied>orem</w> 
                  <w lemma="auguratus">augur<supplied reason="lost">atus</supplied></w>
                  <lb n="3"/><gap reason="lost" extent="unknown" unit="character"/>
                  <w lemma="summus"><supplied reason="lost">summ</supplied>ae</w> <w lemma="honorarius">honoraria<supplied reason="lost">e</supplied></w>
                  <lb n="4"/><gap reason="lost" extent="unknown" unit="character"/><w part="F">t</w> <w lemma="ex">ex</w> 
                  <w lemma="sestertius"><expan><abbr><am><g type="sestertius"/></am></abbr><ex>sestertiis</ex></expan></w> <num value="20000"><hi rend="supraline">XX</hi></num>
                     <w lemma="nummus"><expan><abbr>n</abbr><ex>ummum</ex></expan></w> 
                  <w lemma="pono">po<lb n="5" type="worddiv"/><supplied reason="lost">suit</supplied></w>
                  <gap reason="lost" extent="unknown" unit="character" id="gap1"/><certainty locus="#gi" target="gap1" degree="low"/><w part="F">t</w> 
                  <persName type="attested"><name reg="Flauius" type="gentilicium">Flauii</name> <name reg="Diodo" type="cognomen">Diodo</name></persName><g type="stop"/>
                  <lb n="6"/><gap reason="lost" extent="unknown" unit="character"/>
                     <w lemma="adicio"><supplied reason="lost">adi</supplied>ectis</w>
                  <w lemma="sestertius"><expan><abbr><am><g type="sestertius"/></am></abbr><ex>sestertiis</ex></expan></w> 
                  <num value="497000"><hi rend="supraline">IIID</hi></num> <w lemma="nummus"><expan><abbr>n</abbr><ex>ummum</ex></expan></w>
                  <lb n="7"/>
                  <gap reason="lost" extent="unknown" unit="line"/>
               </ab></div>

<div type="textpart" subtype="fragment" n="b">
<ab>
                  <lb n="1"/><w part="I">stat</w><gap reason="lost" extent="unknown" unit="character"/>
                  <lb n="2"/><w part="I">mar<unclear>c</unclear></w><gap reason="lost" extent="unknown" unit="character"/>
                  <lb n="3"/><orig><unclear>p</unclear></orig><gap reason="lost" extent="unknown" unit="character"/>
               </ab></div>

<div type="textpart" subtype="fragment" n="c">
<ab>
                  <lb n="1"/>
                  <gap reason="lost" extent="unknown" unit="character"/><w part="F">o</w> <w part="I">l</w><gap reason="lost" extent="unknown" unit="character"/>
                  <lb n="2"/>
                  <gap reason="lost" extent="unknown" unit="character"/><w part="F">m</w> <w part="I">qu</w><gap reason="lost" extent="unknown" unit="character"/>
                  <lb n="3"/>
                  <gap reason="lost" extent="unknown" unit="character"/><w part="F">s</w> <w part="I" lemma="ob">o<unclear>b</unclear></w><gap reason="lost" extent="unknown" unit="character"/>
               </ab></div></div>

<div type="apparatus">
<head>Apparatus</head>
<p>
               <app loc="a 6"><note>497,000.</note></app>
            </p></div>

<div type="translation">
<head>Translation</head>
<p>a. <gap reason="lost"/><supplied reason="lost">on account of</supplied>
   the honour of the augurate <gap reason="lost"/> of the sum paid for the office <gap reason="lost"/> from 20,000 
   sesterces ?he set it up <gap reason="lost"/> of Flavius Diodo <note>Perhaps Diodorus</note>
   <gap reason="lost"/> with 497,000 sesterces added</p> 
<p><note>b and c not usefully translatable</note> </p></div>

<div type="commentary">
<head>Commentary</head>
<p>No comment.</p></div>

<div type="figure">
<head>Photographs</head>
<p>
<figure href="0151"><figDesc>Ward-Perkins Archive, BSR (Sopr. CS 218)</figDesc></figure>
<figure href="0156"><figDesc>Ward-Perkins Archive, BSR (Sopr. DS 777 Leica)</figDesc></figure>
<figure href="0208"><figDesc>Ward-Perkins Archive, BSR (Sopr. CS 218)</figDesc></figure>
<figure href="0151"><figDesc>Ward-Perkins Archive, BSR (Sopr. CS 218)</figDesc></figure>
<figure href="0156"><figDesc>Ward-Perkins Archive, BSR (Sopr. DS 777 Leica)</figDesc></figure>
<figure href="0208"><figDesc>Ward-Perkins Archive, BSR (Sopr. CS 218)</figDesc></figure></p></div></body></text></TEI.2>
