<?xml version="1.0" encoding="UTF-8"?>
<!DOCTYPE TEI.2
  SYSTEM "http://www.stoa.org/epidoc/dtd/6/tei-epidoc.dtd">
<TEI.2 lang="en" id="IRT188"><teiHeader><fileDesc><titleStmt><title>Fragments</title><editor>J. M. Reynolds</editor><editor>J. B. Ward-Perkins</editor></titleStmt><publicationStmt>
<p>Creative Commons licence Attribution UK 2.0 (<xref>http://creativecommons.org/licenses/by/2.0/uk/</xref>). </p>
<p>All reuse or distribution of this work must contain somewhere a link back to the URL <xref>http://irt.kcl.ac.uk/</xref>
            </p></publicationStmt><sourceDesc>
<p>Republished from <bibl id="irt1952">
                  <author>J. M. Reynolds</author> and <author>J. B. Ward-Perkins</author>, <title level="m">The Inscriptions of Roman Tripolitania</title>, <pubPlace>Rome</pubPlace>: <publisher>British
                  School at Rome</publisher>, <date>1952</date>. </bibl>
            </p></sourceDesc></fileDesc><encodingDesc>
<p>Marked-up according to the EpiDoc Guidelines version 5 <xref>http://www.stoa.org/epidoc/gl/5/</xref>
         </p></encodingDesc><profileDesc><langUsage><language id="ar">Arabic</language><language id="en">English</language><language id="fr">French</language><language id="de">German</language><language id="grc">Ancient Greek</language><language id="grc-Latn">Transliterated Greek</language><language id="el">Modern Greek</language><language id="he">Hebrew</language><language id="it">Italian</language><language id="la">Latin</language><language id="phn-LY">Punic</language><language id="ber-Latn">Native Libyan language in Latin script</language></langUsage><textClass/><textClass><keywords><term>
                  <geogName type="ancientRegion" key="Tripolitania">Tripolitania</geogName>
               </term><term>
                  <geogName type="modernCountry" key="LY">Libya</geogName>
               </term><term>
                  <placeName type="modernFindspot" key="http://www.geonames.org/2208578/marsa-zawaghah.html">Marsa Zawaghah</placeName>
               </term></keywords></textClass></profileDesc><revisionDesc>
<change><date>2008-09-09</date><respStmt><name>ZA</name></respStmt><item>converted using CHET-C</item></change>
<change><date>2009-05-19</date><respStmt><name>RV</name></respStmt><item>Added Figures</item></change>
<change><date>2009-08-24</date><respStmt><name>RV</name></respStmt><item>Added Figures</item></change></revisionDesc></teiHeader><text><body>

<div type="description" subtype="monument">
<head>Description of Monument</head>
<p> Three fragments from a <rs type="objectType">panel</rs> of coarse <rs type="material">grey limestone</rs>,inscribed within a moulded border. 
               a) Probably from the top, <rs type="dimensions"><measure unit="metre" type="length" dim="width">0.08</measure><measure unit="metre" type="length" dim="height">0.06</measure><measure unit="metre" type="length" dim="depth">0.035</measure></rs>. 
               b) <rs type="dimensions"><measure unit="metre" type="length" dim="width">0.13</measure><measure unit="metre" type="length" dim="height">0.08</measure><measure unit="metre" type="length" dim="depth">0.035</measure></rs>, no edges surviving.
               c) The lower right-hand corner: <rs type="dimensions"><measure unit="metre" type="length" dim="width">0.18</measure><measure unit="metre" type="length" dim="height">0.19</measure><measure unit="metre" type="length" dim="depth">0.035</measure></rs>.</p></div>

<div type="description" subtype="text">
<head>Description of Text</head>
<p>Inscribed within a moulded border.</p></div>

<div type="description" subtype="letters">
<head>Description of Letters</head>
<p>Fourth century A.D. capitals: <measure unit="metre" type="length" dim="height">0.025</measure>.</p>
<p>a) <measure unit="metre" type="length" dim="height">0.04</measure>.</p>
<p>b) <measure unit="metre" type="length" dim="height">0.02</measure>.</p>
<p>c) <measure unit="metre" type="length" dim="height">0.025</measure>.</p></div>

<div type="description" subtype="date">
<head>Date</head>
<p>
               <date type="textDate" notBefore="0301" notAfter="0400" exact="none">Fourth century A.D.</date>
            (<rs type="criteria">lettering</rs>)</p></div>

<div type="history" subtype="locations">
<head>Locations</head>
<p>
               <rs type="found">
                  <placeName type="ancientFindspot" ref="http://atlantides.org/batlas/abrotonum-sabratha-35-e2" key="db659">Sabratha</placeName>:  Findspot unrecorded</rs>
            </p>
<p>
               <rs type="origLocation">Unknown</rs>
            </p>
<p>
               <rs type="lastLocation"> <rs type="monuList" key="db660">Sabratha Museum</rs>. </rs>
            </p></div>



<div type="bibliography">
<head>Bibliography</head>
<p>Not previously published.</p></div>

<div type="history" subtype="text-constituted-from">
<head>Text constituted from</head>
<p>Transcription (Reynolds, Ward-Perkins)</p></div>

<div type="edition" lang="la">
<head lang="en">Text</head>

<div type="textpart" subtype="fragment" n="a">
<ab>
               <lb n="1"/>
               <gap reason="lost" extent="unknown" unit="character"/><w part="M">im</w><gap reason="lost" extent="unknown" unit="character"/>
            </ab></div>

<div type="textpart" subtype="fragment" n="b">
<ab>
                  <lb n="1"/>
                  <gap reason="lost" extent="unknown" unit="character"/><w part="F">nione</w> <w lemma="et">et</w> 
                  <w part="I">d</w><gap reason="lost" extent="unknown" unit="character"/>
                  <lb n="2"/>
                  <gap reason="lost" extent="unknown" unit="character"/><orig>uss</orig><gap reason="lost" extent="unknown" unit="character"/>
               </ab></div>

<div type="textpart" subtype="fragment" n="c">
<ab>
                  <lb n="1"/>
                  <gap reason="lost" extent="unknown" unit="character"/><orig><unclear>ii</unclear>os<unclear>mn</unclear>n</orig>
                  <lb n="2"/>
                  <gap reason="lost" extent="unknown" unit="character"/><w part="F">iano</w> <w lemma="in">in</w> <w part="I">p</w>
                  <lb n="3"/>
                  <gap reason="lost" extent="unknown" unit="character"/><w part="F">unt</w>
               </ab></div></div>

<div type="apparatus">
<head>Apparatus</head>
<p>
               <app loc="c 1"><note>Clearly a ligature, but it is uncertain whether MN or NM is intended.</note></app>
            </p></div>

                  <div type="translation">
<head>Translation</head>
<p><note>Not usefully translatable.</note></p></div>

<div type="commentary">
<head>Commentary</head>
<p>No comment.</p></div>

<div type="figure">
<head>Photographs</head>
<p>
<figure href="0223"><figDesc>Ward-Perkins Archive, BSR (Sopr. DS 807 Leica (part))</figDesc></figure>
<figure href="0224"><figDesc>Ward-Perkins Archive, BSR (Sopr. DS 911 Leica)</figDesc></figure></p></div></body></text></TEI.2>