<?xml version="1.0" encoding="UTF-8"?>
<!DOCTYPE TEI.2 SYSTEM "http://www.stoa.org/epidoc/dtd/6/tei-epidoc.dtd">
<TEI.2 lang="en" id="IRT175"><teiHeader><fileDesc><titleStmt><title>Fragment</title><editor>J. M. Reynolds</editor><editor>J. B. Ward-Perkins</editor></titleStmt><publicationStmt>
<p>Creative Commons licence Attribution UK 2.0 (<xref>http://creativecommons.org/licenses/by/2.0/uk/</xref>). </p>
<p>All reuse or distribution of this work must contain somewhere a link back to the URL <xref>http://irt.kcl.ac.uk/</xref>
            </p></publicationStmt><sourceDesc>
<p>Republished from <bibl id="irt1952">
                  <author>J. M. Reynolds</author> and <author>J. B. Ward-Perkins</author>, <title level="m">The Inscriptions of Roman Tripolitania</title>, <pubPlace>Rome</pubPlace>: <publisher>British
                  School at Rome</publisher>, <date>1952</date>. </bibl>
            </p></sourceDesc></fileDesc><encodingDesc>
<p>Marked-up according to the EpiDoc Guidelines version 5 <xref>http://www.stoa.org/epidoc/gl/5/</xref>
         </p></encodingDesc><profileDesc><langUsage><language id="ar">Arabic</language><language id="en">English</language><language id="fr">French</language><language id="de">German</language><language id="grc">Ancient Greek</language><language id="grc-Latn">Transliterated Greek</language><language id="el">Modern Greek</language><language id="he">Hebrew</language><language id="it">Italian</language><language id="la">Latin</language><language id="phn-LY">Punic</language><language id="ber-Latn">Native Libyan language in Latin script</language></langUsage><textClass/><textClass><keywords><term>
                  <geogName type="ancientRegion" key="Tripolitania">Tripolitania</geogName>
               </term><term>
                  <geogName type="modernCountry" key="LY">Libya</geogName>
               </term><term>
                  <placeName type="modernFindspot" key="http://www.geonames.org/2208578/marsa-zawaghah.html">Marsa Zawaghah</placeName>
               </term></keywords></textClass></profileDesc><revisionDesc>
<change><date>2008-09-09</date><respStmt><name>ZA</name></respStmt><item>converted using CHET-C</item></change>
<change><date>2009-05-19</date><respStmt><name>RV</name></respStmt><item>Added Figures</item></change>
<change><date>2009-08-24</date><respStmt><name>RV</name></respStmt><item>Added Figures</item></change></revisionDesc></teiHeader><text><body>

<div type="description" subtype="monument">
<head>Description of Monument</head>
<p> Three pieces of a monumental <rs type="material">marble</rs> <rs type="objectType">panel</rs>.</p><p>a) <rs type="dimensions"><measure unit="metre" type="length" dim="width">0.21</measure><measure unit="metre" type="length" dim="height">0.11</measure></rs>, upper edge. b) <rs type="dimensions"><measure unit="metre" type="length" dim="width">0.54</measure><measure unit="metre" type="length" dim="height">0.36</measure></rs>, right hand edge. c) <rs type="dimensions"><measure unit="metre" type="length" dim="width">0.74</measure><measure unit="metre" type="length" dim="height">0.24</measure></rs>, lower edge. See also <xref type="inscription">176</xref></p>

</div>

<div type="description" subtype="text">
<head>Description of Text</head>
<p>Inscribed on the surviving faces.</p></div>

<div type="description" subtype="letters">
<head>Description of Letters</head>
<p>Second century, lapidary capitals, <measure unit="metre" type="length" dim="height">0.13</measure>.</p>
</div>

<div type="description" subtype="date">
<head>Date</head>
<p>
               <date type="textDate" notBefore="0101" notAfter="0200" exact="none">Second century A.D.</date>
            (<rs type="criteria">lettering</rs>)</p></div>

<div type="history" subtype="locations">
<head>Locations</head>
<p>
               <rs type="found">
                  <placeName type="ancientFindspot" ref="http://atlantides.org/batlas/abrotonum-sabratha-35-e2" key="db659">Sabratha</placeName>:
                  <rs type="monuList" key="db832">Capitolium</rs>, found in the vaults; see note on <xref type="inscription">1</xref>.</rs>
            </p>
<p>
               <rs type="origLocation">Unknown</rs>
            </p>
<p>
               <rs type="lastLocation">Findspot</rs>
            </p></div>



<div type="bibliography">
<head>Bibliography</head>
<p>Not previously published.</p></div>

<div type="history" subtype="text-constituted-from">
<head>Text constituted from</head>
<p>Transcription (Reynolds, Ward-Perkins)</p></div>

<div type="edition" lang="la">
<head lang="en">Text</head>

<div type="textpart" subtype="fragment" n="a">
<ab>
               <lb n="1"/>
               <gap reason="lost" extent="unknown" unit="character"/> <w part="I">c</w><gap reason="lost" extent="unknown" unit="character"/>
            </ab></div>

<div type="textpart" subtype="fragment" n="b">
<ab>
              <lb n="1"/>
               <gap reason="lost" extent="unknown" unit="character"/><orig>m<unclear>o</unclear></orig><gap reason="lost" extent="1" unit="character"/> 
               <lb n="2"/>
               <gap reason="lost" extent="unknown" unit="character"/><w part="I" lemma="marmor"><supplied reason="lost">ma</supplied>rmor</w><lb n="3" type="worddiv"/><gap reason="lost" extent="unknown" unit="character"/><w part="F">it</w> <w lemma="et">et</w> <w part="I"><unclear>e</unclear></w>
               </ab></div>

<div type="textpart" subtype="fragment" n="c">
<ab>
               <lb n="1"/>
               <gap reason="lost" extent="unknown" unit="character"/>
               <w part="I"><supplied reason="lost">e</supplied>xstrux</w><gap reason="lost" extent="unknown" unit="character"/>
                  </ab></div></div>

<div type="apparatus">
<head>Apparatus</head>
<p>
               <app loc="b 1"><note> Or C, G, or Q.</note></app>
            </p></div>

                  <div type="translation">
<head>Translation</head>
<p>b. <gap reason="lost"/> marble <gap reason="lost"/></p><p>c. <gap reason="lost"/>he/she/they constructed <gap reason="lost"/></p></div>

<div type="commentary">
<head>Commentary</head>
<p>No comment.</p></div>

<div type="figure">
<head>Photographs</head>
<p>
<figure href="0046"><figDesc>Ward-Perkins Archive, BSR (BSR 48.XXVII.13)</figDesc></figure>
<figure href="0096"><figDesc>Ward-Perkins Archive, BSR (Sopr. CS 220)</figDesc></figure>
<figure href="0157"><figDesc>Ward-Perkins Archive, BSR (Sopr CS 274 bis)</figDesc></figure>
<figure href="0211"><figDesc>Ward-Perkins Archive, BSR (BSR 48.XXVII.13 (part))</figDesc></figure>
<figure href="0212"><figDesc>Ward-Perkins Archive, BSR (Sopr CS 220 (part))</figDesc></figure>
<figure href="0213"><figDesc>Ward-Perkins Archive, BSR (Sopr CS 220 (part))</figDesc></figure></p></div></body></text></TEI.2>
