<?xml version="1.0" encoding="UTF-8"?>
<!DOCTYPE TEI.2 SYSTEM "http://www.stoa.org/epidoc/dtd/6/tei-epidoc.dtd">
<TEI.2 lang="en" id="IRT102"><teiHeader><fileDesc><titleStmt><title><rs type="textType">Honours</rs> for a third/fourth century praeses</title><editor>J. M. Reynolds</editor><editor>J. B. Ward-Perkins</editor></titleStmt><publicationStmt>
<p>Creative Commons licence Attribution UK 2.0 (<xref>http://creativecommons.org/licenses/by/2.0/uk/</xref>). </p>
<p>All reuse or distribution of this work must contain somewhere a link back to the URL <xref>http://irt.kcl.ac.uk/</xref>
            </p></publicationStmt><sourceDesc>
<p>Republished from <bibl id="irt1952">
                  <author>J. M. Reynolds</author> and <author>J. B. Ward-Perkins</author>, <title level="m">The Inscriptions of Roman Tripolitania</title>, <pubPlace>Rome</pubPlace>: <publisher>British
                  School at Rome</publisher>, <date>1952</date>. </bibl>
            </p></sourceDesc></fileDesc><encodingDesc>
<p>Marked-up according to the EpiDoc Guidelines version 5 <xref>http://www.stoa.org/epidoc/gl/5/</xref>
         </p></encodingDesc><profileDesc><langUsage><language id="ar">Arabic</language><language id="en">English</language><language id="fr">French</language><language id="de">German</language><language id="grc">Ancient Greek</language><language id="grc-Latn">Transliterated Greek</language><language id="el">Modern Greek</language><language id="he">Hebrew</language><language id="it">Italian</language><language id="la">Latin</language><language id="phn-LY">Punic</language><language id="ber-Latn">Native Libyan language in Latin script</language></langUsage><textClass/><textClass><keywords><term>
                  <geogName type="ancientRegion" key="Tripolitania">Tripolitania</geogName>
               </term><term>
                  <geogName type="modernCountry" key="LY">Libya</geogName>
               </term><term>
                  <placeName type="modernFindspot" key="http://www.geonames.org/2208578/marsa-zawaghah.html">Marsa Zawaghah</placeName>
               </term></keywords></textClass></profileDesc><revisionDesc>
<change><date>2008-09-09</date><respStmt><name>ZA</name></respStmt><item>converted using CHET-C</item></change>
<change><date>2009-05-19</date><respStmt><name>RV</name></respStmt><item>Added Figures</item></change>
<change><date>2009-08-24</date><respStmt><name>RV</name></respStmt><item>Added Figures</item></change></revisionDesc></teiHeader><text><body>

<div type="description" subtype="monument">
<head>Description of Monument</head>
<p> Fragment from the lower right-hand corner of a moulded <rs type="material">marble</rs> <rs type="objectType">base</rs>, (<rs type="dimensions"><measure unit="metre" type="length" dim="width">0.30</measure><measure unit="metre" type="length" dim="height">0.53</measure><measure unit="metre" type="length" dim="depth">0.60</measure></rs>). Measurements incomplete.</p></div>

<div type="description" subtype="text">
<head>Description of Text</head>
<p>Inscribed on one face.</p></div>

<div type="description" subtype="letters">
<head>Description of Letters</head>
<p><date type="textDate" notBefore="0201" notAfter="0400" exact="none">Third to fourth centuries A.D.</date> Capitals: <measure from="0.045" to="0.055" unit="metre" dim="height">0.045-0.055</measure>.</p></div>

<div type="description" subtype="date">
<head>Date</head>
<p>
               <date type="textDate" notBefore="0201" notAfter="0400" exact="none">Third to fourth centuries A.D.</date>
            (<rs type="criteria">lettering</rs>, <rs type="criteria">titulature</rs>)</p></div>

<div type="history" subtype="locations">
<head>Locations</head>
<p>
               <rs type="found">
                  <placeName type="ancientFindspot" ref="http://atlantides.org/batlas/abrotonum-sabratha-35-e2" key="db659">Sabratha</placeName>: 
                  <rs type="monuList" key="db844">Forum area</rs>, forum, in the North Portico. </rs>
            </p>
<p>
               <rs type="origLocation">Unknown</rs>
            </p>
<p>
               <rs type="lastLocation">Findspot</rs>
            </p></div>



<div type="bibliography">
<head>Bibliography</head>
<p>Not previously published.</p></div>

<div type="history" subtype="text-constituted-from">
<head>Text constituted from</head>
<p>Transcription (Reynolds, Ward-Perkins)</p></div>

<div type="edition" lang="la">
<head lang="en">Text</head>
<ab>
               <lb n="1"/>
               <gap reason="lost" extent="unknown" unit="character"/>
               <w lemma="praeses"><supplied reason="lost">pr</supplied>aesidi</w>
               <lb n="2"/><supplied reason="lost"><w lemma="prouincia"><expan><abbr>prou</abbr><ex>inciae</ex></expan></w> 
                  <placeName reg="Tripolitanus" type="ethnic"><expan><abbr>Trip</abbr><ex>olitanae</ex></expan></placeName></supplied>
               <supplied reason="lost"><w lemma="ordo">ordo</w></supplied> <w lemma="et">et</w> <w lemma="plebs">plebs</w> 
               <lb n="3"/>
               <gap reason="lost" extent="unknown" unit="character" extentmax="7"/>
               <placeName type="ethnic" reg="Sabrathensis"><expan><abbr><supplied reason="lost">Sabra</supplied>th</abbr><ex>ensium</ex></expan></placeName> 
               <w lemma="patronus">patron<supplied reason="lost">o</supplied></w> 
               <lb n="4"/>
               <w lemma="praesto"><supplied reason="lost">praestantis</supplied>simo</w> 
               <w lemma="statua">sta<unclear>tu</unclear><supplied reason="lost">am</supplied></w> 
               <lb n="5"/>
               <gap reason="lost" extent="unknown" unit="character" extentmax="6"/>
               <w lemma="curo"><supplied reason="lost">cura</supplied><unclear>n</unclear>te</w> 
               <persName type="attested"><name reg="Pompeius" type="gentilicium">Pompe<supplied reason="lost">io</supplied></name></persName> 
               <lb n="6"/>
               <gap reason="lost" extent="unknown" unit="character" extentmax="6"/>
               <w part="F"><unclear>i</unclear>o</w> <w lemma="uir"><expan><abbr>u</abbr><ex>iro</ex></expan></w> 
               <w lemma="perficio"><expan><abbr>p</abbr><ex>erfectissimo</ex></expan></w> <w lemma="curator">cu<supplied reason="lost">ratore</supplied></w> 
               <lb n="7"/>
               <w lemma="res"><supplied reason="lost">rei</supplied></w> 
               <w lemma="publicus"><expan><abbr>publ</abbr><ex>icae</ex></expan></w>
            </ab></div>



<div type="translation">
<head>Translation</head>
               <p>To <gap reason="lost"/> governor <supplied reason="lost">of the province of Tripolitania, the city council</supplied> and the people <gap reason="lost"/> of the Sabrathans, to an outstanding patron, a statue <gap reason="lost"/>; Pompeius <gap reason="lost"/>, excellent man <supplied reason="explanation">of equestrian status</supplied>, curator of the republic, took charge <supplied reason="lost">of its erection.</supplied></p></div>

<div type="commentary">
<head>Commentary</head>
<p>No comment.</p></div>

<div type="figure">
<head>Photographs</head>
<p>
<figure href="0131"><figDesc>Ward-Perkins Archive, BSR (Sopr. DS 905 Leica)</figDesc></figure></p></div></body></text></TEI.2>
