<?xml version="1.0" encoding="UTF-8"?>
<!DOCTYPE TEI.2 SYSTEM "http://www.stoa.org/epidoc/dtd/6/tei-epidoc.dtd">
<TEI.2 lang="en" id="IRT174"><teiHeader><fileDesc><titleStmt><title>Invocation</title><editor>J. M. Reynolds</editor><editor>J. B. Ward-Perkins</editor></titleStmt><publicationStmt>
<p>Creative Commons licence Attribution UK 2.0 (<xref>http://creativecommons.org/licenses/by/2.0/uk/</xref>). </p>
<p>All reuse or distribution of this work must contain somewhere a link back to the URL <xref>http://irt.kcl.ac.uk/</xref>
            </p></publicationStmt><sourceDesc>
<p>Republished from <bibl id="irt1952">
                  <author>J. M. Reynolds</author> and <author>J. B. Ward-Perkins</author>, <title level="m">The Inscriptions of Roman Tripolitania</title>, <pubPlace>Rome</pubPlace>: <publisher>British
                  School at Rome</publisher>, <date>1952</date>. </bibl>
            </p></sourceDesc></fileDesc><encodingDesc>
<p>Marked-up according to the EpiDoc Guidelines version 5 <xref>http://www.stoa.org/epidoc/gl/5/</xref>
         </p></encodingDesc><profileDesc><langUsage><language id="ar">Arabic</language><language id="en">English</language><language id="fr">French</language><language id="de">German</language><language id="grc">Ancient Greek</language><language id="grc-Latn">Transliterated Greek</language><language id="el">Modern Greek</language><language id="he">Hebrew</language><language id="it">Italian</language><language id="la">Latin</language><language id="phn-LY">Punic</language><language id="ber-Latn">Native Libyan language in Latin script</language></langUsage><textClass/><textClass><keywords><term>
                  <geogName type="ancientRegion" key="Tripolitania">Tripolitania</geogName>
               </term><term>
                  <geogName type="modernCountry" key="LY">Libya</geogName>
               </term><term>
                  <placeName type="modernFindspot" key="http://www.geonames.org/2208578/marsa-zawaghah.html">Marsa Zawaghah</placeName>
               </term></keywords></textClass></profileDesc><revisionDesc>
<change><date>2008-09-09</date><respStmt><name>ZA</name></respStmt><item>converted using CHET-C</item></change>
<change><date>2009-05-19</date><respStmt><name>RV</name></respStmt><item>Added Figures</item></change>
<change><date>2009-08-24</date><respStmt><name>RV</name></respStmt><item>Added Figures</item></change></revisionDesc></teiHeader><text><body>

<div type="description" subtype="monument">
<head>Description of Monument</head>
<p> <rs type="material">Mosaic</rs> <rs type="objectType">emblema</rs>, comprising an inscribed <rs type="decoration">tabella ansata</rs> 
            (die, <rs type="dimensions"><measure unit="metre" type="length" dim="width">0.54</measure><measure unit="metre" type="length" dim="height">0.45</measure></rs>)
             within a <rs type="decoration">wreath</rs>; the whole forming part of the late fourth century A.D. floor of a house behind the <rs type="monuList">Antonine Temple</rs>.</p></div>

<div type="description" subtype="text">
<head>Description of Text</head>
<p>Mosaic lettering</p></div>

<div type="description" subtype="letters">
<head>Description of Letters</head>
<p> Lettering: <measure unit="metre" type="length" dim="height">0.05</measure>.</p></div>

<div type="description" subtype="date">
<head>Date</head>
<p>
               <date type="textDate" notBefore="0368" notAfter="0400" exact="none">Late fourth century</date>
            (<rs type="criteria">lettering</rs>)</p></div>

<div type="history" subtype="locations">
<head>Locations</head>
<p>
               <rs type="found">
                  <placeName type="ancientFindspot" ref="http://atlantides.org/batlas/abrotonum-sabratha-35-e2" key="db659">Sabratha</placeName>:
                  Late Fourth century floor of a house behind the <rs type="monuList" key="db829">Antonine Temple</rs> (Reg. II, ins. 10, house G).</rs>
            </p>
<p>
               <rs type="origLocation">Unknown</rs>
            </p>
<p>
               <rs type="lastLocation">Findspot</rs>
            </p></div>



<div type="bibliography">
<head>Bibliography</head>
<p>Not previously published.</p></div>

<div type="history" subtype="text-constituted-from">
<head>Text constituted from</head>
<p>Transcription (Reynolds, Ward-Perkins)</p></div>

<div type="edition" lang="la">
<head lang="en">Text</head>
<ab>
               <lb n="1"/><w lemma="concedo">Concesit</w> <w lemma="fortuna">fort<supplied reason="lost">unam</supplied></w>  
               <lb n="2"/><w lemma="mihi">michi</w> <w lemma="tam">tam</w> <w lemma="gratus">gra<supplied reason="lost">to</supplied></w> 
               <lb n="3"/><w lemma="gratia">gratia</w> <w lemma="improbus">inprobi</w> 
               <w lemma="quis">qu<lb n="4" type="worddiv"/>id</w> <w lemma="prodo">prodes</w> <w lemma="qui">quod</w>
               <lb n="5"/><w lemma="meus">mea</w> <w lemma="fatum">fata</w> <gap reason="lost" extent="4" unit="character" extentmax="5"/><w part="F">ua</w>
               <lb n="6"/><w lemma="deus">deo</w> <w part="I">bos</w><gap reason="lost" extent="4" unit="character" extentmax="5"/><w part="F">atis</w>
               <lb n="7"/><w part="I">parc<unclear>i</unclear></w><gap reason="lost" extent="7" unit="character" extentmax="8"/><w part="F">aceatis</w>
            </ab></div>

<div type="apparatus">
<head>Apparatus</head>
<p>
               <app loc="6"><note> The sixth letter of this line is now destroyed, but appears in a photograph taken when first excavated; perhaps <foreign lang="la">suadeo bos</foreign> (for <foreign lang="la">vos</foreign>) <foreign lang="la">ut </foreign>...</note></app>
            </p></div>

                  <div type="translation">
<head>Translation</head>
<p> ? The gratitude of a criminal yielded fortune to me who am so grateful; what use are you? because my fates <gap reason="lost"/> ? I persuade you <gap reason="lost"/> sparing <note>plural</note><gap reason="lost"/></p><p><note><foreign lang="la">N.B.</foreign> I do not understand this text.</note></p></div>

<div type="commentary">
<head>Commentary</head>
<p>No comment.</p></div>

<div type="figure">
<head>Photographs</head>
<p>
<figure href="0209"><figDesc>Ward-Perkins Archive, BSR (Sopr. DS Leica 467 or 468)</figDesc></figure>
<figure href="0210"><figDesc>Ward-Perkins Archive, BSR (BSR 46.III.11)</figDesc></figure></p></div></body></text></TEI.2>
