<?xml version="1.0" encoding="UTF-8"?>
<!DOCTYPE TEI.2 SYSTEM "http://www.stoa.org/epidoc/dtd/6/tei-epidoc.dtd">
<TEI.2 lang="en" id="IRT111"><teiHeader><fileDesc><titleStmt><title><rs type="textType">Honours</rs> for L. Aemilius Quintus.</title><editor>J. M. Reynolds</editor><editor>J. B. Ward-Perkins</editor></titleStmt><publicationStmt>
<p>Creative Commons licence Attribution UK 2.0 (<xref>http://creativecommons.org/licenses/by/2.0/uk/</xref>). </p>
<p>All reuse or distribution of this work must contain somewhere a link back to the URL <xref>http://irt.kcl.ac.uk/</xref>
            </p></publicationStmt><sourceDesc>
<p>Republished from <bibl id="irt1952">
                  <author>J. M. Reynolds</author> and <author>J. B. Ward-Perkins</author>, <title level="m">The Inscriptions of Roman Tripolitania</title>, <pubPlace>Rome</pubPlace>: <publisher>British
                  School at Rome</publisher>, <date>1952</date>. </bibl>
            </p></sourceDesc></fileDesc><encodingDesc>
<p>Marked-up according to the EpiDoc Guidelines version 5 <xref>http://www.stoa.org/epidoc/gl/5/</xref>
         </p></encodingDesc><profileDesc><langUsage><language id="ar">Arabic</language><language id="en">English</language><language id="fr">French</language><language id="de">German</language><language id="grc">Ancient Greek</language><language id="grc-Latn">Transliterated Greek</language><language id="el">Modern Greek</language><language id="he">Hebrew</language><language id="it">Italian</language><language id="la">Latin</language><language id="phn-LY">Punic</language><language id="ber-Latn">Native Libyan language in Latin script</language></langUsage><textClass/><textClass><keywords><term>
                  <geogName type="ancientRegion" key="Tripolitania">Tripolitania</geogName>
               </term><term>
                  <geogName type="modernCountry" key="LY">Libya</geogName>
               </term><term>
                  <placeName type="modernFindspot" key="http://www.geonames.org/2208578/marsa-zawaghah.html">Marsa Zawaghah</placeName>
               </term></keywords></textClass></profileDesc><revisionDesc>
<change><date>2008-09-09</date><respStmt><name>ZA</name></respStmt><item>converted using CHET-C</item></change>
<change><date>2009-05-19</date><respStmt><name>RV</name></respStmt><item>Added Figures</item></change>
<change><date>2009-08-24</date><respStmt><name>RV</name></respStmt><item>Added Figures</item></change></revisionDesc></teiHeader><text><body>

<div type="description" subtype="monument">
<head>Description of Monument</head>
<p> Moulded <rs type="material">marble</rs> <rs type="objectType">base</rs> (<rs type="dimensions"><measure unit="metre" type="length" dim="width">0.75</measure><measure unit="metre" type="length" dim="height">1.40</measure><measure unit="metre" type="length" dim="depth">0.70</measure></rs>).</p></div>

<div type="description" subtype="text">
<head>Description of Text</head>
<p>Reinscribed on one face, from which a previous inscription has been erased. The first line is cut above the die</p></div>

<div type="description" subtype="letters">
<head>Description of Letters</head>
<p>Fourth century A.D. capitals: l. 1, <measure unit="metre" type="length" dim="height">0.07</measure>; <measure from="0.04" to="0.05" unit="metre" type="length" dim="height">0.04-0.05</measure>. Height not complete.</p></div>

<div type="description" subtype="date">
<head>Date</head>
<p>
               <date type="textDate" notBefore="0301" notAfter="0400" exact="none">Fourth century A.D.</date>
            (<rs type="criteria">lettering</rs>)</p></div>

<div type="history" subtype="locations">
<head>Locations</head>
<p>
               <rs type="found">
                  <placeName type="ancientFindspot" ref="http://atlantides.org/batlas/abrotonum-sabratha-35-e2" key="db659">Sabratha</placeName>:
                  <rs type="monuList" key="db840">Curia</rs>, in situ in front of the entrance. </rs>
            </p>
<p>
               <rs type="origLocation">Unknown</rs>
            </p>
<p>
               <rs type="lastLocation">Findspot</rs>
            </p></div>


<div type="bibliography">
<head>Bibliography</head>
<p><bibl><author>Bartoccini</author>, <xptr from="quaderni"/> <biblScope>I:36</biblScope></bibl>;
               <bibl><xptr from="ae"/> <biblScope>1950:149</biblScope></bibl>.</p></div>

<div type="history" subtype="text-constituted-from">
<head>Text constituted from</head>
<p>Transcription (Reynolds, Ward-Perkins)</p></div>

<div type="edition" lang="la">
<head lang="en">Text</head>
<ab>
               <lb n="1"/> 
               <persName type="attested"><name reg="Lucius" type="praenomen"><expan><abbr>L</abbr><ex>uci</ex></expan></name> <name reg="Aemilius" type="gentilicium">Aemili</name> <name reg="Quintus" type="cognomen">Quinti</name></persName> 
               <w lemma="flamen"><expan><abbr>fl</abbr><ex>aminis</ex></expan></w> 
               <expan><abbr><unclear>p</unclear></abbr><ex>er</ex><abbr><unclear>p</unclear></abbr><ex>etui</ex></expan>
               <lb n="2"/><w lemma="qui">quod</w> <w lemma="labor">laborem</w> <w lemma="continuus">continu<supplied reason="omitted">u</supplied>m</w>
               <lb n="3"/><w lemma="pro">pro</w> <w lemma="prouincia">prouinciae</w> <w lemma="suus">suae</w>
               <lb n="4"/><w lemma="necessitas">necessitate</w> <w lemma="sustineo">sustinuit</w>
               <lb n="5"/><w lemma="et">et</w> <w lemma="qui">quod</w> <w lemma="miseria">miserias</w> 
               <w lemma="communis">com<lb n="6" type="worddiv"/>munes</w> <w lemma="sacer">sacris</w> <w lemma="auris"><expan><abbr>aurib</abbr><ex>us</ex></expan></w>
               <lb n="7"/><w lemma="intimo">intimabit</w> <w lemma="et">et</w> <w lemma="remedium">remedium</w>
               <lb n="8"/><w lemma="mereo">meruit</w> <w lemma="ordo">ordo</w> <w lemma="et">et</w> <w lemma="populus"><expan><abbr>popul</abbr><ex>us</ex></expan></w>
               <lb n="9"/><w lemma="splendidus">splendidae</w> <w lemma="colonia"><expan><abbr>col</abbr><ex>oniae</ex></expan></w> 
               <placeName type="ethnic" reg="Sabrathensis"><expan><abbr>Sabrat</abbr><ex>hensis</ex></expan></placeName>
               <lb n="10"/><w lemma="secundus">secundum</w> <w lemma="decerno">decreta</w> <w lemma="totus">totius</w>
               <lb n="11"/>
               <w lemma="prouincia"><expan><abbr>prouinc</abbr><ex>iae</ex></expan></w> 
               <w lemma="dedico"><expan><abbr>dedic</abbr><ex>auerunt</ex></expan></w> 
               <w lemma="curo"><expan><abbr>cur</abbr><ex>ante</ex></expan></w> 
               <lb n="12"/><persName type="attested"><name reg="Flauius" type="gentilicium"><expan><abbr>Fl</abbr><ex>auio</ex></expan></name> <name reg="Venantius" type="cognomen">Venantio</name></persName></ab></div>


<div type="translation">
<head>Translation</head>
<p><supplied reason="subaudible">In honour</supplied> of Lucius Aemilius Quintus, perpetual flamen <note>priest</note>, because he made continual effort to meet the needs of his province and because he brought  its shared misfortunes to the sacred <note>i.e. imperial</note> ears and obtained a remedy; the city council and the people of the splendid colony of Sabratha, in accordance with the decrees of the whole province, dedicated <supplied reason="subaudible">this</supplied>; Flavius Venantius took charge <supplied reason="subaudible">of the work</supplied>.</p></div>

<div type="commentary">
<head>Commentary</head>
<p>l. 1 <foreign lang="la"><expan><abbr>L</abbr><ex>ucius</ex></expan> Aemilius Quintus</foreign>. 
               Also in CIL VIII 27, ll. 1, 6-10, at Gigthis, dated between 383 and 388; and in <xref type="inscription">588</xref>, ll. 1- 6.</p>
<p>l. 8. See also CIL VIII 27, ll. 6-8, 
               <foreign lang="la">ob meritum <expan><abbr>magnific</abbr><ex>a</ex><abbr>e</abbr></expan> 
                  legationis quam pro uoto totius prouinciae executus est</foreign>; and <xref type="inscription">588</xref>, ll. 2-4. </p></div>

<div type="figure">
<head>Photographs</head>
<p>
<figure href="0148"><figDesc>Ward-Perkins Archive, BSR (Sopr. CLM 309)</figDesc></figure></p></div></body></text></TEI.2>
