<?xml version="1.0" encoding="UTF-8"?>
<!DOCTYPE TEI.2 SYSTEM "http://www.stoa.org/epidoc/dtd/6/tei-epidoc.dtd">
<TEI.2 lang="en" id="IRT125"><teiHeader><fileDesc><titleStmt><title><rs type="textType">Honours</rs> for C. Flavius Pudens</title><editor>J. M. Reynolds</editor><editor>J. B. Ward-Perkins</editor></titleStmt><publicationStmt>
<p>Creative Commons licence Attribution UK 2.0 (<xref>http://creativecommons.org/licenses/by/2.0/uk/</xref>). </p>
<p>All reuse or distribution of this work must contain somewhere a link back to the URL <xref>http://irt.kcl.ac.uk/</xref>
            </p></publicationStmt><sourceDesc>
<p>Republished from <bibl id="irt1952">
                  <author>J. M. Reynolds</author> and <author>J. B. Ward-Perkins</author>, <title level="m">The Inscriptions of Roman Tripolitania</title>, <pubPlace>Rome</pubPlace>: <publisher>British
                  School at Rome</publisher>, <date>1952</date>. </bibl>
            </p></sourceDesc></fileDesc><encodingDesc>
<p>Marked-up according to the EpiDoc Guidelines version 5 <xref>http://www.stoa.org/epidoc/gl/5/</xref>
         </p></encodingDesc><profileDesc><langUsage><language id="ar">Arabic</language><language id="en">English</language><language id="fr">French</language><language id="de">German</language><language id="grc">Ancient Greek</language><language id="grc-Latn">Transliterated Greek</language><language id="el">Modern Greek</language><language id="he">Hebrew</language><language id="it">Italian</language><language id="la">Latin</language><language id="phn-LY">Punic</language><language id="ber-Latn">Native Libyan language in Latin script</language></langUsage><textClass/><textClass><keywords><term>
                  <geogName type="ancientRegion" key="Tripolitania">Tripolitania</geogName>
               </term><term>
                  <geogName type="modernCountry" key="LY">Libya</geogName>
               </term><term>
                  <placeName type="modernFindspot" key="http://www.geonames.org/2208578/marsa-zawaghah.html">Marsa Zawaghah</placeName>
               </term></keywords></textClass></profileDesc><revisionDesc>
<change><date>2008-09-09</date><respStmt><name>ZA</name></respStmt><item>converted using CHET-C</item></change>
<change><date>2009-05-19</date><respStmt><name>RV</name></respStmt><item>Added Figures</item></change>
<change><date>2009-08-24</date><respStmt><name>RV</name></respStmt><item>Added Figures</item></change></revisionDesc></teiHeader><text><body>

<div type="description" subtype="monument">
<head>Description of Monument</head>
<p>Rectangular <rs type="objectType">base</rs> (<rs type="dimensions"><measure unit="metre" type="length" dim="width">0.52</measure><measure unit="metre" type="length" dim="height">1.08</measure><measure unit="metre" type="length" dim="depth">0.52</measure></rs>) of coarse <rs type="material">grey limestone</rs>, uniform with <xref type="inscription">118</xref>, <xref type="inscription">119</xref>, <xref type="inscription">120</xref>, <xref type="inscription">121</xref>, <xref type="inscription">122</xref>, <xref type="inscription">123</xref>, <xref type="inscription">124</xref>.</p></div>

<div type="description" subtype="text">
<head>Description of Text</head>
<p>Inscribed on one face within a moulded panel (die, <rs type="dimensions"><measure unit="metre" type="length" dim="width">0.24</measure><measure unit="metre" type="length" dim="height">0.64</measure></rs>).</p></div>

<div type="description" subtype="letters">
<head>Description of Letters</head>
<p>Local second to third century A.D. capitals with some Rustic forms: <measure from="0.035" to="0.045" unit="metre" type="length" dim="height">0.035-0.045</measure>.</p></div>

<div type="description" subtype="date">
<head>Date</head>
<p>
               <date type="textDate" notBefore="0101" notAfter="0300" exact="none">Second to third centuries A.D.</date>
            (<rs type="criteria">lettering</rs>).</p></div>

<div type="history" subtype="locations">
<head>Locations</head>
<p>
               <rs type="found">
                  <placeName type="ancientFindspot" ref="http://atlantides.org/batlas/abrotonum-sabratha-35-e2" key="db659">Sabratha</placeName>:
                  Found opposite the <rs type="monuList" key="db829">Antonine Temple</rs>, now placed on a moulded base within the adjacent fountain.</rs>
            </p>
<p>
               <rs type="origLocation">Unknown</rs>
            </p>
<p>
               <rs type="lastLocation">Findspot</rs>
            </p></div>



<div type="bibliography">
<head>Bibliography</head>
<p>Not previously published.</p></div>

<div type="history" subtype="text-constituted-from">
<head>Text constituted from</head>
<p>Transcription (Reynolds, Ward-Perkins)</p></div>

<div type="edition" lang="la">
<head lang="en">Text</head>
<ab>
               <lb n="1"/>
               <persName type="attested"><name reg="Caius" type="praenomen"><expan><abbr>C</abbr><ex>aio</ex></expan></name> 
               <name reg="Flauius" type="gentilicium"><expan><abbr>Fl</abbr><ex>auio</ex></expan></name> 
               <persName type="attested"><name reg="Quintus" type="praenomen"><expan><abbr>Q</abbr><ex>uinti</ex></expan></name></persName> 
               <w lemma="filius"><expan><abbr>fil</abbr><ex>io</ex></expan></w>
               <lb n="2"/><name type="tribe" reg="Papiria"><w lemma="tribus"><expan><abbr>Pap</abbr><ex>iria tribu</ex></expan></w></name> 
               <name reg="Pudens" type="cognomen">Puden<lb n="3" type="worddiv"/>ti</name></persName> <w lemma="flamen">flamini</w>
               <lb n="4"/><w lemma="perpetuus"><expan><abbr>perpet</abbr><ex>uo</ex></expan></w>
               <lb n="5"/><supplied reason="lost"><w lemma="curia">Curia</w></supplied> 
               <gap reason="lost" extent="unknown" unit="character" id="gap1"/><certainty locus="#gi" target="gap1" degree="low"/>
               <lb n="6"/><gap reason="lost" extent="unknown" unit="character" id="gap2"/><certainty locus="#gi" target="gap2" degree="low"/>
               <supplied reason="lost"><w lemma="ob">ob</w></supplied> <supplied reason="lost"><w lemma="mereo">merita</w></supplied>
            </ab></div>



                  <div type="translation">
<head>Translation</head>
<p>To Caius Flavius Pudens, son of Quintus, of the Roman voting tribe Papiria,
                     perpetual flamen <supplied reason="subaudible">priest</supplied>, <supplied reason="lost">the Curia <note>name lost</note>, on account of his merits.</supplied></p></div>

<div type="commentary">
<head>Commentary</head>
<p>ll. 1-3. <foreign lang="la"><persName type="attested"><name>Caius</name> <name>Flauius</name> <name>Pudens</name></persName></foreign>. 
               Also in  <xref type="inscription">117</xref>, <xref type="inscription">118</xref>, <xref type="inscription">119</xref>, <xref type="inscription">120</xref>, <xref type="inscription">121</xref>, <xref type="inscription">122</xref>, <xref type="inscription">123</xref>, <xref type="inscription">124</xref>.</p></div>

<div type="figure">
<head>Photographs</head>
<p>
<figure href="0165"><figDesc>Ward-Perkins Archive, BSR (BSR 46.V.9)</figDesc></figure>
<figure href="0166"><figDesc>Ward-Perkins Archive, BSR (BSR 47.VIII.27)</figDesc></figure></p></div></body></text></TEI.2>
