<?xml version="1.0" encoding="UTF-8"?>
<!DOCTYPE TEI.2 SYSTEM "http://www.stoa.org/epidoc/dtd/6/tei-epidoc.dtd">
<TEI.2 lang="en" id="IRT104"><teiHeader><fileDesc><titleStmt><title><rs type="textType">Honours</rs> for a fourth century official</title><editor>J. M. Reynolds</editor><editor>J. B. Ward-Perkins</editor></titleStmt><publicationStmt>
<p>Creative Commons licence Attribution UK 2.0 (<xref>http://creativecommons.org/licenses/by/2.0/uk/</xref>). </p>
<p>All reuse or distribution of this work must contain somewhere a link back to the URL <xref>http://irt.kcl.ac.uk/</xref>
            </p></publicationStmt><sourceDesc>
<p>Republished from <bibl id="irt1952">
                  <author>J. M. Reynolds</author> and <author>J. B. Ward-Perkins</author>, <title level="m">The Inscriptions of Roman Tripolitania</title>, <pubPlace>Rome</pubPlace>: <publisher>British
                  School at Rome</publisher>, <date>1952</date>. </bibl>
            </p></sourceDesc></fileDesc><encodingDesc>
<p>Marked-up according to the EpiDoc Guidelines version 5 <xref>http://www.stoa.org/epidoc/gl/5/</xref>
         </p></encodingDesc><profileDesc><langUsage><language id="ar">Arabic</language><language id="en">English</language><language id="fr">French</language><language id="de">German</language><language id="grc">Ancient Greek</language><language id="grc-Latn">Transliterated Greek</language><language id="el">Modern Greek</language><language id="he">Hebrew</language><language id="it">Italian</language><language id="la">Latin</language><language id="phn-LY">Punic</language><language id="ber-Latn">Native Libyan language in Latin script</language></langUsage><textClass/><textClass><keywords><term>
                  <geogName type="ancientRegion" key="Tripolitania">Tripolitania</geogName>
               </term><term>
                  <geogName type="modernCountry" key="LY">Libya</geogName>
               </term><term>
                  <placeName type="modernFindspot" key="http://www.geonames.org/2208578/marsa-zawaghah.html">Marsa Zawaghah</placeName>
               </term></keywords></textClass></profileDesc><revisionDesc>
<change><date>2008-09-09</date><respStmt><name>ZA</name></respStmt><item>converted using CHET-C</item></change>
<change><date>2009-05-19</date><respStmt><name>RV</name></respStmt><item>Added Figures</item></change>
<change><date>2009-08-24</date><respStmt><name>RV</name></respStmt><item>Added Figures</item></change></revisionDesc></teiHeader><text><body>

<div type="description" subtype="monument">
<head>Description of Monument</head>
<p> Moulded <rs type="objectType">base</rs> (<rs type="dimensions"><measure dim="width">0.60</measure><measure dim="height">1.30</measure><measure dim="depth">0.75</measure></rs>) of <rs type="material">brown limestone</rs>, much damaged.</p></div>

<div type="description" subtype="text">
<head>Description of Text</head>
<p>Inscribed on one face within a recessed panel (die, <rs type="dimensions"><measure dim="width">0.45</measure><measure dim="height">0.75</measure></rs>). The first two lines are cut above the die.</p></div>

<div type="description" subtype="letters">
<head>Description of Letters</head>
<p><date type="textDate" notBefore="0301" notAfter="0400" exact="none">Fourth century A.D.</date> capitals: l.1, <measure dim="height">0.07</measure>; remainder, av. <measure dim="height">0.04</measure>.</p></div>

<div type="description" subtype="date">
<head>Date</head>
<p>
               <date type="textDate" notBefore="0301" notAfter="0400" exact="none">Fourth century A.D.</date> (<rs type="criteria">lettering</rs>)
            </p></div>

<div type="history" subtype="locations">
<head>Locations</head>
<p>
               <rs type="found">
                  <placeName type="ancientFindspot" ref="http://atlantides.org/batlas/abrotonum-sabratha-35-e2" key="db659">Sabratha</placeName>:
                  <rs type="monuList" key="db844">Forum area</rs>, forum, at the E end of the S portico.</rs>
            </p>
<p>
               <rs type="origLocation">Unknown</rs>
            </p>
<p>
               <rs type="lastLocation">Findspot</rs>
            </p></div>


<div type="bibliography">
<head>Bibliography</head>
<p>Not previously published.</p></div>

<div type="history" subtype="text-constituted-from">
<head>Text constituted from</head>
<p>Transcription (Reynolds, Ward-Perkins)</p></div>

<div type="edition" lang="la">
<head lang="en">Text</head>
<ab>
               <lb n="1"/>
               <gap reason="lost" extent="unknown" unit="character"/>
               <w part="F"><unclear>t</unclear>ii</w> <w lemma="uir"><expan><abbr>u</abbr><ex>iri</ex></expan></w> 
               <w lemma="perficio"><expan><abbr>p</abbr><ex>erfectissimi</ex></expan></w> 
               <lb n="2"/>
               <gap reason="lost" extent="unknown" unit="character"/>
               <w lemma="integritas"><supplied reason="lost">integ</supplied>ritatis</w> <w lemma="religio">religione</w> 
               <lb n="3"/>
               <gap reason="lost" extent="unknown" unit="character"/><orig><unclear>n</unclear>ti<unclear>f</unclear></orig><gap reason="lost" extent="unknown" unit="character"/>
               <lb n="4"/><gap reason="lost" extent="unknown" unit="character"/><w part="M" lemma="se">se</w>
               <lb n="5"/><gap reason="lost" extent="unknown" unit="line" id="gap1"/><certainty locus="#gi" target="gap1" degree="low"/>
               <lb n="6"/><gap reason="lost" extent="unknown" unit="character"/><w part="M">u</w>
               <lb n="7"/><gap reason="lost" extent="unknown" unit="character"/> <w lemma="ob">ob</w>
               <lb n="8"/><gap reason="lost" extent="unknown" unit="line" id="gap2"/><certainty locus="#gi" target="gap2" degree="low"/>
               <lb n="9"/><gap reason="lost" extent="unknown" unit="line" id="gap3"/><certainty locus="#gi" target="gap3" degree="low"/>
               <lb n="10"/>
               <supplied reason="lost"><w lemma="ordo">ordo</w> <w lemma="et">et</w></supplied>
               <w lemma="populus"><supplied reason="lost">popu</supplied>lus</w> <w lemma="colonia">colo<supplied reason="lost">niae</supplied></w>
               <supplied reason="lost"><placeName reg="Sabrathensis"><expan><abbr>Sabr</abbr><ex>athensis</ex></expan></placeName></supplied> 
               <lb n="11"/><gap reason="lost" extent="4" unit="character" precision="circa"/>
               <w lemma="publice"><supplied reason="lost">publi</supplied>ce</w> <w lemma="pono">posuit</w><gap reason="lost" extent="7" unit="character" precision="circa"/>
               <lb n="12"/>
               <gap reason="lost" extent="1" unit="character"/>
               <w lemma="curo"><supplied reason="lost">cur</supplied>ante</w> 
               <persName type="attested"><name reg="Caius" type="praenomen"><expan><abbr>C</abbr><ex>aio</ex></expan></name> 
               <name reg="Aurelius" type="gentilicium">Aurelio</name> <name reg="Felicianus" type="cognomen">Felici<unclear>ano</unclear></name>
               <lb n="13"/>
               <name reg="Damasius" type="cognomen"><unclear>D</unclear><supplied reason="lost">a</supplied>masio</name></persName> 
               <w lemma="flamen"><expan><abbr>fl</abbr><ex>amine</ex></expan></w> 
               <w lemma="perpetuus"><expan><abbr>p</abbr><ex>er</ex><abbr>p</abbr><ex>etuo</ex></expan></w> 
               <w lemma="sacerdos"><expan><abbr>sac</abbr><ex>erdote</ex></expan></w> <persName type="divine" reg="Hercules"><w lemma="deus">dei</w> <name reg="Hercules" type="cognomen">Herculis</name></persName>
               <lb n="14"/><w lemma="quinquennalis"><expan><abbr>q</abbr><ex>uin</ex><abbr>q</abbr><ex>uennale</ex></expan></w> <w lemma="curator">curatore</w> <w lemma="res">rei</w> <w lemma="publicus">publicae</w>
               <lb n="15"/><w lemma="feliciter">feliciter</w></ab></div>

<div type="translation">
<head>Translation</head>
<p><supplied reason="lost">In honour</supplied> of <gap reason="lost"/>tius, excellent man <supplied reason="explanation">of
      equestrian status </supplied>, <gap reason="lost"/> of integrity, with <note>or by</note> conscientiousness, <gap reason="lost"/>; <note>l.10</note><supplied reason="lost">the city council and the</supplied> people of the colony <supplied reason="lost">of Sabratha</supplied><gap reason="lost"/> set this up publicly <gap reason="lost"/>; Caius Aurelius Felicianus Damasius, perpetual flamen <note>priest</note>, priest of the god Hercules, duovir in a fifth year, curator of the public affairs. With good fortune.</p></div>

<div type="commentary">
<head>Commentary</head>
<p>No comment.</p></div>

<div type="figure">
<head>Photographs</head>
<p>
<figure href="0137"><figDesc>Ward-Perkins Archive, BSR (BSR 48.XI.21)</figDesc></figure>
<figure href="0138"><figDesc>Ward-Perkins Archive, BSR (BSR 48.XI.20)</figDesc></figure>
<figure href="0139"><figDesc>Ward-Perkins Archive, BSR (BSR 47.VII.27)</figDesc></figure></p></div></body></text></TEI.2>
