<?xml version="1.0" encoding="UTF-8"?>
<!DOCTYPE TEI.2 SYSTEM "http://www.stoa.org/epidoc/dtd/6/tei-epidoc.dtd">
<TEI.2 lang="en" id="IRT114"><teiHeader><fileDesc><titleStmt><title><rs type="textType">Funerary</rs> inscription for Flacianus</title><editor>J. M. Reynolds</editor><editor>J. B. Ward-Perkins</editor></titleStmt><publicationStmt>
<p>Creative Commons licence Attribution UK 2.0 (<xref>http://creativecommons.org/licenses/by/2.0/uk/</xref>). </p>
<p>All reuse or distribution of this work must contain somewhere a link back to the URL <xref>http://irt.kcl.ac.uk/</xref>
            </p></publicationStmt><sourceDesc>
<p>Republished from <bibl id="irt1952">
                  <author>J. M. Reynolds</author> and <author>J. B. Ward-Perkins</author>, <title level="m">The Inscriptions of Roman Tripolitania</title>, <pubPlace>Rome</pubPlace>: <publisher>British
                  School at Rome</publisher>, <date>1952</date>. </bibl>
            </p></sourceDesc></fileDesc><encodingDesc>
<p>Marked-up according to the EpiDoc Guidelines version 5 <xref>http://www.stoa.org/epidoc/gl/5/</xref>
         </p></encodingDesc><profileDesc><langUsage><language id="ar">Arabic</language><language id="en">English</language><language id="fr">French</language><language id="de">German</language><language id="grc">Ancient Greek</language><language id="grc-Latn">Transliterated Greek</language><language id="el">Modern Greek</language><language id="he">Hebrew</language><language id="it">Italian</language><language id="la">Latin</language><language id="phn-LY">Punic</language><language id="ber-Latn">Native Libyan language in Latin script</language></langUsage><textClass/><textClass><keywords><term>
                  <geogName type="ancientRegion" key="Tripolitania">Tripolitania</geogName>
               </term><term>
                  <geogName type="modernCountry" key="LY">Libya</geogName>
               </term><term>
                  <placeName type="modernFindspot" key="http://www.geonames.org/2208578/marsa-zawaghah.html">Marsa Zawaghah</placeName>
               </term></keywords></textClass></profileDesc><revisionDesc>
<change><date>2008-09-09</date><respStmt><name>ZA</name></respStmt><item>converted using CHET-C</item></change>
<change><date>2009-05-19</date><respStmt><name>RV</name></respStmt><item>Added Figures</item></change>
<change><date>2009-08-24</date><respStmt><name>RV</name></respStmt><item>Added Figures</item></change></revisionDesc></teiHeader><text><body>

<div type="description" subtype="monument">
<head>Description of Monument</head>
<p>Part of a <rs type="material">white marble</rs> <rs type="objectType">sarcophagus</rs> lid (<rs type="dimensions"><measure unit="metre" type="length" dim="width">0.41</measure><measure unit="metre" type="length" dim="height">0.22</measure><measure unit="metre" type="length" dim="depth">0.05</measure></rs>), width incomplete. With a <rs type="decoration">winged genius</rs> (L) upholding an inscribed panel . A second fragment portrays the <rs type="decoration">legs of the second supporting figure</rs>.</p></div>

<div type="description" subtype="text">
<head>Description of Text</head>
<p>Inscribed (<rs type="dimensions"><measure unit="metre" type="length" dim="height">0.10</measure></rs>).</p></div>

<div type="description" subtype="letters">
<head>Description of Letters</head>
<p>Third century A.D. capitals <measure from="0.015" to="0.018" unit="metre" type="length" dim="height">0.015-0.018</measure>.</p></div>

<div type="description" subtype="date">
<head>Date</head>
<p>
               <date type="textDate" notBefore="0201" notAfter="0300" exact="none">Third century A.D.</date>
            (<rs type="criteria">lettering</rs>)</p></div>

<div type="history" subtype="locations">
<head>Locations</head>
<p>
               <rs type="found">
                  <placeName type="ancientFindspot" ref="http://atlantides.org/batlas/abrotonum-sabratha-35-e2" key="db659">Sabratha</placeName>:  Findspot unrecorded</rs>
            </p>
<p>
               <rs type="origLocation">Unknown</rs>
            </p>
<p>
               <rs type="lastLocation"><rs type="monuList" key="db660">Sabratha Museum</rs>.</rs>
            </p></div>



<div type="bibliography">
<head>Bibliography</head>
<p>Not previously published.</p></div>

<div type="history" subtype="text-constituted-from">
<head>Text constituted from</head>
<p>Transcription (Reynolds, Ward-Perkins)</p></div>

<div type="edition" lang="la">
<head lang="en">Text</head>
<ab>
               <lb n="1"/> 
               <persName type="attested"><name reg="Aurelius" type="gentilicium"><expan><abbr>Aur</abbr><ex>elius</ex></expan></name> <name reg="Flacianus" type="cognomen">Flacianus</name>
                  <name type="cognomen" reg="P-"><seg part="I"><unclear>P</unclear></seg><gap reason="lost" extent="unknown" unit="character"/></name></persName>
               <lb n="2"/><w lemma="sacerdotalis">sacerdotalis</w> <w part="I">scola</w><gap reason="lost" extent="unknown" unit="character"/>
               <lb n="3"/><w lemma="felix">felix</w> <w lemma="et">et</w> <w lemma="cum">cum</w> <w lemma="uiuo">uiuere<supplied reason="lost">t</supplied></w>
               <gap reason="lost" extent="unknown" unit="character"/>
               <lb n="4"/><w lemma="morior">moreretur</w> <w lemma="sum">fuit</w> <w part="I">fi<unclear>l</unclear></w>
               <gap reason="lost" extent="unknown" unit="character"/>
               <lb n="5"/><w lemma="uiuo">uixit</w> <date dur="PY50"><w lemma="annus">annis</w> <num value="50">L</num></date></ab></div>

<div type="translation">
<head>Translation</head>
<p>Aurelius Flacianus <gap reason="lost"/> priestly ? school <gap reason="lost"/>, fortunate both when he lived <supplied reason="lost" cert="low">and when</supplied> he died. He was ? son <supplied reason="lost">of</supplied><gap reason="lost"/>; he lived 50 years. </p></div>

<div type="commentary">
<head>Commentary</head>
<p>No comment.</p></div>

<div type="figure">
<head>Photographs</head>
<p>
<figure href="0153"><figDesc>Ward-Perkins Archive, BSR (BSR 48.XI.14)</figDesc></figure>
<figure href="0154"><figDesc>Ward-Perkins Archive, BSR (Sopr. DS 828 Leica)</figDesc></figure></p></div></body></text></TEI.2>
