<?xml version="1.0" encoding="UTF-8"?>
<!DOCTYPE TEI.2
  SYSTEM "http://www.stoa.org/epidoc/dtd/6/tei-epidoc.dtd">
<TEI.2 lang="en" id="IRT187"><teiHeader><fileDesc><titleStmt><title>Fragments</title><editor>J. M. Reynolds</editor><editor>J. B. Ward-Perkins</editor></titleStmt><publicationStmt>
<p>Creative Commons licence Attribution UK 2.0
                  (<xref>http://creativecommons.org/licenses/by/2.0/uk/</xref>). </p>
<p>All reuse or distribution of this work must contain somewhere a link back to the URL
                  <xref>http://irt.kcl.ac.uk/</xref>
            </p></publicationStmt><sourceDesc>
<p>Republished from <bibl id="irt1952">
                  <author>J. M. Reynolds</author> and <author>J. B. Ward-Perkins</author>, <title level="m">The Inscriptions of Roman Tripolitania</title>,
                  <pubPlace>Rome</pubPlace>: <publisher>British School at Rome</publisher>,
                     <date>1952</date>. </bibl>
            </p></sourceDesc></fileDesc><encodingDesc>
<p>Marked-up according to the EpiDoc Guidelines version 5
               <xref>http://www.stoa.org/epidoc/gl/5/</xref>
         </p></encodingDesc><profileDesc><langUsage><language id="ar">Arabic</language><language id="en">English</language><language id="fr">French</language><language id="de">German</language><language id="grc">Ancient Greek</language><language id="grc-Latn">Transliterated Greek</language><language id="el">Modern Greek</language><language id="he">Hebrew</language><language id="it">Italian</language><language id="la">Latin</language><language id="phn-LY">Punic</language><language id="ber-Latn">Native Libyan language in Latin script</language></langUsage><textClass/><textClass><keywords><term>
                  <geogName type="ancientRegion" key="Tripolitania">Tripolitania</geogName>
               </term><term>
                  <geogName type="modernCountry" key="LY">Libya</geogName>
               </term><term>
                  <placeName type="modernFindspot" key="http://www.geonames.org/2208578/marsa-zawaghah.html">Marsa Zawaghah</placeName>
               </term></keywords></textClass></profileDesc><revisionDesc>
<change><date>2008-09-09</date><respStmt><name>ZA</name></respStmt><item>converted using CHET-C</item></change>
<change><date>2009-05-19</date><respStmt><name>RV</name></respStmt><item>Added Figures</item></change>
<change><date>2009-08-24</date><respStmt><name>RV</name></respStmt><item>Added Figures</item></change></revisionDesc></teiHeader><text><body>

<div type="description" subtype="monument">
<head>Description of Monument</head>
<p> Five <rs type="objectType">block</rs>s of <rs type="material">sandstone</rs> from a continuous course 
               (lengths varying × <measure unit="metre" type="length" dim="height">0.47</measure>),inscribed on one face.</p></div>

<div type="description" subtype="text">
<head>Description of Text</head>
<p>Inscribed on the surviving faces.</p></div>

<div type="description" subtype="letters">
<head>Description of Letters</head>
<p> Irregular late capitals.</p>
<p> a) Lettering: <measure from="0.22" to="0.26" unit="metre" type="length" dim="height">0.22-0.26</measure>.</p>
<p>b) Lettering: <measure from="0.13" to="0.15" unit="metre" type="length" dim="height">0.13-0.15</measure>; uncial E with serifs.</p></div>

<div type="description" subtype="date">
<head>Date</head>
<p>
               <date type="textDate">Unknown</date>
            </p></div>

<div type="history" subtype="locations">
<head>Locations</head>
<p>
               <rs type="found">
                  <placeName type="ancientFindspot" ref="http://atlantides.org/batlas/abrotonum-sabratha-35-e2" key="db659">Sabratha</placeName>: 
                  <rs type="monuList" key="db828">Amphitheatre</rs>, now in the cavea.</rs>
            </p>
<p>
               <rs type="origLocation">Unknown</rs>
            </p>
<p>
               <rs type="lastLocation">Findspot</rs>
            </p></div>



<div type="bibliography">
<head>Bibliography</head>
<p>Not previously published.</p></div>

<div type="history" subtype="text-constituted-from">
<head>Text constituted from</head>
<p>Transcription (Reynolds, Ward-Perkins)</p></div>

<div type="edition" lang="la">
<head lang="en">Text</head>

<div type="textpart" subtype="section" n="a">

<div type="textpart" subtype="fragment" n="i">
<ab>
                     <lb n="1"/>
                     <gap reason="lost" extent="unknown" unit="character"/><orig>uisb</orig><gap reason="lost" extent="unknown" unit="character"/>
                  </ab></div>

<div type="textpart" subtype="fragment" n="ii">
<ab>
                     <lb n="1"/>
                     <gap reason="lost" extent="unknown" unit="character"/><orig>acatu</orig><gap reason="lost" extent="unknown" unit="character"/>
                  </ab></div></div>

<div type="textpart" subtype="section" n="b">

<div type="textpart" subtype="fragment" n="i">
<ab>
                     <lb n="1"/>
                     <gap reason="lost" extent="unknown" unit="character"/><orig>us</orig><gap reason="lost" extent="unknown" unit="character"/>
                  </ab></div>

<div type="textpart" subtype="fragment" n="ii">
<ab>
                     <lb n="1"/>
                     <gap reason="lost" extent="unknown" unit="character"/><orig>nuco</orig><gap reason="lost" extent="unknown" unit="character"/>
                  </ab></div>

<div type="textpart" subtype="fragment" n="iii">
<ab>
                     <lb n="1"/>
                     <gap reason="lost" extent="unknown" unit="character"/><orig>aoer</orig><gap reason="lost" extent="unknown" unit="character"/>
                  </ab></div></div></div>

<div type="apparatus">
<head>Apparatus</head>
<p>
               <app loc="a i 1"><note> Or ...<foreign lang="la"><orig>nisb</orig></foreign>...</note></app>
            </p></div>

                  <div type="translation">
<head>Translation</head>
<p><note>Not usefully translatable</note></p></div>

<div type="commentary">
<head>Commentary</head>
<p>a) i. and ii. are probably consecutive.</p></div>

<div type="figure">
<head>Photographs</head>
<p>
<figure href="0220"><figDesc>Ward-Perkins Archive, BSR (BSR 48.VI.4)</figDesc></figure>
<figure href="0221"><figDesc>Ward-Perkins Archive, BSR (BSR 48.VI.5)</figDesc></figure>
<figure href="0222"><figDesc>Ward-Perkins Archive, BSR (BSR 48.VI.6)</figDesc></figure></p></div></body></text></TEI.2>