<?xml version="1.0" encoding="UTF-8"?>
<!DOCTYPE TEI.2 SYSTEM "http://www.stoa.org/epidoc/dtd/6/tei-epidoc.dtd">
<TEI.2 lang="en" id="IRT196"><teiHeader><fileDesc><titleStmt><title><rs type="textType">Christian</rs> <rs type="textType">funerary</rs> inscription </title><editor>J. M. Reynolds</editor><editor>J. B. Ward-Perkins</editor></titleStmt><publicationStmt>
<p>Creative Commons licence Attribution UK 2.0 (<xref>http://creativecommons.org/licenses/by/2.0/uk/</xref>). </p>
<p>All reuse or distribution of this work must contain somewhere a link back to the URL <xref>http://irt.kcl.ac.uk/</xref>
            </p></publicationStmt><sourceDesc>
<p>Republished from <bibl id="irt1952">
                  <author>J. M. Reynolds</author> and <author>J. B. Ward-Perkins</author>, <title level="m">The Inscriptions of Roman Tripolitania</title>, <pubPlace>Rome</pubPlace>: <publisher>British
                  School at Rome</publisher>, <date>1952</date>. </bibl>
            </p></sourceDesc></fileDesc><encodingDesc>
<p>Marked-up according to the EpiDoc Guidelines version 5 <xref>http://www.stoa.org/epidoc/gl/5/</xref>
         </p></encodingDesc><profileDesc><langUsage><language id="ar">Arabic</language><language id="en">English</language><language id="fr">French</language><language id="de">German</language><language id="grc">Ancient Greek</language><language id="grc-Latn">Transliterated Greek</language><language id="el">Modern Greek</language><language id="he">Hebrew</language><language id="it">Italian</language><language id="la">Latin</language><language id="phn-LY">Punic</language><language id="ber-Latn">Native Libyan language in Latin script</language></langUsage><textClass/><textClass><keywords><term>
                  <geogName type="ancientRegion" key="Tripolitania">Tripolitania</geogName>
               </term><term>
                  <geogName type="modernCountry" key="LY">Libya</geogName>
               </term><term>
                  <placeName type="modernFindspot" key="http://www.geonames.org/2208578/marsa-zawaghah.html">Marsa Zawaghah</placeName>
               </term></keywords></textClass></profileDesc><revisionDesc>
<change><date>2008-09-09</date><respStmt><name>ZA</name></respStmt><item>converted using CHET-C</item></change>
<change><date>2009-05-19</date><respStmt><name>RV</name></respStmt><item>Added Figures</item></change>
<change><date>2009-08-24</date><respStmt><name>RV</name></respStmt><item>Added Figures</item></change></revisionDesc></teiHeader><text><body>

<div type="description" subtype="monument">
<head>Description of Monument</head>
<p> Re-used <rs type="objectType">paving-slab</rs> 
               (<rs type="dimensions"><measure unit="metre" type="length" dim="width">1.20</measure>
                                      <measure unit="metre" type="length" dim="height">1.20</measure></rs>) of <rs type="material">grey limestone</rs>.</p></div>

<div type="description" subtype="text">
<head>Description of Text</head>
<p>Inscribed on the surviving face.</p></div>

<div type="description" subtype="letters">
<head>Description of Letters</head>
<p> <measure from="0.045" to="0.065" unit="metre" type="length" dim="height">0.045-0.065</measure>.</p></div>

<div type="description" subtype="date">
<head>Date</head>
<p>
               <date type="textDate">No indication</date>
            </p></div>

<div type="history" subtype="locations">
<head>Locations</head>
<p>
               <rs type="found">
                  <placeName type="ancientFindspot" ref="http://atlantides.org/batlas/abrotonum-sabratha-35-e2" key="db659">Sabratha</placeName>: 
                  In situ beside <xref type="inscription">210</xref> in the cemetery to the <rs type="monuList" key="db841">E of Church I</rs>. </rs>
            </p>
<p>
               <rs type="origLocation">Findspot</rs>
            </p>
<p>
               <rs type="lastLocation">Findspot</rs>
            </p></div>



<div type="bibliography">
<head>Bibliography</head>
<p><bibl><xptr from="basiliche"/>, <biblScope>no. 12.</biblScope></bibl></p></div>

<div type="history" subtype="text-constituted-from">
<head>Text constituted from</head>
<p>Transcription (Reynolds, Ward-Perkins)</p></div>

<div type="edition" lang="la">
<head lang="en">Text</head>
<ab>
               <lb n="1"/><g type="crux"/> <persName type="attested"><name reg="Biocena" type="cognomen">Biocena</name></persName> <g type="crux"/>
               <lb n="2"/> 
               <w lemma="bonus"><expan><abbr>bon</abbr><ex>a</ex><abbr>e</abbr></expan></w> 
               <w lemma="memoria"><expan><abbr>memor</abbr><ex>iae</ex></expan></w> 
               <lb n="3"/>
               <date dur="PY35"><w lemma="uiuo"><expan><abbr>bix</abbr><ex>it</ex></expan></w> 
               <w lemma="annus"><expan><abbr>ann</abbr><ex>os</ex></expan></w> 
               <num value="35">XXXV</num></date>
               <w lemma="multus"><expan><abbr>pl</abbr><ex>us</ex></expan></w>
               <lb n="4"/>
               <w lemma="paruus"><expan><abbr>m</abbr><ex>inus</ex></expan></w> <w lemma="et">et</w> <w lemma="in">in</w> 
               <persName type="divine"><name><expan><abbr><am>ΧΡ</am></abbr><ex>christ</ex><abbr>o</abbr></expan></name></persName>
               <w lemma="requiesco"><expan><abbr>req</abbr><ex>uieuit</ex></expan></w>
               <lb n="5"/>
               <w lemma="sub"><expan><abbr>s</abbr><ex>u</ex><abbr>b</abbr></expan></w> 
               <w lemma="dies"><expan><abbr>d</abbr><ex>ie</ex></expan></w> 
               <num value="15">XV</num>
               <w lemma="kalendae"><expan><abbr>ka</abbr><ex>lendas</ex></expan></w> 
               <rs type="month" reg="Maius"><w lemma="Maia"><expan><abbr>M</abbr><ex>a</ex><lb n="6" type="worddiv"/>ias</expan></w></rs> 
               <w lemma="indictio"><expan><abbr>ind</abbr><ex>ictione</ex></expan></w> 
               <num value="7">VII</num> <g type="crux"/>
            </ab></div>

<div type="apparatus">
<head>Apparatus</head>
<p>
               <app loc="1"><note> The first letter lacks the vertical stroke.</note></app>
               
               
            </p><p><app loc="4"><lem>XPO</lem><note> for Christo. </note></app></p></div>

<div type="translation">
<head>Translation</head>
<p><note>cross</note> Biocena <note>cross</note> of good memory. She lived approximately 35 years and went to rest in Christ on the 17th April in peace <note> cross</note>.</p></div>

<div type="commentary">
<head>Commentary</head>
<p>No comment.</p></div>

<div type="figure">
<head>Photographs</head>
<p>
<figure href="0230"><figDesc>Ward-Perkins Archive, BSR (BSR 47.VIII.22)</figDesc></figure></p></div></body></text></TEI.2>
