<?xml version="1.0" encoding="UTF-8"?>
<!DOCTYPE TEI.2 SYSTEM "http://www.stoa.org/epidoc/dtd/6/tei-epidoc.dtd">
<TEI.2 lang="en" id="IRT112"><teiHeader><fileDesc><titleStmt><title>Fragmentary <rs type="textType">honours</rs> for Marcus Aemilius </title><editor>J. M. Reynolds</editor><editor>J. B. Ward-Perkins</editor></titleStmt><publicationStmt>
<p>Creative Commons licence Attribution UK 2.0 (<xref>http://creativecommons.org/licenses/by/2.0/uk/</xref>). </p>
<p>All reuse or distribution of this work must contain somewhere a link back to the URL <xref>http://irt.kcl.ac.uk/</xref>
            </p></publicationStmt><sourceDesc>
<p>Republished from <bibl id="irt1952">
                  <author>J. M. Reynolds</author> and <author>J. B. Ward-Perkins</author>, <title level="m">The Inscriptions of Roman Tripolitania</title>, <pubPlace>Rome</pubPlace>: <publisher>British
                  School at Rome</publisher>, <date>1952</date>. </bibl>
            </p></sourceDesc></fileDesc><encodingDesc>
<p>Marked-up according to the EpiDoc Guidelines version 5 <xref>http://www.stoa.org/epidoc/gl/5/</xref>
         </p></encodingDesc><profileDesc><langUsage><language id="ar">Arabic</language><language id="en">English</language><language id="fr">French</language><language id="de">German</language><language id="grc">Ancient Greek</language><language id="grc-Latn">Transliterated Greek</language><language id="el">Modern Greek</language><language id="he">Hebrew</language><language id="it">Italian</language><language id="la">Latin</language><language id="phn-LY">Punic</language><language id="ber-Latn">Native Libyan language in Latin script</language></langUsage><textClass/><textClass><keywords><term>
                  <geogName type="ancientRegion" key="Tripolitania">Tripolitania</geogName>
               </term><term>
                  <geogName type="modernCountry" key="LY">Libya</geogName>
               </term><term>
                  <placeName type="modernFindspot" key="http://www.geonames.org/2208578/marsa-zawaghah.html">Marsa Zawaghah</placeName>
               </term></keywords></textClass></profileDesc><revisionDesc>
<change><date>2008-09-09</date><respStmt><name>ZA</name></respStmt><item>converted using CHET-C</item></change>
<change><date>2009-05-19</date><respStmt><name>RV</name></respStmt><item>Added Figures</item></change>
<change><date>2009-08-24</date><respStmt><name>RV</name></respStmt><item>Added Figures</item></change></revisionDesc></teiHeader><text><body>

<div type="description" subtype="monument">
<head>Description of Monument</head>
<p> Two fragments, one from the top left-hand, and one from the bottom right-hand, corner of a <rs type="objectType">stele</rs> of compact <rs type="material">grey-brown limestone</rs> moulded above and below.a) Surviving: <rs type="dimensions"><measure unit="metre" type="length" dim="width">0.32</measure><measure unit="metre" type="length" dim="height">0.30</measure><measure unit="metre" type="length" dim="depth">0.12</measure></rs>b) Surviving: <rs type="dimensions"><measure unit="metre" type="length" dim="width">0.445</measure><measure unit="metre" type="length" dim="height">0.20</measure><measure unit="metre" type="length" dim="depth">0.12</measure></rs>.</p></div>

<div type="description" subtype="text">
<head>Description of Text</head>
<p>Inscribed on one face.</p></div>

<div type="description" subtype="letters">
<head>Description of Letters</head>
<p> Capitals with some Rustic forms, ?Third century A.D.</p>
<p>a) <measure unit="metre" type="length" dim="height">0.075</measure>.</p>
<p>b) <measure unit="metre" type="length" dim="height">0.055</measure>.</p></div>

<div type="description" subtype="date">
<head>Date</head>
<p>
               <date type="textDate" notBefore="0201" notAfter="0300" cert="low" exact="none">Third century A.D.</date>
            (<rs type="criteria">lettering</rs>)</p></div>

<div type="history" subtype="locations">
<head>Locations</head>
<p>
               <rs type="found">
                  <placeName type="ancientFindspot" ref="http://atlantides.org/batlas/abrotonum-sabratha-35-e2" key="db659">Sabratha</placeName>:  Findspot unrecorded</rs>
            </p>
<p>
               <rs type="origLocation">Unknown</rs>
            </p>
<p>
               <rs type="lastLocation"><rs type="monuList" key="db660">Sabratha Museum</rs>.</rs>
            </p></div>


<div type="bibliography">
<head>Bibliography</head>
<p>Not previously published.</p></div>

<div type="history" subtype="text-constituted-from">
<head>Text constituted from</head>
<p>Transcription (Reynolds, Ward-Perkins)</p></div>

<div type="edition" lang="la">
<head lang="en">Text</head>

<div type="textpart" subtype="fragment" n="a">
<ab>
               <lb n="1"/>
               <persName type="attested"><name reg="Marcus" type="praenomen"><expan><abbr>M</abbr><ex>arco</ex></expan></name> 
                  <name reg="Aemilius" type="gentilicium">Aemil<supplied reason="lost">io</supplied></name>
               <gap reason="lost" extent="unknown" unit="character"/>
               <lb n="2"/>
               <persName type="attested"><name reg="Marcus" type="praenomen"><expan><abbr>M</abbr><ex>arci</ex></expan></name></persName> 
               <w lemma="filius"><expan><abbr>fil</abbr><ex>io</ex></expan></w> 
                  <name type="tribe" reg="Quirina"><expan><abbr>Q<supplied reason="lost">uir</supplied></abbr><supplied reason="lost"><ex>ina tribu</ex></supplied></expan></name></persName>
               <gap reason="lost" extent="unknown" unit="character"/>
               <lb n="3"/>
               <gap reason="lost" extent="unknown" unit="line"/>
            </ab></div>

<div type="textpart" subtype="fragment" n="b">
<ab>
               <lb n="1"/>
               <gap reason="lost" extent="unknown" unit="character"/>
               <placeName type="ethnic" reg="Sabrathensis"><supplied reason="lost">Sabrat</supplied><unclear>h</unclear>ensis</placeName> <w lemma="publice">publice</w>
            </ab></div></div>

<div type="translation">
<head>Translation</head>
<p>To Marcus Aemilius <gap reason="lost"/>, son of Marcus of the Roman voting tribe Quirina <gap reason="lost"/></p></div>

<div type="commentary">
<head>Commentary</head>
<p>No comment.</p></div>

<div type="figure">
<head>Photographs</head>
<p>
<figure href="0149"><figDesc>Ward-Perkins Archive, BSR (Sopr. DS 812 Leica)</figDesc></figure>
<figure href="0150"><figDesc>Ward-Perkins Archive, BSR (Sopr. DS 813 Leica)</figDesc></figure></p></div></body></text></TEI.2>
