<?xml version="1.0" encoding="UTF-8"?>
<!DOCTYPE TEI.2 SYSTEM "http://www.stoa.org/epidoc/dtd/6/tei-epidoc.dtd">
<TEI.2 lang="en" id="IRT259"><teiHeader><fileDesc><titleStmt><title>Fragmentary <rs type="textType">Christian</rs> <rs type="textType">funerary</rs> inscription</title><editor>J. M. Reynolds</editor><editor>J. B. Ward-Perkins</editor></titleStmt><publicationStmt>
<p>Creative Commons licence Attribution UK 2.0 (<xref>http://creativecommons.org/licenses/by/2.0/uk/</xref>). </p>
<p>All reuse or distribution of this work must contain somewhere a link back to the URL <xref>http://irt.kcl.ac.uk/</xref>
            </p></publicationStmt><sourceDesc>
<p>Republished from <bibl id="irt1952">
                  <author>J. M. Reynolds</author> and <author>J. B. Ward-Perkins</author>, <title level="m">The Inscriptions of Roman Tripolitania</title>, <pubPlace>Rome</pubPlace>: <publisher>British
                  School at Rome</publisher>, <date>1952</date>. </bibl>
            </p></sourceDesc></fileDesc><encodingDesc>
<p>Marked-up according to the EpiDoc Guidelines version 5 <xref>http://www.stoa.org/epidoc/gl/5/</xref>
         </p></encodingDesc><profileDesc><langUsage><language id="ar">Arabic</language><language id="en">English</language><language id="fr">French</language><language id="de">German</language><language id="grc">Ancient Greek</language><language id="grc-Latn">Transliterated Greek</language><language id="el">Modern Greek</language><language id="he">Hebrew</language><language id="it">Italian</language><language id="la">Latin</language><language id="phn-LY">Punic</language><language id="ber-Latn">Native Libyan language in Latin script</language></langUsage><textClass/><textClass><keywords><term>
                  <geogName type="ancientRegion" key="Tripolitania">Tripolitania</geogName>
               </term><term>
                  <geogName type="modernCountry" key="LY">Libya</geogName>
               </term><term>
                  <placeName type="modernFindspot" key="http://www.geonames.org/2210247/tripoli.html">Tripoli</placeName>
               </term></keywords></textClass></profileDesc><revisionDesc>
<change><date>2008-09-09</date><respStmt><name>ZA</name></respStmt><item>converted using CHET-C</item></change>
<change><date>2009-05-19</date><respStmt><name>RV</name></respStmt><item>Added Figures</item></change>
<change><date>2009-08-24</date><respStmt><name>RV</name></respStmt><item>Added Figures</item></change></revisionDesc></teiHeader><text><body>

<div type="description" subtype="monument">
<head>Description of Monument</head>
<p>Fragment of a <rs type="objectType">tomb-slab</rs> of <rs type="material">sandstone</rs> (<rs type="dimensions"><measure unit="metre" type="length" dim="width">0.70</measure><measure unit="metre" type="length" dim="height">0.30</measure></rs>, no edges surviving) with remains of stuccoed surface.</p></div>

<div type="description" subtype="text">
<head>Description of Text</head>
<p>Incised and red- painted lettering within a roughly incised rectangular border (die, approx. <rs type="dimensions"><measure unit="metre" type="length" dim="width">0.60</measure><measure unit="metre" type="length" dim="height">0.22</measure></rs>). A <rs type="decoration">Chi-rho monogram</rs> fills the left margin, within the border.</p></div>

<div type="description" subtype="letters">
<head>Description of Letters</head>
<p>Lettering: <measure from="0.07" to="0.08" dim="height" unit="metre">0.07-0.08</measure> </p></div>

<div type="description" subtype="date">
<head>Date</head>
<p>
               <date type="textDate">Unknown</date>
            </p></div>

<div type="history" subtype="locations">
<head>Locations</head>
<p>
               <rs type="found">
                  <placeName type="ancientFindspot" ref="http://atlantides.org/batlas/oea-35-f2" key="db657">Oea</placeName>:  Findspot unrecorded</rs>
            </p>
<p>
               <rs type="origLocation">Unknown</rs>
            </p>
<p>
               <rs type="lastLocation"><rs type="monuList" key="db662">Tripoli Castle</rs>. </rs>
            </p></div>



<div type="bibliography">
<head>Bibliography</head>
<p>Not previously published.</p></div>

<div type="history" subtype="text-constituted-from">
<head>Text constituted from</head>
<p>Transcription (Reynolds, Ward-Perkins)</p></div>

<div type="edition" lang="la">
<head lang="en">Text</head>
<ab>
               <lb n="1"/>
               <supplied reason="lost"><w lemma="bonus"><expan><abbr>B</abbr><ex>onae</ex></expan></w></supplied> 
               <w lemma="memoria"><expan><abbr>m</abbr><ex>emoriae</ex></expan></w> 
               <persName type="attested"><name type="cognomen" reg="V-"><seg part="I">V<gap reason="lost" extent="1" unit="character"/>oil<unclear>i</unclear>m</seg></name></persName>
               <gap reason="lost" extent="2" unit="character" extentmax="3"/>
               <lb n="2"/><w lemma="in">in</w> <w lemma="pax">pace</w> <w lemma="uiuo">bix<supplied reason="lost">it</supplied></w>
               <lb n="3"/><w lemma="annus">ann<supplied reason="lost">os</supplied></w>
               <gap reason="lost" extent="unknown" unit="character"/>
            </ab></div>

                  <div type="translation">
<head>Translation</head>
<p><supplied reason="lost">To the good</supplied> memory of V<gap reason="lost"/>oilim<gap reason="lost"/> ; lived in peace <gap reason="lost"/> years <gap reason="lost"/></p></div>

<div type="commentary">
<head>Commentary</head>
<p>No comment.</p></div>

<div type="figure">
<head>Photographs</head><p>No photographs.</p></div></body></text></TEI.2>
