<?xml version="1.0" encoding="UTF-8"?>
<!DOCTYPE TEI.2 SYSTEM "http://www.stoa.org/epidoc/dtd/6/tei-epidoc.dtd">
<TEI.2 lang="en" id="IRT274"><teiHeader><fileDesc><titleStmt><title>Fragments</title><editor>J. M. Reynolds</editor><editor>J. B. Ward-Perkins</editor></titleStmt><publicationStmt>
<p>Creative Commons licence Attribution UK 2.0 (<xref>http://creativecommons.org/licenses/by/2.0/uk/</xref>). </p>
<p>All reuse or distribution of this work must contain somewhere a link back to the URL <xref>http://irt.kcl.ac.uk/</xref>
            </p></publicationStmt><sourceDesc>
<p>Republished from <bibl id="irt1952">
                  <author>J. M. Reynolds</author> and <author>J. B. Ward-Perkins</author>, <title level="m">The Inscriptions of Roman Tripolitania</title>, <pubPlace>Rome</pubPlace>: <publisher>British
                  School at Rome</publisher>, <date>1952</date>. </bibl>
            </p></sourceDesc></fileDesc><encodingDesc>
<p>Marked-up according to the EpiDoc Guidelines version 5 <xref>http://www.stoa.org/epidoc/gl/5/</xref>
         </p></encodingDesc><profileDesc><langUsage><language id="ar">Arabic</language><language id="en">English</language><language id="fr">French</language><language id="de">German</language><language id="grc">Ancient Greek</language><language id="grc-Latn">Transliterated Greek</language><language id="el">Modern Greek</language><language id="he">Hebrew</language><language id="it">Italian</language><language id="la">Latin</language><language id="phn-LY">Punic</language><language id="ber-Latn">Native Libyan language in Latin script</language></langUsage><textClass/><textClass><keywords><term>
                  <geogName type="ancientRegion" key="Tripolitania">Tripolitania</geogName>
               </term><term>
                  <geogName type="modernCountry" key="LY">Libya</geogName>
               </term><term>
                  <placeName type="modernFindspot" key="http://www.geonames.org/2215692/leptis-magna.html">Leptis Magna</placeName>
               </term></keywords></textClass></profileDesc><revisionDesc>
<change><date>2008-09-09</date><respStmt><name>ZA</name></respStmt><item>converted using CHET-C</item></change>
<change><date>2009-05-19</date><respStmt><name>RV</name></respStmt><item>Added Figures</item></change>
<change><date>2009-08-24</date><respStmt><name>RV</name></respStmt><item>Added Figures</item></change></revisionDesc></teiHeader><text><body>

<div type="description" subtype="monument">
<head>Description of Monument</head>
<p>Five fragments of a <rs type="material">marble</rs> <rs type="objectType">panel</rs> (the largest (a) <rs type="dimensions">
               <measure unit="metre" type="length" dim="width">0.45</measure>
               <measure unit="metre" type="length" dim="height">0.46</measure></rs>; (a) and (e) from the lower edge, the remainder no edges surviving).</p></div>

<div type="description" subtype="text">
<head>Description of Text</head>
<p>Inscribed on one face.</p></div>

<div type="description" subtype="letters">
<head>Description of Letters</head>
<p>Capitals. Probably third century A.D.: <measure from="0.06" to="0.07" dim="height" unit="metre">0.06-0.07</measure>.</p></div>

<div type="description" subtype="date">
<head>Date</head>
<p>
               <date type="textDate" exact="none" notBefore="0201" notAfter="0300" cert="low">Probably third century A.D.</date> (<rs type="criteria">lettering</rs>)
            </p></div>

<div type="history" subtype="locations">
<head>Locations</head>
<p>
               <rs type="found">
                  <placeName type="ancientFindspot" ref="http://atlantides.org/batlas/neapolis-lepcis-magna-35-g2" key="db653">Lepcis Magna</placeName>:
                  Found in the <rs type="monuList" key="db720">Forum Vetus</rs>, between the Temples of Rome and Augustus and of Liber Pater.</rs>
            </p>
<p>
               <rs type="origLocation">Unknown</rs>
            </p>
<p>
               <rs type="lastLocation"><rs type="monuList" key="db654">Lepcis Museum</rs>.</rs>
            </p></div>


<div type="bibliography">
<head>Bibliography</head>
<p><bibl><xptr from="relscav"/>, <biblScope>21.1.34</biblScope></bibl></p></div>

<div type="history" subtype="text-constituted-from">
<head>Text constituted from</head>
<p>Transcription (Reynolds, Ward-Perkins)</p></div>

<div type="edition" lang="la">
<head lang="en">Text</head>

<div type="textpart" subtype="fragment" n="a">
<ab>
                  <lb n="1"/>
                  <gap reason="lost" extent="unknown" unit="character"/><orig><unclear>r</unclear>op</orig><gap reason="lost" extent="unknown" unit="character"/>
                  <lb n="2"/>
                  <gap reason="lost" extent="unknown" unit="character"/><w part="F" lemma="de">de</w> <w part="I">frat</w><gap reason="lost" extent="unknown" unit="character"/>
                  <lb n="3"/>
                  <gap reason="lost" extent="unknown" unit="character"/><w part="F">o</w> 
                  <persName type="attested"><name type="cognomen" reg="Pausanias"><seg part="I">Pausania</seg></name></persName><gap reason="lost" extent="unknown" unit="character"/>
                  <lb n="4"/>
                  <gap reason="lost" extent="unknown" unit="character"/> <persName type="attested"><name type="gentilicium" reg="Valerius"><seg part="I">Valeriu</seg></name></persName>
                  <gap reason="lost" extent="unknown" unit="character"/>
                  <lb n="5"/>
                  <gap reason="lost" extent="unknown" unit="character"/><supplied reason="lost"><w lemma="deus">diis</w></supplied> 
                  <w lemma="inferior"><expan><abbr><supplied reason="lost">infe</supplied>riorib</abbr><ex>us</ex></expan></w> <w lemma="et">et</w> 
                  <w lemma="superus"><expan><abbr>superiorib</abbr><ex>us</ex></expan></w> 
                  <gap reason="lost" extent="unknown" unit="character"/>
               </ab></div>

<div type="textpart" subtype="fragment" n="b">
<ab>
                  <lb n="1"/>
                  <gap reason="lost" extent="unknown" unit="character"/><orig><unclear>c</unclear>ir</orig><gap reason="lost" extent="unknown" unit="character"/>
                  <lb n="2"/>
                  <gap reason="lost" extent="unknown" unit="character"/> 
                  <persName type="attested"><name type="gentilicium" reg="Vibia"><seg part="I">Vibia</seg></name></persName><gap reason="lost" extent="unknown" unit="character"/>
                  <lb n="3"/>
                  <gap reason="lost" extent="unknown" unit="character"/>
                  <persName type="attested"><name type="cognomen" reg="Pausanias"><seg part="I"><supplied reason="lost">P</supplied>ausania</seg></name></persName><gap reason="lost" extent="unknown" unit="character"/> 
               </ab></div>

<div type="textpart" subtype="fragment" n="c">
<ab>
                  <lb n="1"/>
                  <gap reason="lost" extent="unknown" unit="character"/><orig>ano</orig><gap reason="lost" extent="unknown" unit="character"/>
               </ab></div>

<div type="textpart" subtype="fragment" n="d">
<ab>
                  <lb n="1"/>
                  <gap reason="lost" extent="unknown" unit="character"/><orig>ua</orig><gap reason="lost" extent="unknown" unit="character"/>
               </ab></div>

<div type="textpart" subtype="fragment" n="e">
<ab>
                  <lb n="1"/>
                  <gap reason="lost" extent="unknown" unit="character"/><orig>am<unclear>m</unclear></orig><gap reason="lost" extent="unknown" unit="character"/>
               </ab></div></div>

<div type="translation">
<head>Translation</head>
   <p>a.<gap reason="lost"/> ? concerning ?his brother <gap reason="lost"/> Pausanias <note>nominative or ablative</note> <gap reason="lost"/> Valerius <note>nominative or accusative</note><gap reason="lost"/> to the gods below and those above <gap reason="lost"/> </p><p>b. <gap reason="lost"/>  Vibia <gap reason="lost"/> Pausanias <gap reason="lost"/> <note>cases not known</note> </p><p><note>c.-e.</note> Not usefully translatable.</p></div>

<div type="commentary">
<head>Commentary</head>
<p>No comment.</p></div>

<div type="figure">
<head>Photographs</head>
<p>
<figure href="0324"><figDesc>Ward-Perkins Archive, BSR (BSR 48.X.30)</figDesc></figure></p></div></body></text></TEI.2>
