<?xml version="1.0" encoding="UTF-8"?>
<!DOCTYPE TEI.2 SYSTEM "http://www.stoa.org/epidoc/dtd/6/tei-epidoc.dtd">
<TEI.2 lang="en" id="IRT291"><teiHeader><fileDesc><titleStmt><title><rs type="textType">Votive</rs>  to Julia Domna  as Juno</title><editor>J. M. Reynolds</editor><editor>J. B. Ward-Perkins</editor></titleStmt><publicationStmt>
<p>Creative Commons licence Attribution UK 2.0 (<xref>http://creativecommons.org/licenses/by/2.0/uk/</xref>). </p>
<p>All reuse or distribution of this work must contain somewhere a link back to the URL <xref>http://irt.kcl.ac.uk/</xref>
            </p></publicationStmt><sourceDesc>
<p>Republished from <bibl id="irt1952">
                  <author>J. M. Reynolds</author> and <author>J. B. Ward-Perkins</author>, <title level="m">The Inscriptions of Roman Tripolitania</title>, <pubPlace>Rome</pubPlace>: <publisher>British
                  School at Rome</publisher>, <date>1952</date>. </bibl>
            </p></sourceDesc></fileDesc><encodingDesc>
<p>Marked-up according to the EpiDoc Guidelines version 5 <xref>http://www.stoa.org/epidoc/gl/5/</xref>
         </p></encodingDesc><profileDesc><langUsage><language id="ar">Arabic</language><language id="en">English</language><language id="fr">French</language><language id="de">German</language><language id="grc">Ancient Greek</language><language id="grc-Latn">Transliterated Greek</language><language id="el">Modern Greek</language><language id="he">Hebrew</language><language id="it">Italian</language><language id="la">Latin</language><language id="phn-LY">Punic</language><language id="ber-Latn">Native Libyan language in Latin script</language></langUsage><textClass/><textClass><keywords><term>
                  <geogName type="ancientRegion" key="Tripolitania">Tripolitania</geogName>
               </term><term>
                  <geogName type="modernCountry" key="LY">Libya</geogName>
               </term><term>
                  <placeName type="modernFindspot" key="http://www.geonames.org/2215692/leptis-magna.html">Leptis Magna</placeName>
               </term></keywords></textClass></profileDesc><revisionDesc>
<change><date>2008-09-09</date><respStmt><name>ZA</name></respStmt><item>converted using CHET-C</item></change>
<change><date>2009-05-19</date><respStmt><name>RV</name></respStmt><item>Added Figures</item></change>
<change><date>2009-08-24</date><respStmt><name>RV</name></respStmt><item>Added Figures</item></change></revisionDesc></teiHeader><text><body>

<div type="description" subtype="monument">
<head>Description of Monument</head>
<p>Moulded <rs type="objectType">base</rs> (<rs type="dimensions">
               <measure unit="metre" type="length" dim="width">0.74</measure>
               <measure unit="metre" type="length" dim="height">1.80</measure>
               <measure unit="metre" type="length" dim="depth">0.70</measure></rs>) of <rs type="material">brown limestone</rs>.</p></div>

<div type="description" subtype="text">
<head>Description of Text</head>
<p>Inscribed on one face within a moulded panel (die, <rs type="dimensions">
               <measure unit="metre" type="length" dim="width">0.31</measure>
               <measure unit="metre" type="length" dim="height">0.72</measure></rs>). </p></div>

<div type="description" subtype="letters">
<head>Description of Letters</head>
<p>Rustic capitals: <measure from="0.05" to="0.06" dim="height" unit="metre">0.05-0.06</measure>.</p></div>

<div type="description" subtype="date">
<head>Date</head>
<p>
               <date type="textDate" exact="none" notBefore="0101" notAfter="0300" cert="high">Severan: 193 - 235 A.D.</date>
            (<rs type="criteria">prosopography</rs>)</p></div>

<div type="history" subtype="locations">
<head>Locations</head>
<p>
               <rs type="found">
                  <placeName type="ancientFindspot" ref="http://atlantides.org/batlas/neapolis-lepcis-magna-35-g2" key="db653">Lepcis Magna</placeName>:
                  <rs type="monuList" key="db720">Forum Vetus</rs>, beside the Severan exedra.</rs>
            </p>
<p>
               <rs type="origLocation">Unknown</rs>
            </p>
<p>
               <rs type="lastLocation">Findspot</rs>
            </p></div>


<div type="bibliography">
<head>Bibliography</head>
<p><bibl><xptr from="romanelli1925"/>, <biblScope>129</biblScope></bibl>
               <bibl><xptr from="ae"/>, <biblScope>1926:l59</biblScope></bibl>
               <bibl><author>Aurigemma</author>, <xptr from="afrital"/>, <biblScope>III: 80</biblScope> ff., fig 3.</bibl></p></div>

<div type="history" subtype="text-constituted-from">
<head>Text constituted from</head>
<p>Transcription (Reynolds, Ward-Perkins)</p></div>

<div type="edition" lang="la">
<head lang="en">Text</head>
<ab>
               <lb n="1"/><persName type="emperor"><name reg="Iulia" type="gentilicium">Iuliae</name> <name reg="Domna" type="cognomen">Domnae</name>
               <lb n="2"/>
                  <name reg="Augusta" type="cognomen"><expan><abbr>Aug</abbr><ex>ustae</ex></expan></name></persName> 
               <persName type="divine"><w lemma="dea">deae</w> <name reg="Iuno"><unclear>Iunoni</unclear></name></persName>
               <lb n="3"/><w lemma="orbis">orbis</w> <w lemma="terra"><unclear>t</unclear><supplied reason="lost">er</supplied><unclear>r</unclear>ae</w>
               <lb n="4"/>
               <persName type="attested"><name reg="Quintus" type="praenomen"><expan><abbr>Q</abbr><ex>uintus</ex></expan></name> <name reg="Fuluius" type="gentilicium">Fuluius</name> <name reg="Dida" type="cognomen">Dida</name>
               <lb n="5"/><name reg="Bibulianus" type="cognomen">Bibulianus</name></persName>
               <lb n="6"/><w lemma="uotum"><expan><abbr>uot</abbr><ex>um</ex></expan></w> <w lemma="soluo"><expan><abbr>sol</abbr><ex>uit</ex></expan></w>
            </ab></div>

<div type="apparatus">
<head>Apparatus</head>
<p>
               <app loc="2"><note> Julia Domna figures as Juno in a bas-relief panel of the Capitoline triad on the Arch of Severus at Lepcis (Afr. Ital IV (1930) 80, fig. 48) </note></app>
            </p>
<p>
               <app loc="5"><note> Or Didabibulianus; there are two men of this name in  <xref type="inscription">572</xref> , 11. 8, 9, and 10, 11. </note></app>
            </p></div>

<div type="translation">
<head>Translation</head>
<p>To Julia Domna Augusta, the goddess Juno of the world; Quintus Fulvius Dida Bibulianus paid his vow.</p></div>

<div type="commentary">
<head>Commentary</head>
<p>No comment.</p></div>

<div type="figure">
<head>Photographs</head>
<p>
<figure href="0344"><figDesc>Ward-Perkins Archive, BSR (BSR 48.XXIV.25)</figDesc></figure>
<figure href="0345"><figDesc>Ward-Perkins Archive, BSR (Sopr. DLM 1563 Leica)</figDesc></figure>
<figure href="0346"><figDesc>Ward-Perkins Archive, BSR (BSR 48.XXIV.26)</figDesc></figure></p></div></body></text></TEI.2>
