<?xml version="1.0" encoding="UTF-8"?>
<!DOCTYPE TEI.2 SYSTEM "http://www.stoa.org/epidoc/dtd/6/tei-epidoc.dtd">
<TEI.2 lang="en" id="IRT229"><teiHeader><fileDesc><titleStmt><title><rs type="textType">Dedication</rs> to Apollo</title><editor>J. M. Reynolds</editor><editor>J. B. Ward-Perkins</editor></titleStmt><publicationStmt>
<p>Creative Commons licence Attribution UK 2.0 (<xref>http://creativecommons.org/licenses/by/2.0/uk/</xref>). </p>
<p>All reuse or distribution of this work must contain somewhere a link back to the URL <xref>http://irt.kcl.ac.uk/</xref>
            </p></publicationStmt><sourceDesc>
<p>Republished from <bibl id="irt1952">
                  <author>J. M. Reynolds</author> and <author>J. B. Ward-Perkins</author>, <title level="m">The Inscriptions of Roman Tripolitania</title>, <pubPlace>Rome</pubPlace>: <publisher>British
                  School at Rome</publisher>, <date>1952</date>. </bibl>
            </p></sourceDesc></fileDesc><encodingDesc>
<p>Marked-up according to the EpiDoc Guidelines version 5 <xref>http://www.stoa.org/epidoc/gl/5/</xref>
         </p></encodingDesc><profileDesc><langUsage><language id="ar">Arabic</language><language id="en">English</language><language id="fr">French</language><language id="de">German</language><language id="grc">Ancient Greek</language><language id="grc-Latn">Transliterated Greek</language><language id="el">Modern Greek</language><language id="he">Hebrew</language><language id="it">Italian</language><language id="la">Latin</language><language id="phn-LY">Punic</language><language id="ber-Latn">Native Libyan language in Latin script</language></langUsage><textClass/><textClass><keywords><term>
                  <geogName type="ancientRegion" key="Tripolitania">Tripolitania</geogName>
               </term><term>
                  <geogName type="modernCountry" key="LY">Libya</geogName>
               </term><term>
                  <placeName type="modernFindspot" key="http://www.geonames.org/2210247/tripoli.html">Tripoli</placeName>
               </term></keywords></textClass></profileDesc><revisionDesc>
<change><date>2008-09-09</date><respStmt><name>ZA</name></respStmt><item>converted using CHET-C</item></change>
<change><date>2009-05-19</date><respStmt><name>RV</name></respStmt><item>Added Figures</item></change>
<change><date>2009-08-24</date><respStmt><name>RV</name></respStmt><item>Added Figures</item></change></revisionDesc></teiHeader><text><body>

<div type="description" subtype="monument">
<head>Description of Monument</head>
<p> Rectangular <rs type="objectType">base</rs> 
               (<rs type="dimensions"><measure unit="metre" type="length" dim="width">0.53</measure>
                  <measure unit="metre" type="length" dim="height">1.08</measure>
                  <measure unit="metre" type="length" dim="depth">0.48</measure></rs>) of compact <rs type="material">grey limestone</rs> with 
               moulded panels on front and sides; left, <rs type="decoration">a raven on a tripod</rs>, right, a <rs type="decoration">lyre</rs> 
               and <rs type="decoration">plectrum</rs>.</p></div>

<div type="description" subtype="text">
<head>Description of Text</head>
<p>Inscribed panel on front heavily and apparently deliberately damaged, but still legible (die, 
               <rs type="dimensions"><measure unit="metre" type="length" dim="width">0.33</measure>
                  <measure unit="metre" type="length" dim="height">0.50</measure></rs>). Three lines of Neo-Punic, in part erased
               and no longer legible, follow the Latin text. Uniform with <xref type="inscription">246</xref>.</p></div>

<div type="description" subtype="letters">
<head>Description of Letters</head>
<p> Lapidary capitals: <measure unit="metre" type="length" dim="height">0.03</measure>.</p></div>

<div type="description" subtype="date">
<head>Date</head>
<p>
               <date type="textDate">Unknown</date>
            </p></div>

<div type="history" subtype="locations">
<head>Locations</head>
<p>
               <rs type="found">
                  <placeName type="ancientFindspot" ref="http://atlantides.org/batlas/oea-35-f2" key="db657">Oea</placeName>: 
                  Found in the walled into the Chapel of Sidi Chlifa el-Bulaghi, beside the <rs type="monuList" key="db807">Lighthouse Fort</rs>, Tripoli</rs>
            </p>
<p>
               <rs type="origLocation">Unknown</rs>
            </p>
<p>
               <rs type="lastLocation">Now in front of <rs type="monuList" key="db660">Sabratha Museum</rs>.</rs>
            </p></div>



<div type="bibliography">
<head>Bibliography</head>
<p><bibl><author>Aurigemma</author>,  <xptr from="notizarch"/>,  <biblScope>383 ff</biblScope>., figs. 2- 4</bibl>;
               .<bibl><xptr from="ae"/>, <biblScope>1919:97</biblScope>.</bibl></p></div>

<div type="history" subtype="text-constituted-from">
<head>Text constituted from</head>
<p>Transcription (Reynolds, Ward-Perkins)</p></div>

<div type="edition" lang="la">
<head lang="en">Text</head>
<ab>
               <lb n="1"/><del rend="erasure"><persName type="divine"><name reg="Apollo">Apollini</name></persName>
               <lb n="2"/><w lemma="sacer">sacrum</w>
               <lb n="3"/>
                  <persName type="attested"><name reg="Aurellius" type="gentilicium">Aurellius</name> 
                  <persName type="attested"><name reg="Epagrus" type="cognomen">Epa<lb n="4" type="worddiv"/>gri</name></persName> 
                  <w lemma="filius"><expan><abbr>f</abbr><ex>ilius</ex></expan></w></persName>
                  <w lemma="de"><expan><abbr>d</abbr><ex>e</ex></expan></w> 
                  <w lemma="suus"><expan><abbr>s</abbr><ex>uo</ex></expan></w> 
                  <w lemma="do"><expan><abbr>d</abbr><ex>edit</ex></expan></w>
               </del>
            </ab></div>



<div type="translation">
<head>Translation</head>
<p>Sacred to Apollo. Aurellius son of Epagrus gave this at his own expense.</p></div>

<div type="commentary">
<head>Commentary</head>
<p>ll. 3-4. <foreign lang="la">Aurellius Epagri filius</foreign>. See also in <xref type="inscription">246</xref>.</p></div>

<div type="figure">
<head>Photographs</head>
<p>
<figure href="0277"><figDesc>Ward-Perkins Archive, BSR (Sopr. A 134)</figDesc></figure>
<figure href="0278"><figDesc>Ward-Perkins Archive, BSR (BSR 47.III.14)</figDesc></figure>
<figure href="0279"><figDesc>Ward-Perkins Archive, BSR (Sopr. D. 853)</figDesc></figure>
<figure href="0280"><figDesc>Ward-Perkins Archive, BSR (BSR 46.VIII.8)</figDesc></figure>
<figure href="0281"><figDesc>Ward-Perkins Archive, BSR (BSR 47.III.15)</figDesc></figure></p></div></body></text></TEI.2>
