<?xml version="1.0" encoding="UTF-8"?>
<!DOCTYPE TEI.2 SYSTEM "http://www.stoa.org/epidoc/dtd/6/tei-epidoc.dtd">
<TEI.2 lang="en" id="IRT297"><teiHeader><fileDesc><titleStmt><title>Fragmentary <rs type="textType">dedication</rs> to Liber Pater </title><editor>J. M. Reynolds</editor><editor>J. B. Ward-Perkins</editor></titleStmt><publicationStmt>
<p>Creative Commons licence Attribution UK 2.0 (<xref>http://creativecommons.org/licenses/by/2.0/uk/</xref>). </p>
<p>All reuse or distribution of this work must contain somewhere a link back to the URL <xref>http://irt.kcl.ac.uk/</xref>
            </p></publicationStmt><sourceDesc>
<p>Republished from <bibl id="irt1952">
                  <author>J. M. Reynolds</author> and <author>J. B. Ward-Perkins</author>, <title level="m">The Inscriptions of Roman Tripolitania</title>, <pubPlace>Rome</pubPlace>: <publisher>British
                  School at Rome</publisher>, <date>1952</date>. </bibl>
            </p></sourceDesc></fileDesc><encodingDesc>
<p>Marked-up according to the EpiDoc Guidelines version 5 <xref>http://www.stoa.org/epidoc/gl/5/</xref>
         </p></encodingDesc><profileDesc><langUsage><language id="ar">Arabic</language><language id="en">English</language><language id="fr">French</language><language id="de">German</language><language id="grc">Ancient Greek</language><language id="grc-Latn">Transliterated Greek</language><language id="el">Modern Greek</language><language id="he">Hebrew</language><language id="it">Italian</language><language id="la">Latin</language><language id="phn-LY">Punic</language><language id="ber-Latn">Native Libyan language in Latin script</language></langUsage><textClass/><textClass><keywords><term>
                  <geogName type="ancientRegion" key="Tripolitania">Tripolitania</geogName>
               </term><term>
                  <geogName type="modernCountry" key="LY">Libya</geogName>
               </term><term>
                  <placeName type="modernFindspot" key="http://www.geonames.org/2215692/leptis-magna.html">Leptis Magna</placeName>
               </term></keywords></textClass></profileDesc><revisionDesc>
<change><date>2008-09-09</date><respStmt><name>ZA</name></respStmt><item>converted using CHET-C</item></change>
<change><date>2009-05-19</date><respStmt><name>RV</name></respStmt><item>Added Figures</item></change>
<change><date>2009-08-24</date><respStmt><name>RV</name></respStmt><item>Added Figures</item></change></revisionDesc></teiHeader><text><body>

<div type="description" subtype="monument">
<head>Description of Monument</head>
<p><rs type="objectType">Altar</rs> (<rs type="dimensions">
               <measure unit="metre" type="length" dim="width">0.62</measure>
              <measure unit="metre" type="length" dim="height"> 1 .22</measure>
               <measure unit="metre" type="length" dim="depth">0.60</measure></rs>) of <rs type="material">white marble</rs>.</p></div>

<div type="description" subtype="text">
<head>Description of Text</head>
<p>Inscribed on one face within a moulded panel (die, <rs type="dimensions">
               <measure unit="metre" type="length" dim="width">0.34</measure>
               <measure unit="metre" type="length" dim="height">0.57</measure></rs>); on the side faces, <rs type="decoration">crossed thyrsi</rs> in relief.
               Uniform with <xref type="inscription">288</xref>. The text has been erased. </p></div>

<div type="description" subtype="letters">
<head>Description of Letters</head>
<p>Lettering: <measure unit="metre" type="length" dim="height">0.055</measure></p></div>

<div type="description" subtype="date">
<head>Date</head>
<p>
               <date type="textDate">Unknown</date>
            </p></div>

<div type="history" subtype="locations">
<head>Locations</head>
<p>
               <rs type="found">
                  <placeName type="ancientFindspot" ref="http://atlantides.org/batlas/neapolis-lepcis-magna-35-g2" key="db653">Lepcis Magna</placeName>:
                  <rs type="monuList" key="db725">Hadrianic Baths</rs>, at the West end of the South portico of the Palaestra. </rs>
            </p>
<p>
               <rs type="origLocation">Unknown</rs>
            </p>
<p>
               <rs type="lastLocation">Findspot</rs>
            </p></div>


<div type="bibliography">
<head>Bibliography</head>
<p>Not previously published.</p></div>

<div type="history" subtype="text-constituted-from">
<head>Text constituted from</head>
<p>Transcription (Reynolds, Ward-Perkins)</p></div>

<div type="edition" lang="la">
<head lang="en">Text</head>
<ab>
               <lb n="1"/>
               <persName type="divine"><del rend="erasure"><name reg="Liber"><w lemma="Liber">L<supplied reason="lost">ibero</supplied></w></name> <w lemma="pater">Pa<supplied reason="lost">tri</supplied></w></del>
               <lb n="2"/>
               <del rend="erasure">
                  <name reg="Genius"><unclear>g</unclear><supplied reason="lost">e</supplied><unclear>n</unclear><supplied reason="lost">io</supplied> 
                  </name><w lemma="colonia"><expan><abbr>co<unclear>l</unclear></abbr><ex>oniae</ex></expan></w>
               </del></persName>
               <lb n="3"/>
                  <del rend="erasure">
                     <gap reason="lost" extent="unknown" unit="line"/>
                  </del>
            </ab></div>

<div type="translation">
<head>Translation</head>
<p>To Liber Pater, genius of the colony.</p></div>

<div type="commentary">
<head>Commentary</head>
<p>No comment.</p></div>

<div type="figure">
<head>Photographs</head><p>No photographs.</p></div></body></text></TEI.2>
