<?xml version="1.0" encoding="UTF-8"?>
<!DOCTYPE TEI.2 SYSTEM "http://www.stoa.org/epidoc/dtd/6/tei-epidoc.dtd">
<TEI.2 lang="en" id="IRT224"><teiHeader><fileDesc><titleStmt><title> Fragmentary <rs type="textType">Christian</rs> <rs type="textType">funerary</rs> inscription </title><editor>J. M. Reynolds</editor><editor>J. B. Ward-Perkins</editor></titleStmt><publicationStmt>
<p>Creative Commons licence Attribution UK 2.0 (<xref>http://creativecommons.org/licenses/by/2.0/uk/</xref>). </p>
<p>All reuse or distribution of this work must contain somewhere a link back to the URL <xref>http://irt.kcl.ac.uk/</xref>
            </p></publicationStmt><sourceDesc>
<p>Republished from <bibl id="irt1952">
                  <author>J. M. Reynolds</author> and <author>J. B. Ward-Perkins</author>, <title level="m">The Inscriptions of Roman Tripolitania</title>, <pubPlace>Rome</pubPlace>: <publisher>British
                  School at Rome</publisher>, <date>1952</date>. </bibl>
            </p></sourceDesc></fileDesc><encodingDesc>
<p>Marked-up according to the EpiDoc Guidelines version 5 <xref>http://www.stoa.org/epidoc/gl/5/</xref>
         </p></encodingDesc><profileDesc><langUsage><language id="ar">Arabic</language><language id="en">English</language><language id="fr">French</language><language id="de">German</language><language id="grc">Ancient Greek</language><language id="grc-Latn">Transliterated Greek</language><language id="el">Modern Greek</language><language id="he">Hebrew</language><language id="it">Italian</language><language id="la">Latin</language><language id="phn-LY">Punic</language><language id="ber-Latn">Native Libyan language in Latin script</language></langUsage><textClass/><textClass><keywords><term>
                  <geogName type="ancientRegion" key="Tripolitania">Tripolitania</geogName>
               </term><term>
                  <geogName type="modernCountry" key="LY">Libya</geogName>
               </term><term>
                  <placeName type="modernFindspot" key="http://www.geonames.org/2208578/marsa-zawaghah.html">Marsa Zawaghah</placeName>
               </term></keywords></textClass></profileDesc><revisionDesc>
<change><date>2008-09-09</date><respStmt><name>ZA</name></respStmt><item>converted using CHET-C</item></change>
<change><date>2009-05-19</date><respStmt><name>RV</name></respStmt><item>Added Figures</item></change>
<change><date>2009-08-24</date><respStmt><name>RV</name></respStmt><item>Added Figures</item></change></revisionDesc></teiHeader><text><body>

<div type="description" subtype="monument">
<head>Description of Monument</head>
<p> Two fragments of inscribed <rs type="material" key="marmor">marble</rs> <rs type="objectType">panel</rs>s found re-used, face downwards,
               as patches to the sixth century <rs type="objectType">mosaic</rs> in the S aisle of the Justinian church. 
               The fragments have been re-set, face upwards. a) <rs type="material">Yellow breccia</rs>. b) <rs type="material">Purple breccia</rs>.
            </p></div>

<div type="description" subtype="text">
<head>Description of Text</head>
<p>Inscribed on the visible face.</p></div>

<div type="description" subtype="letters">
<head>Description of Letters</head>
<p> a) Roughly-scored lettering: <measure from="0.03" to="0.04" dim="height" unit="metre">0.03-0.04</measure>.</p>
<p> b) Roughly-scored lettering: <measure from="0.03" to="0.04" dim="height" unit="metre">0.03-0.04</measure>.</p></div>

<div type="description" subtype="date">
<head>Date</head>
<p>
               <date type="textDate" notAfter="0525" notBefore="0301">Fourth to sixth century A.D.</date>
            (<rs type="criteria">context</rs>)</p></div>

<div type="history" subtype="locations">
<head>Locations</head>
<p>
               <rs type="found">
                  <placeName type="ancientFindspot" ref="http://atlantides.org/batlas/abrotonum-sabratha-35-e2" key="db659">Sabratha</placeName>:
                  The <rs type="monuList" key="db848">Justinian church</rs> in the S aisle.</rs>
            </p>
<p>
               <rs type="origLocation">Unknown</rs>
            </p>
<p>
               <rs type="lastLocation"><rs type="monuList" key="db660">Sabratha Museum</rs>.</rs>
            </p></div>



<div type="bibliography">
<head>Bibliography</head>
<p>Not previously published.</p></div>

<div type="history" subtype="text-constituted-from">
<head>Text constituted from</head>
<p>Transcription (Reynolds, Ward-Perkins)</p></div>

<div type="edition" lang="la">
<head lang="en">Text</head>

<div type="textpart" subtype="fragment" n="a">
<ab>
               <lb n="1"/>
               <persName type="attested"><name><gap reason="lost" extent="unknown" unit="character"/><seg part="M">atri</seg><gap reason="lost" extent="unknown" unit="character"/></name></persName>
               <lb n="2"/>
               <gap reason="lost" extent="unknown" unit="character"/> 
               <w lemma="uiuo">uixit</w>
               <w lemma="annus"><expan><abbr>an</abbr><ex>nos</ex></expan></w> 
               <num>I<gap reason="lost" extent="unknown" unit="character"/></num>
               <lb n="3"/>
               <gap reason="lost" extent="unknown" unit="character"/> 
               <w lemma="kalendae">kal<supplied reason="lost">endas</supplied></w>
               <gap reason="lost" extent="unknown" unit="character"/>
            </ab></div>

<div type="textpart" subtype="fragment" n="b">
<ab>
               <lb n="1"/>
               <gap reason="lost" extent="unknown" unit="character"/><w part="F">ori</w> 
                  <w part="I">ned<unclear>o</unclear></w><gap reason="lost" extent="unknown" unit="character"/>
               <lb n="1a"/>
               <gap reason="lost" extent="unknown" unit="line"/>
            </ab></div></div>

                  <div type="translation">
<head>Translation</head>
<p>a. <gap reason="lost"/> <note>l.2</note> he/she lived <gap reason="lost"/> years <supplied reason="lost">? months and went to rest</supplied> on the first <note>or a day calculated in relation to the first of a month</note> </p><p>b. <note>Not usefully translatable.</note></p></div>

<div type="commentary">
<head>Commentary</head>
<p>No comment.</p></div>

<div type="figure">
<head>Photographs</head><p>No photographs.</p></div></body></text></TEI.2>
