<?xml version="1.0" encoding="UTF-8"?>
<!DOCTYPE TEI.2 SYSTEM "http://www.stoa.org/epidoc/dtd/6/tei-epidoc.dtd">
<TEI.2 lang="en" id="IRT292"><teiHeader><fileDesc><titleStmt><title><rs type="textType">Dedication</rs> to Jupiter Dolichenus</title><editor>J. M. Reynolds</editor><editor>J. B. Ward-Perkins</editor></titleStmt><publicationStmt>
<p>Creative Commons licence Attribution UK 2.0 (<xref>http://creativecommons.org/licenses/by/2.0/uk/</xref>). </p>
<p>All reuse or distribution of this work must contain somewhere a link back to the URL <xref>http://irt.kcl.ac.uk/</xref>
            </p></publicationStmt><sourceDesc>
<p>Republished from <bibl id="irt1952">
                  <author>J. M. Reynolds</author> and <author>J. B. Ward-Perkins</author>, <title level="m">The Inscriptions of Roman Tripolitania</title>, <pubPlace>Rome</pubPlace>: <publisher>British
                  School at Rome</publisher>, <date>1952</date></bibl>; with addenda from <bibl id="reynolds1955"><author>J. M. Reynolds</author>, <title level="a">Inscriptions of Roman Tripolitania: A Supplement</title>, <title level="j">Proceedings of the British School at Rome</title> <biblScope type="volume">23</biblScope> (<date>1955</date>), <biblScope type="pages">124-147</biblScope></bibl>.</p></sourceDesc></fileDesc><encodingDesc>
<p>Marked-up according to the EpiDoc Guidelines version 5 <xref>http://www.stoa.org/epidoc/gl/5/</xref>
         </p></encodingDesc><profileDesc><langUsage><language id="ar">Arabic</language><language id="en">English</language><language id="fr">French</language><language id="de">German</language><language id="grc">Ancient Greek</language><language id="grc-Latn">Transliterated Greek</language><language id="el">Modern Greek</language><language id="he">Hebrew</language><language id="it">Italian</language><language id="la">Latin</language><language id="phn-LY">Punic</language><language id="ber-Latn">Native Libyan language in Latin script</language></langUsage><textClass/><textClass><keywords><term>
                  <geogName type="ancientRegion" key="Tripolitania">Tripolitania</geogName>
               </term><term>
                  <geogName type="modernCountry" key="LY">Libya</geogName>
               </term><term>
                  <placeName type="modernFindspot" key="http://www.geonames.org/2215692/leptis-magna.html">Leptis Magna</placeName>
               </term></keywords></textClass></profileDesc><revisionDesc>
<change><date>2008-09-09</date><respStmt><name>ZA</name></respStmt><item>converted using CHET-C</item></change>
<change><date>2009-05-19</date><respStmt><name>RV</name></respStmt><item>Added Figures</item></change>
<change><date>2009-08-24</date><respStmt><name>RV</name></respStmt><item>Added Figures</item></change></revisionDesc></teiHeader><text><body>

<div type="description" subtype="monument">
<head>Description of Monument</head>
<p>Moulded <rs type="objectType">altar</rs> (<rs type="dimensions">
               <measure unit="metre" type="length" dim="width">0.73</measure>
               <measure unit="metre" type="length" dim="height">1.41</measure>
               <measure unit="metre" type="length" dim="depth">0.73</measure></rs>) of compact <rs type="material">brown limestone</rs>,damaged above and considerably weathered; 
               </p></div>

<div type="description" subtype="text">
<head>Description of Text</head>
<p>Inscribed on the front within a moulded panel (die, <rs type="dimensions">
               <measure unit="metre" type="length" dim="width">0.46</measure>
               <measure unit="metre" type="length" dim="height">0.59</measure></rs>) and near the top of the left-hand face.
               Carved in relief on the left-hand face, below the inscription, with a <rs type="decoration">jug standing in a basin</rs>;
               on the right-hand face a <rs type="decoration">patera</rs>; and on the back a <rs type="decoration">casket</rs>.
               Above the upper moulding was a rectangular <rs type="decoration">crowning feature</rs> ( <rs type="dimensions">
                  <measure unit="metre" type="length" dim="height">0.12</measure></rs>) carved at the angles with <rs type="decoration">rosette-centred volutes</rs>;
               in the centre of the left-hand (the only surviving) face is an open hand above a <rs type="decoration">pine cone</rs> 
               a) On the front.
               b) On the left-hand side.</p></div>

<div type="description" subtype="letters">
<head>Description of Letters</head>
<p>a)  Rustic capitals: <measure from="0.03" to="0.04" dim="height" unit="metre">0.03-0.04</measure>, 
               b)  Capitals: <measure unit="metre" type="length" dim="height">0.04</measure>.</p></div>

<div type="description" subtype="date">
<head>Date</head>
<p>
               <date type="textDate" notBefore="0201" notAfter="0211" exact="notAfter">A.D. 201-211 </date>
            (<rs type="criteria">reign</rs>)</p></div>

<div type="history" subtype="locations">
<head>Locations</head>
<p>
               <rs type="found">
                  <placeName type="ancientFindspot" ref="http://atlantides.org/batlas/neapolis-lepcis-magna-35-g2" key="db653">Lepcis Magna</placeName>: 
                  Beside the <rs type="monuList" key="db749">Severan harbour</rs>, in front of the Temple of Jupiter Dolichenus. </rs>
            </p>
<p>
               <rs type="origLocation">Unknown</rs>
            </p>
<p>
               <rs type="lastLocation">Findspot</rs>
            </p></div>


<div type="bibliography">
<head>Bibliography</head>
<p><bibl id="merlat1949"><author><name>Merlat</name></author>, <title level="m">Répertoire des Inscriptions et des Monuments figurés du Culte de Jupiter Dolichenus</title>, Rennes, <date>1949</date></bibl>
               <bibl id="guey1950"><author><name>Guey</name></author>, <title level="j">Revue Africaine</title>,  <biblScope>XCIV:55</biblScope> ff.</bibl></p></div>

<div type="history" subtype="text-constituted-from">
<head>Text constituted from</head>
<p>Transcription (Reynolds, Ward-Perkins)</p></div>

<div type="edition" lang="la">
<head lang="en">Text</head>

<div type="textpart" subtype="section" n="a">
<ab>
                  <lb n="1"/>
                  <persName type="divine"><name reg="Iuppiter"><expan><abbr>I</abbr><ex>oui</ex></expan></name> 
                  <w lemma="bonus"><expan><abbr>O</abbr><ex>ptimo</ex></expan></w> 
                  <w lemma="magnus"><expan><abbr>M</abbr><ex>aximo</ex></expan></w>
                  <lb n="2"/><name reg="Dolicheno" type="cognomen">Dolicheno</name></persName>
                  <lb n="3"/><w lemma="pro">pro</w> <w lemma="salus">salute</w> <w lemma="et">et</w> <w lemma="uictoria">uictoria</w> 
                  <w lemma="dominus">domi<lb n="4" type="worddiv"/>norum</w> <w lemma="noster">nostrorum</w> <persName type="emperor"><name reg="Augustus" type="cognomen"><expan><abbr>Aug</abbr><ex>ustorum</ex></expan></name></persName> <w lemma="et">et</w> 
                  <lb n="5"/><del rend="erasure"><gap reason="lost" extent="unknown" unit="character"/></del>
                  <lb n="6"/><del rend="erasure"><gap reason="lost" extent="unknown" unit="character"/>e</del>
                  <unclear><g type="crux"/></unclear> 
                  <w lemma="redeo">redi<lb n="7" type="worddiv"/>tu</w> 
                  <w lemma="imperator"><expan><abbr><supplied reason="lost">I</supplied>m<unclear>p</unclear></abbr><ex>eratorum</ex></expan></w> 
                  <w lemma="in">in</w> <w lemma="urbs">urbem</w> <w lemma="suus"><supplied reason="lost">s</supplied>uam</w>
                  <lb n="8"/>
                  <persName type="attested"><name reg="Titus" type="praenomen"><expan><abbr>T</abbr><ex>itus</ex></expan></name> 
                  <name reg="Flauius" type="gentilicium"><unclear>Fla</unclear>uiu<supplied reason="lost">s</supplied></name>
                     <gap reason="lost" extent="1" unit="character"/><name><seg part="F">arinus</seg></name></persName> 
                  <rs type="military"><w lemma="centurio"><expan><abbr>c</abbr><ex>enturio</ex></expan></w> <w lemma="legio"><expan><abbr>leg</abbr><ex>ionis</ex></expan></w></rs>
                  <lb n="9"/>
                  <w lemma="uotum"><expan><abbr>u</abbr><ex>otum</ex></expan></w> 
                  <w lemma="libens"><expan><abbr>l</abbr><ex>ibens</ex></expan></w> <w lemma="pono"><expan><abbr>p</abbr><ex>osuit</ex></expan></w>
               </ab></div>

<div type="textpart" subtype="section" n="b">
<ab>
                  <lb n="1"/>
                  <w lemma="dedico"><expan><abbr>D</abbr><ex>e</ex><abbr>d</abbr><ex>icauit</ex></expan></w> <num value="3">III</num> 
                  <w lemma="idus">idus</w> <rs type="month" reg="Aprilis"><w lemma="aprilis">Apriles</w></rs>
               </ab></div></div>

<div type="apparatus">
<head>Apparatus</head>
<p>
               <app loc="a 4"><note> AVGG[G], the third G erased. Septimius Severus, Caracalla and Geta. Geta has the title Augustus in Tripolitanian inscriptions as early as 201, see <xref type="inscription">913</xref>, <xref type="inscription">914</xref>, <xref type="inscription">915</xref>.</note></app>
            </p>
<p>
               <app loc="a 6"><note>ll. 5 and 6, deliberately erased, contained perhaps the name of <foreign lang="la">C. Fulvius Plautianus</foreign>, or that of the dedicator's legion, possibly <foreign lang="la">III Augusta</foreign>, disbanded in 238, or <foreign lang="la">III Gallica</foreign>, disbanded under Elagabalus.
                     Detachments of <foreign lang="la">III Gallica</foreign> served in Africa in the time of Septimius Severus.</note></app>
            </p>
<p>
               <app loc="a 7"><note> [I]M[P]P or possibly [I]M[PP]P, with the second P erased. </note></app>
            </p>
<p><app loc="a 8"><rdg resp="guey1950"><supplied reason="lost">M</supplied>arinus</rdg><note>This should be accepted, see e.g. Ingholt, <title level="j">Memoirs of the Connecticut Academy of Arts and Sciences</title>, XII (1954) 28 for the use of the cognomen Marinus by worshippers of Dolichenus, presumably because of its apparent connexion with the cult-title Mar = Lord.</note></app></p>
<p><app loc="a 9"><rdg resp="guey1950">An additional line-III <expan><abbr>Aug</abbr><ex>ustae</ex></expan></rdg><note>No such line exists: the reading results from a misinterpretation of accidental scatches on the stone.</note></app></p></div>

<div type="translation">
<head>Translation</head>
               <p>To Jupiter Optimus Maximus Dolichenus, for the safety and victory of our lords the three Augusti and <note>erased name</note> and the return of the emperors to their own city. Titus Flavius <gap reason="lost"/>arinus, legionary centurion, willingly paid his vow. b. Dedicated on the 11th of April.</p></div>

<div type="commentary">
<head>Commentary</head>
<p>b) l.1. 11th April, the birthday of Septimius Severus.</p></div>

<div type="figure">
<head>Photographs</head>
<p>
<figure href="0347"><figDesc>Ward-Perkins Archive, BSR (Sopr. CLM 188 Lastre)</figDesc></figure>
<figure href="0348"><figDesc>Ward-Perkins Archive, BSR (BSR 48.III.18)</figDesc></figure></p></div></body></text></TEI.2>
