<?xml version="1.0" encoding="UTF-8"?>
<!DOCTYPE TEI.2 SYSTEM "http://www.stoa.org/epidoc/dtd/6/tei-epidoc.dtd">
<TEI.2 lang="en" id="IRT282"><teiHeader><fileDesc><titleStmt><title> <rs type="textType">Dedication</rs> to the Genius of Lepcis </title><editor>J. M. Reynolds</editor><editor>J. B. Ward-Perkins</editor></titleStmt><publicationStmt>
<p>Creative Commons licence Attribution UK 2.0 (<xref>http://creativecommons.org/licenses/by/2.0/uk/</xref>). </p>
<p>All reuse or distribution of this work must contain somewhere a link back to the URL <xref>http://irt.kcl.ac.uk/</xref>
            </p></publicationStmt><sourceDesc>
<p>Republished from <bibl id="irt1952">
                  <author>J. M. Reynolds</author> and <author>J. B. Ward-Perkins</author>, <title level="m">The Inscriptions of Roman Tripolitania</title>, <pubPlace>Rome</pubPlace>: <publisher>British
                  School at Rome</publisher>, <date>1952</date></bibl>; with addenda from <bibl id="reynolds1955"><author>J. M. Reynolds</author>, <title level="a">Inscriptions of Roman Tripolitania: A Supplement</title>, <title level="j">Proceedings of the British School at Rome</title> <biblScope type="volume">23</biblScope> (<date>1955</date>), <biblScope type="pages">124-147</biblScope></bibl>.</p></sourceDesc></fileDesc><encodingDesc>
<p>Marked-up according to the EpiDoc Guidelines version 5 <xref>http://www.stoa.org/epidoc/gl/5/</xref>
         </p></encodingDesc><profileDesc><langUsage><language id="ar">Arabic</language><language id="en">English</language><language id="fr">French</language><language id="de">German</language><language id="grc">Ancient Greek</language><language id="grc-Latn">Transliterated Greek</language><language id="el">Modern Greek</language><language id="he">Hebrew</language><language id="it">Italian</language><language id="la">Latin</language><language id="phn-LY">Punic</language><language id="ber-Latn">Native Libyan language in Latin script</language></langUsage><textClass/><textClass><keywords><term>
                  <geogName type="ancientRegion" key="Tripolitania">Tripolitania</geogName>
               </term><term>
                  <geogName type="modernCountry" key="LY">Libya</geogName>
               </term><term>
                  <placeName type="modernFindspot" key="http://www.geonames.org/2215692/leptis-magna.html">Leptis Magna</placeName>
               </term></keywords></textClass></profileDesc><revisionDesc>
<change><date>2008-09-09</date><respStmt><name>ZA</name></respStmt><item>converted using CHET-C</item></change>
<change><date>2009-05-19</date><respStmt><name>RV</name></respStmt><item>Added Figures</item></change>
<change><date>2009-08-24</date><respStmt><name>RV</name></respStmt><item>Added Figures</item></change></revisionDesc></teiHeader><text><body>

<div type="description" subtype="monument">
<head>Description of Monument</head>
<p>Moulded <rs type="material">marble</rs> <rs type="objectType">base</rs> (<rs type="dimensions">
               <measure unit="metre" type="length" dim="width">0.90</measure>
               <measure unit="metre" type="length" dim="height">1.55</measure>
               <measure unit="metre" type="length" dim="depth">0.90</measure></rs>)</p></div>

<div type="description" subtype="text">
<head>Description of Text</head>
<p>Inscribed on front and back (see also <xref type="inscription">543</xref>); on the right-hand side a <rs type="decoration">jug</rs>,
               on the left <rs type="decoration">lituus</rs>, both in low relief. 
               The first line is cut above the die; there are formal <rs type="decoration">sprays</rs> at the beginning and end of ll. 2 and 4</p></div>

<div type="description" subtype="letters">
<head>Description of Letters</head>
<p>Fourth century A.D. capitals; <measure type="length" unit="metre" dim="height">0.05</measure></p></div>

<div type="description" subtype="date">
<head>Date</head>
<p>
               <date type="textDate" exact="none" notBefore="0301" notAfter="0400">Fourth century A.D.</date>
            (<rs type="criteria">lettering</rs>)</p></div>

<div type="history" subtype="locations">
<head>Locations</head>
<p>
               <rs type="found">
                  <placeName type="ancientFindspot" ref="http://atlantides.org/batlas/neapolis-lepcis-magna-35-g2" key="db653">Lepcis Magna</placeName>:
                  Findspot unrecorded</rs>
            </p>
<p>
               <rs type="origLocation">Unknown</rs>
            </p>
<p>
               <rs type="lastLocation">Findspot</rs>
            </p></div>


<div type="bibliography">
<head>Bibliography</head>
<p>Not previously published.</p></div>

<div type="history" subtype="text-constituted-from">
<head>Text constituted from</head>
<p>Transcription (Reynolds, Ward-Perkins)</p></div>

<div type="edition" lang="la">
<head lang="en">Text</head>
<ab>
               <lb n="1"/><foreign lang="grc"><placeName reg="Λέπκις ἡ Μεγάλη">Λέπκις <w lemma="ὁ">ἡ</w> <w lemma="μέγας">μεγάλη</w></placeName> <w lemma="φιλησιρώμη">φιλισερώμη</w></foreign>
               <lb n="2"/><g type="spray"/> <persName type="divine" reg="Genius"><name reg="Genius" type="cognomen">Genio</name> <g type="spray"/>
               <lb n="3"/><w lemma="colonia">coloniae</w>
               <lb n="4"/><g type="spray"/> <placeName reg="Lepcis Magna">Lepcis <g type="spray"/>
                  <lb n="5"/><w lemma="magnus">Magnae</w>
                  <lb n="6"/><w lemma="crescentinus">Crescentinae</w></placeName></persName>
            </ab></div>

<div type="apparatus">
<head>Apparatus</head>
<p>
               <app loc="1"><note>Or perhaps <foreign lang="grc">φιλησιρώμη</foreign>.</note></app>
            </p>
<p><note>The final letter could be read as E or as F: but a check on the stone shows that there is no stop before it (the photograph is misleading on this point).
               This is perhaps in favour of the IRT reading Crescentinae - presumably a municipal title.</note></p></div>

<div type="translation">
<head>Translation</head>
<p>Lepcis, the great <supplied reason="subaudible">city</supplied>; Rome loves you. <note>or</note> Lepcis, great city, lover of Rome.</p><p>To the genius of the colony of Lepcis Magna Crescentina</p></div>

<div type="commentary">
<head>Commentary</head>
<p>No comment.</p></div>

<div type="figure">
<head>Photographs</head>
<p>
<figure href="0333"><figDesc>Ward-Perkins Archive, BSR (Sopr. DLM 373 Leica)</figDesc></figure>
<figure href="0334"><figDesc>Ward-Perkins Archive, BSR (Sopr. CLM 27)</figDesc></figure>
<figure href="0335"><figDesc>Ward-Perkins Archive, BSR (Sopr. CLM 332)</figDesc></figure></p></div></body></text></TEI.2>
