<?xml version="1.0" encoding="UTF-8"?>
<!DOCTYPE TEI.2 SYSTEM "http://www.stoa.org/epidoc/dtd/6/tei-epidoc.dtd">
<TEI.2 lang="en" id="IRT275"><teiHeader><fileDesc><titleStmt><title><rs type="textType">Votive</rs> to the Gods of Lepcis </title><editor>J. M. Reynolds</editor><editor>J. B. Ward-Perkins</editor></titleStmt><publicationStmt>
<p>Creative Commons licence Attribution UK 2.0 (<xref>http://creativecommons.org/licenses/by/2.0/uk/</xref>). </p>
<p>All reuse or distribution of this work must contain somewhere a link back to the URL <xref>http://irt.kcl.ac.uk/</xref>
            </p></publicationStmt><sourceDesc>
<p>Republished from <bibl id="irt1952">
                  <author>J. M. Reynolds</author> and <author>J. B. Ward-Perkins</author>, <title level="m">The Inscriptions of Roman Tripolitania</title>, <pubPlace>Rome</pubPlace>: <publisher>British
                  School at Rome</publisher>, <date>1952</date>. </bibl>
            </p></sourceDesc></fileDesc><encodingDesc>
<p>Marked-up according to the EpiDoc Guidelines version 5 <xref>http://www.stoa.org/epidoc/gl/5/</xref>
         </p></encodingDesc><profileDesc><langUsage><language id="ar">Arabic</language><language id="en">English</language><language id="fr">French</language><language id="de">German</language><language id="grc">Ancient Greek</language><language id="grc-Latn">Transliterated Greek</language><language id="el">Modern Greek</language><language id="he">Hebrew</language><language id="it">Italian</language><language id="la">Latin</language><language id="phn-LY">Punic</language><language id="ber-Latn">Native Libyan language in Latin script</language></langUsage><textClass/><textClass><keywords><term>
                  <geogName type="ancientRegion" key="Tripolitania">Tripolitania</geogName>
               </term><term>
                  <geogName type="modernCountry" key="LY">Libya</geogName>
               </term><term>
                  <placeName type="modernFindspot" key="http://www.geonames.org/2215692/leptis-magna.html">Leptis Magna</placeName>
               </term></keywords></textClass></profileDesc><revisionDesc>
<change><date>2008-09-09</date><respStmt><name>ZA</name></respStmt><item>converted using CHET-C</item></change>
<change><date>2009-05-19</date><respStmt><name>RV</name></respStmt><item>Added Figures</item></change>
<change><date>2009-08-24</date><respStmt><name>RV</name></respStmt><item>Added Figures</item></change></revisionDesc></teiHeader><text><body>

<div type="description" subtype="monument">
<head>Description of Monument</head>
<p><rs type="material">Marble</rs> <rs type="objectType">panel</rs> reconstructed from fragments (<rs type="dimensions">
               <measure unit="metre" type="length" dim="width">0.51</measure>
               <measure unit="metre" type="length" dim="height">0.49</measure></rs>), the bottom right- hand corner missing.</p></div>

<div type="description" subtype="text">
<head>Description of Text</head>
<p>Inscribed on one face.</p></div>

<div type="description" subtype="letters">
<head>Description of Letters</head>
<p>Second century A.D. capitals, with some Rustic forms: <measure from="0.40" to="0.035" dim="height" unit="metre">0.40-0.035</measure>.</p></div>

<div type="description" subtype="date">
<head>Date</head>
<p>
               <date type="textDate" exact="notBefore" notBefore="0079">After A.D. 79</date>
            (<rs type="criteria">deification of Vespasian</rs>)</p></div>

<div type="history" subtype="locations">
<head>Locations</head>
<p>
               <rs type="found">
                  <placeName type="ancientFindspot" ref="http://atlantides.org/batlas/neapolis-lepcis-magna-35-g2" key="db653">Lepcis Magna</placeName>:
                  Found in the <rs type="monuList" key="db720">Forum Vetus</rs>, near the Temple of Liber Pater</rs>
            </p>
<p>
               <rs type="origLocation">Unknown</rs>
            </p>
<p>
               <rs type="lastLocation"> <rs type="monuList" key="db654">Lepcis Museum</rs>. </rs>
            </p></div>


<div type="bibliography">
<head>Bibliography</head>
<p>Not previously published.</p></div>

<div type="history" subtype="text-constituted-from">
<head>Text constituted from</head>
<p>Transcription (Reynolds, Ward-Perkins)</p></div>

<div type="edition" lang="la">
<head lang="en">Text</head>
<ab>
               <lb n="1"/><w lemma="deus">Dibus</w> <placeName reg="Lepcis Magna">Lepcis <w lemma="magnus">Magnae</w></placeName>
               <lb n="2"/>
               <persName type="attested"><name reg="Marcus" type="praenomen"><expan><abbr>M</abbr><ex>arcus</ex></expan></name> <name reg="Vipsanius" type="gentilicium">Vipsanius</name> <name reg="Clemens" type="cognomen">Clemens</name></persName> <w lemma="redemptor">redemtor</w> 
               <lb n="3"/><w lemma="marmorarius">marmorarius</w> <w lemma="templum">templi</w> <persName type="divine"><name reg="Liber">Liberi</name>
               <lb n="4"/><w lemma="pater">Patris</w></persName> <w lemma="de"><expan><abbr>d</abbr><ex>e</ex></expan></w> 
               <w lemma="suus"><expan><abbr>s</abbr><ex>ua</ex></expan></w>
               <w lemma="pecunia"><expan><abbr>p</abbr><ex>ecunia</ex></expan></w>
               <w lemma="uotum"><expan><abbr>u</abbr><ex>otum</ex></expan></w> 
               <w lemma="soluo"><expan><abbr>s</abbr><ex>oluit</ex></expan></w> <w lemma="sub">sub</w> <w lemma="cura">cura</w>
               <lb n="6"/>
               <expan><abbr>Q</abbr><ex>uinti</ex></expan> <persName type="attested"><name reg="Seruilius" type="gentilicium">Seruili</name> <name type="cognomen" reg="Candidus">Candidi</name></persName> <w lemma="amator">amatoris</w> <w lemma="patria">patriae</w>
               <lb n="7"/><w lemma="amator">amatoris</w> <w lemma="ciuis">ciuium</w> <w lemma="ornator">ornatoris</w> <supplied reason="lost"><w lemma="patria">patriae</w></supplied>
               <lb n="8"/><w lemma="flamen">flaminis</w> <persName type="emperor"><w lemma="diuus">diui</w> <name reg="Vespasianus" type="cognomen">Vespas<supplied reason="lost">iani</supplied></name></persName>
               <gap reason="lost" extent="8" unit="character" extentmax="9"/>
            </ab></div>



<div type="translation">
<head>Translation</head>
   <p>To the gods of Lepcis Magna, Marcus Vipsanius Clemens, marble-merchant, for the temple of Liber Pater, paid his vow at his own expenses; under the administration of Quintus Servilius Candidus, lover of his country, lover of the citizens, adorner of <supplied reason="lost">his country</supplied>, flamen <note>local priest</note> of the deified Vespasian <gap reason="lost"/>.</p></div>

<div type="commentary">
<head>Commentary</head>
<p>l. 5. Q. Servilius Candidus. Also in  <xref type="inscription">357</xref> , l. 4;  <xref type="inscription">358</xref> . l. 5;  <xref type="inscription">359</xref> , l. 3. </p></div>

<div type="figure">
<head>Photographs</head>
<p>
<figure href="0325"><figDesc>Ward-Perkins Archive, BSR (BSR 47.XV.23)</figDesc></figure>
<figure href="0326"><figDesc>Ward-Perkins Archive, BSR (Sopr. CLM 947)</figDesc></figure></p></div></body></text></TEI.2>
