<?xml version="1.0" encoding="UTF-8"?>
<!DOCTYPE TEI.2 SYSTEM "http://www.stoa.org/epidoc/dtd/6/tei-epidoc.dtd">
<TEI.2 lang="en" id="IRT288"><teiHeader><fileDesc><titleStmt><title>Fragmentary <rs type="textType">dedication</rs> to Hercules</title><editor>J. M. Reynolds</editor><editor>J. B. Ward-Perkins</editor></titleStmt><publicationStmt>
<p>Creative Commons licence Attribution UK 2.0 (<xref>http://creativecommons.org/licenses/by/2.0/uk/</xref>). </p>
<p>All reuse or distribution of this work must contain somewhere a link back to the URL <xref>http://irt.kcl.ac.uk/</xref>
            </p></publicationStmt><sourceDesc>
<p>Republished from <bibl id="irt1952">
                  <author>J. M. Reynolds</author> and <author>J. B. Ward-Perkins</author>, <title level="m">The Inscriptions of Roman Tripolitania</title>, <pubPlace>Rome</pubPlace>: <publisher>British
                  School at Rome</publisher>, <date>1952</date>. </bibl>
            </p></sourceDesc></fileDesc><encodingDesc>
<p>Marked-up according to the EpiDoc Guidelines version 5 <xref>http://www.stoa.org/epidoc/gl/5/</xref>
         </p></encodingDesc><profileDesc><langUsage><language id="ar">Arabic</language><language id="en">English</language><language id="fr">French</language><language id="de">German</language><language id="grc">Ancient Greek</language><language id="grc-Latn">Transliterated Greek</language><language id="el">Modern Greek</language><language id="he">Hebrew</language><language id="it">Italian</language><language id="la">Latin</language><language id="phn-LY">Punic</language><language id="ber-Latn">Native Libyan language in Latin script</language></langUsage><textClass/><textClass><keywords><term>
                  <geogName type="ancientRegion" key="Tripolitania">Tripolitania</geogName>
               </term><term>
                  <geogName type="modernCountry" key="LY">Libya</geogName>
               </term><term>
                  <placeName type="modernFindspot" key="http://www.geonames.org/2215692/leptis-magna.html">Leptis Magna</placeName>
               </term></keywords></textClass></profileDesc><revisionDesc>
<change><date>2008-09-09</date><respStmt><name>ZA</name></respStmt><item>converted using CHET-C</item></change>
<change><date>2009-05-19</date><respStmt><name>RV</name></respStmt><item>Added Figures</item></change>
<change><date>2009-08-24</date><respStmt><name>RV</name></respStmt><item>Added Figures</item></change></revisionDesc></teiHeader><text><body>

<div type="description" subtype="monument">
<head>Description of Monument</head>
<p>Fragmentary <rs type="objectType">altar</rs> of <rs type="material">white marble</rs> (surviving, <rs type="dimensions">
               <measure unit="metre" type="length" dim="width">0.33</measure>
               <measure unit="metre" type="length" dim="height">0.94</measure>
               <measure unit="metre" type="length" dim="depth">0.45</measure></rs>),  right-hand face missing: Uniform with<xref type="">297</xref>. </p></div>

<div type="description" subtype="text">
<head>Description of Text</head>
<p>Inscribed on one face; on the left- hand face, a <rs type="decoration">cyathus</rs> ornamented with <rs type="decoration">acanthus volutes</rs>;</p></div>

<div type="description" subtype="letters">
<head>Description of Letters</head>
<p>Unstated.</p></div>

<div type="description" subtype="date">
<head>Date</head>
<p>
               <date type="textDate">Unknown</date>
            </p></div>

<div type="history" subtype="locations">
<head>Locations</head>
<p>
               <rs type="found">
                  <placeName type="ancientFindspot" ref="http://atlantides.org/batlas/neapolis-lepcis-magna-35-g2" key="db653">Lepcis Magna</placeName>:
                  <rs type="monuList" key="db725">Hadrianic Baths</rs>, in front of the small shrine at the East end of the South portico of the Palaestra.</rs>
            </p>
<p>
               <rs type="origLocation">Unknown</rs>
            </p>
<p>
               <rs type="lastLocation">Findspot</rs>
            </p></div>


<div type="bibliography">
<head>Bibliography</head>
<p><bibl><xptr from="bartoccini1929"/>, <biblScope>30</biblScope></bibl>.</p></div>

<div type="history" subtype="text-constituted-from">
<head>Text constituted from</head>
<p>Transcription (Reynolds, Ward-Perkins)</p></div>

<div type="edition" lang="la">
<head lang="en">Text</head>
<ab>
               <lb n="1"/>
               <persName type="divine"><del rend="erasure">
               <name reg="Hercules" type="cognomen"><supplied reason="lost">He</supplied>rculi</name></del>
               <lb n="2"/>
               <del rend="erasure"><name reg="Genius">
                  <supplied reason="lost">ge</supplied><unclear>n</unclear>
                  <supplied reason="lost">i</supplied>o </name><w lemma="colonia"><expan><abbr>c<supplied reason="lost">o</supplied>l</abbr><ex>oniae</ex></expan></w>
               </del></persName>
               <lb n="3"/>
                  <gap reason="lost" extent="6" unit="character" precision="circa"/><del rend="erasure"><w part="F"><unclear>o</unclear>nio</w></del>
               <lb n="4"/>
               <gap reason="lost" extent="unknown" unit="line" id="gap1"/><certainty locus="#gi" target="gap1" degree="low"/>
               <lb n="5"/>
               <gap reason="lost" extent="3" unit="character"/>
               <del rend="erasure"><w lemma="templum"><unclear>te</unclear>m<unclear>p</unclear>lu<supplied reason="lost">m</supplied></w>
               </del>
               <lb n="6"/>
               <gap reason="lost" extent="unknown" unit="line" id="gap2"/><certainty locus="#gi" target="gap2" degree="low"/>
               <lb n="7"/>
               <gap reason="lost" extent="unknown" unit="character"/><del rend="erasure"><orig>a<unclear>p</unclear>a</orig></del><gap reason="lost" extent="unknown" unit="character"/>
               <lb n="8"/>
               <gap reason="lost" extent="unknown" unit="character"/>
                  <del rend="erasure"><w lemma="splendidus"><supplied reason="lost">s</supplied>pl<unclear>e</unclear>n<unclear>d</unclear><supplied reason="lost">idissimi</supplied></w>
                  </del>
               <lb n="9"/>
               <gap reason="lost" extent="unknown" unit="character"/> 
               <del rend="erasure"><w lemma="ordo">ordi<unclear>n</unclear>i<unclear>s</unclear></w></del>
            </ab></div>

<div type="translation">
<head>Translation</head>
   <p>To Hercules, genius of the colony <gap reason="lost"/> a Temple <gap reason="lost"/> <supplied reason="lost" cert="low"> by decree of the most splendid</supplied> city-council.</p></div>

<div type="commentary">
<head>Commentary</head>
<p>No comment.</p></div>

<div type="figure">
<head>Photographs</head>
<p>
<figure href="0340"><figDesc>Ward-Perkins Archive, BSR (BSR 48.XVII.15)</figDesc></figure></p></div></body></text></TEI.2>
