<?xml version="1.0" encoding="UTF-8"?>
<!DOCTYPE TEI.2 SYSTEM "http://www.stoa.org/epidoc/dtd/6/tei-epidoc.dtd">
<TEI.2 lang="en" id="IRT215"><teiHeader><fileDesc><titleStmt><title><rs type="textType">Christian</rs> <rs type="textType">funerary</rs> inscription of Nadese</title><editor>J. M. Reynolds</editor><editor>J. B. Ward-Perkins</editor></titleStmt><publicationStmt>
<p>Creative Commons licence Attribution UK 2.0 (<xref>http://creativecommons.org/licenses/by/2.0/uk/</xref>). </p>
<p>All reuse or distribution of this work must contain somewhere a link back to the URL <xref>http://irt.kcl.ac.uk/</xref>
            </p></publicationStmt><sourceDesc>
<p>Republished from <bibl id="irt1952">
                  <author>J. M. Reynolds</author> and <author>J. B. Ward-Perkins</author>, <title level="m">The Inscriptions of Roman Tripolitania</title>, <pubPlace>Rome</pubPlace>: <publisher>British
                  School at Rome</publisher>, <date>1952</date>. </bibl>
            </p></sourceDesc></fileDesc><encodingDesc>
<p>Marked-up according to the EpiDoc Guidelines version 5 <xref>http://www.stoa.org/epidoc/gl/5/</xref>
         </p></encodingDesc><profileDesc><langUsage><language id="ar">Arabic</language><language id="en">English</language><language id="fr">French</language><language id="de">German</language><language id="grc">Ancient Greek</language><language id="grc-Latn">Transliterated Greek</language><language id="el">Modern Greek</language><language id="he">Hebrew</language><language id="it">Italian</language><language id="la">Latin</language><language id="phn-LY">Punic</language><language id="ber-Latn">Native Libyan language in Latin script</language></langUsage><textClass/><textClass><keywords><term>
                  <geogName type="ancientRegion" key="Tripolitania">Tripolitania</geogName>
               </term><term>
                  <geogName type="modernCountry" key="LY">Libya</geogName>
               </term><term>
                  <placeName type="modernFindspot" key="http://www.geonames.org/2208578/marsa-zawaghah.html">Marsa Zawaghah</placeName>
               </term></keywords></textClass></profileDesc><revisionDesc>
<change><date>2008-09-09</date><respStmt><name>ZA</name></respStmt><item>converted using CHET-C</item></change>
<change><date>2009-05-19</date><respStmt><name>RV</name></respStmt><item>Added Figures</item></change>
<change><date>2009-08-24</date><respStmt><name>RV</name></respStmt><item>Added Figures</item></change></revisionDesc></teiHeader><text><body>

<div type="description" subtype="monument">
<head>Description of Monument</head>
<p> <rs type="objectType">Tomb-slab</rs> (measurements unrecorded) of local <rs type="material">sandstone</rs> coated with plaster.</p></div>

<div type="description" subtype="text">
<head>Description of Text</head>
<p>Lightly incised on a surface of plaster</p></div>

<div type="description" subtype="letters">
<head>Description of Letters</head>
<p> Measurements unrecorded; uncial D.</p></div>

<div type="description" subtype="date">
<head>Date</head>
<p>
               <date type="textDate">Unknown</date>
            </p></div>

<div type="history" subtype="locations">
<head>Locations</head>
<p>
               <rs type="found">
                  <placeName type="ancientFindspot" ref="http://atlantides.org/batlas/abrotonum-sabratha-35-e2" key="db659">Sabratha</placeName>:
                  Findspot unrecorded. The text is known from a photograph only.</rs>
            </p>
<p>
               <rs type="origLocation">Unknown</rs>
            </p>
<p>
               <rs type="lastLocation">Findspot</rs>
            </p></div>



<div type="bibliography">
<head>Bibliography</head>
<p>Not previously published.</p></div>

<div type="history" subtype="text-constituted-from">
<head>Text constituted from</head>
<p>Transcription (Reynolds, Ward-Perkins)</p></div>

<div type="edition" lang="la">
<head lang="en">Text</head>
<ab>
               <lb n="1"/><g type="crux"/> 
               <w lemma="in">In</w> 
               <w lemma="nomen"><expan><abbr>n</abbr><ex>omine</ex></expan></w> 
               <persName type="divine"><w lemma="dominus"><expan><abbr>D</abbr><ex>omi</ex><abbr>ni</abbr></expan></w>
               <lb n="2"/>
               <name reg="Iesus" type="cognomen"><expan><abbr><am lang="grc">ΙΗΣ</am></abbr><ex>Iesus</ex></expan></name>
               <name reg="Christus"><expan><abbr><am lang="grc">ΧΡ</am></abbr><ex>Christ</ex><abbr>i</abbr></expan></name></persName> 
               <w lemma="memoria">me<unclear>m</unclear><lb n="3" type="worddiv"/>oria</w> 
               <persName type="attested"><name reg="Nadese" type="cognomen">Nadese</name> <lb n="4"/><w lemma="filia">filia</w><persName type="attested"> <name reg="Misekor" type="cognomen">Mis<unclear>ek</unclear>or</name></persName></persName>
               <lb n="5"/>
               <w lemma="uiuo">bixit</w> 
              <date dur="PY7M60"> <w lemma="annus"><expan><abbr>ann</abbr><ex>os</ex></expan></w>
               <num value="7"><hi rend="ligature">VI</hi>I</num> 
               <lb n="6"/>
               <w lemma="dies">dies</w> 
               <num value="60">LX</num></date>
               <gap reason="lost" extent="1" unit="character"/> 
               <w part="I">re<lb n="7" type="worddiv"/>q</w><gap reason="lost" extent="6" unit="character"/><w part="F">ie</w>
               <lb n="8"/><gap reason="lost" extent="unknown" unit="line"/>
            </ab></div>

                  <div type="translation">
<head>Translation</head>
<p><note>cross</note> In the name of the Lord Jesus Christ, in memory of Nadese, daughter of Misekor. She lived 7 years 60 <note>(?+)</note> days and went to rest <gap reason="lost"/></p></div>

<div type="commentary">
<head>Commentary</head>
<p>No comment.</p></div>

<div type="figure">
<head>Photographs</head>
<p>
<figure href="0261"><figDesc>Ward-Perkins Archive, BSR (Sopr. CS 1)</figDesc></figure></p></div></body></text></TEI.2>
