<?xml version="1.0" encoding="UTF-8"?>
<!DOCTYPE TEI.2 SYSTEM "http://www.stoa.org/epidoc/dtd/6/tei-epidoc.dtd">
<TEI.2 lang="en" id="IRT262"><teiHeader><fileDesc><titleStmt><title><rs type="textType">Christian</rs> <rs type="textType">funerary</rs> texts from <rs type="textType">Christian</rs> cemetery</title><editor>J. M. Reynolds</editor><editor>J. B. Ward-Perkins</editor></titleStmt><publicationStmt>
<p>Creative Commons licence Attribution UK 2.0 (<xref>http://creativecommons.org/licenses/by/2.0/uk/</xref>). </p>
<p>All reuse or distribution of this work must contain somewhere a link back to the URL <xref>http://irt.kcl.ac.uk/</xref>
            </p></publicationStmt><sourceDesc>
<p>Republished from <bibl id="irt1952">
                  <author>J. M. Reynolds</author> and <author>J. B. Ward-Perkins</author>, <title level="m">The Inscriptions of Roman Tripolitania</title>, <pubPlace>Rome</pubPlace>: <publisher>British
                  School at Rome</publisher>, <date>1952</date>. </bibl>
            </p></sourceDesc></fileDesc><encodingDesc>
<p>Marked-up according to the EpiDoc Guidelines version 5 <xref>http://www.stoa.org/epidoc/gl/5/</xref>
         </p></encodingDesc><profileDesc><langUsage><language id="ar">Arabic</language><language id="en">English</language><language id="fr">French</language><language id="de">German</language><language id="grc">Ancient Greek</language><language id="grc-Latn">Transliterated Greek</language><language id="el">Modern Greek</language><language id="he">Hebrew</language><language id="it">Italian</language><language id="la">Latin</language><language id="phn-LY">Punic</language><language id="ber-Latn">Native Libyan language in Latin script</language></langUsage><textClass/><textClass><keywords><term>
                  <geogName type="ancientRegion" key="Tripolitania">Tripolitania</geogName>
               </term><term>
                  <geogName type="modernCountry" key="LY">Libya</geogName>
               </term><term>
                  <placeName type="modernFindspot" key="http://www.geonames.org/2210247/tripoli.html">Tripoli</placeName>
               </term></keywords></textClass></profileDesc><revisionDesc>
<change><date>2008-09-09</date><respStmt><name>ZA</name></respStmt><item>converted using CHET-C</item></change>
<change><date>2009-05-19</date><respStmt><name>RV</name></respStmt><item>Added Figures</item></change>
<change><date>2009-08-24</date><respStmt><name>RV</name></respStmt><item>Added Figures</item></change></revisionDesc></teiHeader><text><body>

<div type="description" subtype="monument">
<head>Description of Monument</head>
<p>The <rs type="objectType">tomb</rs>s are of the same general form as those of the cemetery of Ain Zara (see <xref type="inscription">261</xref>). There is no record of any associated structure.
  Of the 14 texts recorded, 5 are precisely dated, to the years 945, 963, 980, 989 and 1003 respectively, and the cemetery belongs therefore to the closing phase of Arab tolerance prior to the renewed incursions of the eleventh century.</p></div>

<div type="description" subtype="text">
<head>Description of Text</head>
<p>Inscribed in good uncial characters on the two long sides</p></div>

<div type="description" subtype="letters">
<head>Description of Letters</head>
<p>See Romanelli for individual inscriptions.</p></div>

<div type="history" subtype="locations">
<head>Locations</head>
<p>
               <rs type="found">
                  <placeName type="ancientFindspot" ref="http://atlantides.org/batlas/oea-35-f2" key="db657">Oea</placeName>:
                  Christian cemetery among the sand-dunes at <rs type="monuList" key="db821">en-Ngila</rs> (map ref. L 410550) 18 km. SSW of Tripoli, near Suani Ben Adem. </rs>
            </p>
<p>
               <rs type="origLocation">Unknown</rs>
            </p>
<p>
               <rs type="lastLocation">Findspot</rs>
            </p></div>



<div type="bibliography">
<head>Bibliography</head>
<p>For the texts, see <bibl><xptr from="nuovbullarch"/>,<biblScope> XXI :76-8</biblScope></bibl>;
               <bibl><author>Paribeni</author>, <xptr from="afrital"/>, <biblScope>I: 75-82</biblScope></bibl>;
               <bibl><author>A. Todesco</author>, <xptr from="afrital"/>, <biblScope>VI:79-81</biblScope></bibl>.
               A fuller publication by Bartoccini is in preparation. </p></div>





<div type="commentary">
<head>Commentary</head>
<p>[Material from these texts was incorporated within the indices of the
               1952 volume, but is not included here, 2009].</p></div>

</body></text></TEI.2>
