<?xml version="1.0" encoding="UTF-8"?>
<!DOCTYPE TEI.2 SYSTEM "http://www.stoa.org/epidoc/dtd/6/tei-epidoc.dtd">
<TEI.2 lang="en" id="IRT213"><teiHeader><fileDesc><titleStmt><title><rs type="textType">Christian</rs> <rs type="textType">funerary</rs> inscription of Marcella</title><editor>J. M. Reynolds</editor><editor>J. B. Ward-Perkins</editor></titleStmt><publicationStmt>
<p>Creative Commons licence Attribution UK 2.0 (<xref>http://creativecommons.org/licenses/by/2.0/uk/</xref>). </p>
<p>All reuse or distribution of this work must contain somewhere a link back to the URL <xref>http://irt.kcl.ac.uk/</xref>
            </p></publicationStmt><sourceDesc>
<p>Republished from <bibl id="irt1952">
                  <author>J. M. Reynolds</author> and <author>J. B. Ward-Perkins</author>, <title level="m">The Inscriptions of Roman Tripolitania</title>, <pubPlace>Rome</pubPlace>: <publisher>British
                  School at Rome</publisher>, <date>1952</date>. </bibl>
            </p></sourceDesc></fileDesc><encodingDesc>
<p>Marked-up according to the EpiDoc Guidelines version 5 <xref>http://www.stoa.org/epidoc/gl/5/</xref>
         </p></encodingDesc><profileDesc><langUsage><language id="ar">Arabic</language><language id="en">English</language><language id="fr">French</language><language id="de">German</language><language id="grc">Ancient Greek</language><language id="grc-Latn">Transliterated Greek</language><language id="el">Modern Greek</language><language id="he">Hebrew</language><language id="it">Italian</language><language id="la">Latin</language><language id="phn-LY">Punic</language><language id="ber-Latn">Native Libyan language in Latin script</language></langUsage><textClass/><textClass><keywords><term>
                  <geogName type="ancientRegion" key="Tripolitania">Tripolitania</geogName>
               </term><term>
                  <geogName type="modernCountry" key="LY">Libya</geogName>
               </term><term>
                  <placeName type="modernFindspot" key="http://www.geonames.org/2208578/marsa-zawaghah.html">Marsa Zawaghah</placeName>
               </term></keywords></textClass></profileDesc><revisionDesc>
<change><date>2008-09-09</date><respStmt><name>ZA</name></respStmt><item>converted using CHET-C</item></change>
<change><date>2009-05-19</date><respStmt><name>RV</name></respStmt><item>Added Figures</item></change>
<change><date>2009-08-24</date><respStmt><name>RV</name></respStmt><item>Added Figures</item></change></revisionDesc></teiHeader><text><body>

<div type="description" subtype="monument">
<head>Description of Monument</head>
<p> <rs type="objectType">Tomb-slab</rs> 
               (<rs type="dimensions">
                  <measure unit="metre" type="length" dim="width">0.56</measure>
                  <measure unit="metre" type="length" dim="height">2.04</measure>
               </rs>), consisting of a split segment of a <rs type="material" key="marmor">marble</rs> column.</p></div>

<div type="description" subtype="text">
<head>Description of Text</head>
<p>Inscribed on one face.</p></div>

<div type="description" subtype="letters">
<head>Description of Letters</head>
<p> l. 1, <measure unit="metre" type="length" dim="height">0.12</measure>;
               ll. 2-6, <measure unit="metre" type="length" dim="height">0.06</measure>.</p></div>

<div type="description" subtype="date">
<head>Date</head>
<p>
               <date type="textDate" notAfter="0600" notBefore="0401">Fifth-sixth century A.D.</date>
            (<rs type="criteria">context</rs>)</p></div>

<div type="history" subtype="locations">
<head>Locations</head>
<p>
               <rs type="found">
                  <placeName type="ancientFindspot" ref="http://atlantides.org/batlas/abrotonum-sabratha-35-e2" key="db659">Sabratha</placeName>:
                  <rs type="monuList" key="db836">Cemetery east of Church I</rs>In situ.</rs>
            </p>
<p>
               <rs type="origLocation">Findspot</rs>
            </p>
<p>
               <rs type="lastLocation">Findspot</rs>
            </p></div>



<div type="bibliography">
<head>Bibliography</head>
<p> <bibl><xptr from="basiliche"/>, <biblScope>11</biblScope>.</bibl></p></div>

<div type="history" subtype="text-constituted-from">
<head>Text constituted from</head>
<p>Transcription (Reynolds, Ward-Perkins)</p></div>

<div type="edition" lang="la">
<head lang="en">Text</head>
<ab>
               <lb n="1"/><foreign lang="grc">Α</foreign> <g type="crux"/> 
               <foreign lang="grc">Ω</foreign>
               <lb n="2"/><g type="crux"/> <persName type="attested"><name reg="Marcella" type="cognomen">Marcella</name></persName> <g type="crux"/>
               <lb n="3"/>
               <w lemma="bonus"><expan><abbr>bon</abbr><ex>a</ex><abbr>e</abbr></expan></w> 
               <w lemma="memoria"><expan><abbr>memori</abbr><ex>a</ex><abbr>e</abbr></expan></w>
               <lb n="4"/>
               <w lemma="in">in</w> 
               <persName type="divine"><name><expan><abbr><am>ΧΡ</am></abbr><ex>Christ</ex><abbr>o</abbr></expan></name></persName>
               <w lemma="requiesco">requieuit</w>
               <lb n="5"/>
               <w lemma="dies"><expan><abbr>d</abbr><ex>ie</ex></expan></w> 
               <w lemma="kalendae"><expan><abbr>k</abbr><ex>alendarum</ex></expan></w> 
               <rs type="month" reg="Ianuarius"><w lemma="Ianuarius">Ianuariarum</w></rs>
               <lb n="6"/><g type="crux"/> 
               <w lemma="indictio"><expan><abbr>ind</abbr><ex>ictione</ex></expan></w>
               <foreign lang="grc">θ</foreign> <g type="crux"/></ab></div>

<div type="translation">
<head>Translation</head>
<p><note>Alpha and Omega on either side of a cross</note> <note>cross</note> Marcella <note>cross</note> Of good memory, she went to rest in Christ on January the first, in the ninth indiction. <note>cross</note></p></div>

<div type="commentary">
<head>Commentary</head>
<p>No comment.</p></div>

<div type="figure">
<head>Photographs</head>
<p>
<figure href="0258"><figDesc>Ward-Perkins Archive, BSR</figDesc></figure>
<figure href="0259"><figDesc>Ward-Perkins Archive, BSR (Sopr. B. 1586)</figDesc></figure></p></div></body></text></TEI.2>
