<?xml version="1.0" encoding="UTF-8"?>
<!DOCTYPE TEI.2 SYSTEM "http://www.stoa.org/epidoc/dtd/6/tei-epidoc.dtd">
<TEI.2 lang="en" id="IRT268"><teiHeader><fileDesc><titleStmt><title><rs type="textType">Dedication</rs> to C(a)elestis </title><editor>J. M. Reynolds</editor><editor>J. B. Ward-Perkins</editor></titleStmt><publicationStmt>
<p>Creative Commons licence Attribution UK 2.0 (<xref>http://creativecommons.org/licenses/by/2.0/uk/</xref>). </p>
<p>All reuse or distribution of this work must contain somewhere a link back to the URL <xref>http://irt.kcl.ac.uk/</xref>
            </p></publicationStmt><sourceDesc>
<p>Republished from <bibl id="irt1952">
                  <author>J. M. Reynolds</author> and <author>J. B. Ward-Perkins</author>, <title level="m">The Inscriptions of Roman Tripolitania</title>, <pubPlace>Rome</pubPlace>: <publisher>British
                  School at Rome</publisher>, <date>1952</date>. </bibl>
            </p></sourceDesc></fileDesc><encodingDesc>
<p>Marked-up according to the EpiDoc Guidelines version 5 <xref>http://www.stoa.org/epidoc/gl/5/</xref>
         </p></encodingDesc><profileDesc><langUsage><language id="ar">Arabic</language><language id="en">English</language><language id="fr">French</language><language id="de">German</language><language id="grc">Ancient Greek</language><language id="grc-Latn">Transliterated Greek</language><language id="el">Modern Greek</language><language id="he">Hebrew</language><language id="it">Italian</language><language id="la">Latin</language><language id="phn-LY">Punic</language><language id="ber-Latn">Native Libyan language in Latin script</language></langUsage><textClass/><textClass><keywords><term>
                  <geogName type="ancientRegion" key="Tripolitania">Tripolitania</geogName>
               </term><term>
                  <geogName type="modernCountry" key="LY">Libya</geogName>
               </term><term>
                  <placeName type="modernFindspot" key="http://www.geonames.org/2215692/leptis-magna.html">Leptis Magna</placeName>
               </term></keywords></textClass></profileDesc><revisionDesc>
<change><date>2008-09-09</date><respStmt><name>ZA</name></respStmt><item>converted using CHET-C</item></change>
<change><date>2009-05-19</date><respStmt><name>RV</name></respStmt><item>Added Figures</item></change>
<change><date>2009-08-24</date><respStmt><name>RV</name></respStmt><item>Added Figures</item></change></revisionDesc></teiHeader><text><body>

<div type="description" subtype="monument">
<head>Description of Monument</head>
<p>Wall of a rock-cut terrace. </p></div>

<div type="description" subtype="text">
<head>Description of Text</head>
<p>Rock- cut inscription (l.1, length <measure unit="metre" type="length" dim="height">3.25</measure>) on the wall. Since destroyed.</p></div>

<div type="description" subtype="letters">
<head>Description of Letters</head>
<p>Lettering: l.1, <measure unit="metre" type="length" dim="height">0.12</measure>; l. 2, much smaller.</p></div>

<div type="description" subtype="date">
<head>Date</head>
<p>
               <date type="textDate">Unknown</date>
            </p></div>

<div type="history" subtype="locations">
<head>Locations</head>
<p>
               <rs type="found">
                  <placeName type="ancientFindspot" ref="http://atlantides.org/batlas/neapolis-lepcis-magna-35-g2" key="db653">Lepcis Magna</placeName>: Seen in 1895 on <rs type="monuList" key="db739">Ras el-Mergheb</rs>, incised on the wall of a rock- cut terrace. Since destroyed.</rs>
            </p>
<p>
               <rs type="origLocation">Unknown</rs>
            </p>
<p>
               <rs type="lastLocation">Findspot</rs>
            </p></div>



<div type="bibliography">
<head>Bibliography</head>
<p><bibl><xptr from="cil"/> <biblScope>VIII: 22686</biblScope></bibl>: 
               after <bibl><author>Clermont-Ganneau</author>, <xptr from="cracad"/>, <biblScope>1903:334</biblScope> (with sketch)</bibl>;
               = <bibl><xptr from="cil"/> <biblScope>VIII:22</biblScope></bibl>. an inferior reading; 
               <bibl><author>Antonelli</author>, <xptr from="notizarch"/>, <biblScope>III:42</biblScope></bibl>;
               <bibl id="aurigemma1949"><author>Aurigemma</author>, <title level="s">Annali dell'Istituto Universitario Orientale di Napoli</title>, <date>1949</date>
                  n.s III  <biblScope>57</biblScope>.</bibl></p></div>

<div type="history" subtype="text-constituted-from">
<head>Text constituted from</head>
<p>Previous publications.</p></div>

<div type="edition" lang="la">
<head lang="en">Text</head>
<ab>
               <lb n="1"/><persName type="divine"><name reg="Caelestis">Celestis</name> <w lemma="sancio">sanctissima</w></persName> <w part="I">propitia</w><gap reason="lost" extent="3" unit="character"/><w part="F">eamus</w>
               <lb n="2"/><gap reason="lost" extent="unknown" unit="line"/>
            </ab></div>

<div type="apparatus">
<head>Apparatus</head>
<p>
               <app loc="1"><note> Perhaps, <foreign lang="la">Celestis sanctissima propitiam te habeamus</foreign>, 
                     but the reading is hard to reconcile with the careful sketch by Clermont- Ganneau. which is the only reliable source for the text. 
                  </note></app>
            </p>
<p>
               <app loc="2"><note> The second line, in much smaller characters, was very short. </note></app>
            </p></div>

<div type="translation">
<head>Translation</head>
   <p>Caelestis, most holy, we beg for your favour <gap reason="lost"/></p></div>

<div type="commentary">
<head>Commentary</head>
<p>No comment.</p></div>

<div type="figure">
<head>Photographs</head><p>No photographs.</p></div></body></text></TEI.2>
