<?xml version="1.0" encoding="UTF-8"?>
<!DOCTYPE TEI.2 SYSTEM "http://www.stoa.org/epidoc/dtd/6/tei-epidoc.dtd">
<TEI.2 lang="en" id="IRT267"><teiHeader><fileDesc><titleStmt><title>Fragmentary <rs type="textType">dedication</rs> to Attis</title><editor>J. M. Reynolds</editor><editor>J. B. Ward-Perkins</editor></titleStmt><publicationStmt>
<p>Creative Commons licence Attribution UK 2.0 (<xref>http://creativecommons.org/licenses/by/2.0/uk/</xref>). </p>
<p>All reuse or distribution of this work must contain somewhere a link back to the URL <xref>http://irt.kcl.ac.uk/</xref>
            </p></publicationStmt><sourceDesc>
<p>Republished from <bibl id="irt1952">
                  <author>J. M. Reynolds</author> and <author>J. B. Ward-Perkins</author>, <title level="m">The Inscriptions of Roman Tripolitania</title>, <pubPlace>Rome</pubPlace>: <publisher>British
                  School at Rome</publisher>, <date>1952</date>. </bibl>
            </p></sourceDesc></fileDesc><encodingDesc>
<p>Marked-up according to the EpiDoc Guidelines version 5 <xref>http://www.stoa.org/epidoc/gl/5/</xref>
         </p></encodingDesc><profileDesc><langUsage><language id="ar">Arabic</language><language id="en">English</language><language id="fr">French</language><language id="de">German</language><language id="grc">Ancient Greek</language><language id="grc-Latn">Transliterated Greek</language><language id="el">Modern Greek</language><language id="he">Hebrew</language><language id="it">Italian</language><language id="la">Latin</language><language id="phn-LY">Punic</language><language id="ber-Latn">Native Libyan language in Latin script</language></langUsage><textClass/><textClass><keywords><term>
                  <geogName type="ancientRegion" key="Tripolitania">Tripolitania</geogName>
               </term><term>
                  <geogName type="modernCountry" key="LY">Libya</geogName>
               </term><term>
                  <placeName type="modernFindspot" key="http://www.geonames.org/2215692/leptis-magna.html">Leptis Magna</placeName>
               </term></keywords></textClass></profileDesc><revisionDesc>
<change><date>2008-09-09</date><respStmt><name>ZA</name></respStmt><item>converted using CHET-C</item></change>
<change><date>2009-05-19</date><respStmt><name>RV</name></respStmt><item>Added Figures</item></change>
<change><date>2009-08-24</date><respStmt><name>RV</name></respStmt><item>Added Figures</item></change></revisionDesc></teiHeader><text><body>

<div type="description" subtype="monument">
<head>Description of Monument</head>
<p>Upper part of a rectangular <rs type="objectType">base</rs>
               (<rs type="dimensions"><measure unit="metre" type="length" dim="width">0.38</measure>
                  <measure unit="metre" type="length" dim="height">0.49</measure>
                  <measure unit="metre" type="length" dim="depth">0.39</measure></rs>, height incomplete) of <rs type="material">brown limestone</rs>.</p></div>

<div type="description" subtype="text">
<head>Description of Text</head>
<p>Inscribed on one face within a moulded panel (die, <rs type="dimensions"><measure unit="metre" type="length" dim="width">0.15</measure><measure unit="metre" type="length" dim="height">0.23</measure></rs>, height incomplete). </p></div>

<div type="description" subtype="letters">
<head>Description of Letters</head>
<p>Rustic capitals: <measure from="0.04" to="0.035" dim="height" unit="metre">0.04-0.035</measure>.</p></div>

<div type="description" subtype="date">
<head>Date</head>
<p>
               <date type="textDate" exact="none" notBefore="0101" notAfter="0267" cert="low">Probably second to mid-third centuries A.D.</date>
            (<rs type="criteria">lettering</rs>)</p></div>

<div type="history" subtype="locations">
<head>Locations</head>
<p>
               <rs type="found">
                  <placeName type="ancientFindspot" ref="http://atlantides.org/batlas/neapolis-lepcis-magna-35-g2" key="db653">Lepcis Magna</placeName>:  <rs type="monuList" key="db770">Forum Vetus</rs>,
                  in the Temple of Magna Mater.</rs>
            </p>
<p>
               <rs type="origLocation">Unknown</rs>
            </p>
<p>
               <rs type="lastLocation">Formerly in Homs Museum, 
                  now in <rs type="monuList" key="db654">Lepcis Museum</rs>. </rs>
            </p></div>


<div type="bibliography">
<head>Bibliography</head>
<p><bibl><xptr from="romanelli1925"/>, <biblScope>87</biblScope>.</bibl></p></div>

<div type="history" subtype="text-constituted-from">
<head>Text constituted from</head>
<p>Transcription (Reynolds, Ward-Perkins)</p></div>

<div type="edition" lang="la">
<head lang="en">Text</head>
<ab>
               <lb n="1"/><persName type="divine"><name reg="Attis">Attini</name> <w lemma="deus">deo</w></persName>
               <lb n="2"/><persName type="attested"><name reg="Flauia" type="gentilicium">Flauia</name> 
               <name reg="Procula" type="cognomen">Pro<lb n="3" type="worddiv"/>cu<supplied reason="lost">l</supplied>a</name></persName> <w lemma="ob">ob</w> 
               <w lemma="memoria">me<lb n="4" type="worddiv"/><supplied reason="lost">m</supplied>oriam</w>
               <lb n="5"/><gap reason="lost" extent="5" unit="character" precision="circa"/><w part="M"><unclear>a</unclear>si<unclear>u</unclear></w><gap reason="lost" extent="1" unit="character"/>
               <lb n="6"/><gap reason="lost" extent="unknown" unit="line"/>
            </ab></div>



<div type="translation">
<head>Translation</head>
   <p>To the god Attis; Flavia Procula, in memory of <gap reason="lost"/></p></div>

<div type="commentary">
<head>Commentary</head>
<p>ll. 2-3. Flavia Procula. See also  <xref type="inscription">641</xref> , 11. 2- 3.</p></div>

<div type="figure">
<head>Photographs</head>
<p>
<figure href="0313"><figDesc>Ward-Perkins Archive, BSR</figDesc></figure>
<figure href="0314"><figDesc>Ward-Perkins Archive, BSR</figDesc></figure></p></div></body></text></TEI.2>
