<?xml version="1.0" encoding="UTF-8"?>
<!DOCTYPE TEI.2
  SYSTEM "http://www.stoa.org/epidoc/dtd/6/tei-epidoc.dtd">
<TEI.2 lang="en" id="IRT235"><teiHeader><fileDesc><titleStmt><title>Fragmentary <rs type="textType" cert="low">dedication</rs> </title><editor>J. M. Reynolds</editor><editor>J. B. Ward-Perkins</editor></titleStmt><publicationStmt>
<p>Creative Commons licence Attribution UK 2.0 (<xref>http://creativecommons.org/licenses/by/2.0/uk/</xref>). </p>
<p>All reuse or distribution of this work must contain somewhere a link back to the URL <xref>http://irt.kcl.ac.uk/</xref>
            </p></publicationStmt><sourceDesc>
<p>Republished from <bibl id="irt1952">
                  <author>J. M. Reynolds</author> and <author>J. B. Ward-Perkins</author>, <title level="m">The Inscriptions of Roman Tripolitania</title>, <pubPlace>Rome</pubPlace>: <publisher>British
                  School at Rome</publisher>, <date>1952</date>. </bibl>
            </p></sourceDesc></fileDesc><encodingDesc>
<p>Marked-up according to the EpiDoc Guidelines version 5 <xref>http://www.stoa.org/epidoc/gl/5/</xref>
         </p></encodingDesc><profileDesc><langUsage><language id="ar">Arabic</language><language id="en">English</language><language id="fr">French</language><language id="de">German</language><language id="grc">Ancient Greek</language><language id="grc-Latn">Transliterated Greek</language><language id="el">Modern Greek</language><language id="he">Hebrew</language><language id="it">Italian</language><language id="la">Latin</language><language id="phn-LY">Punic</language><language id="ber-Latn">Native Libyan language in Latin script</language></langUsage><textClass/><textClass><keywords><term>
                  <geogName type="ancientRegion" key="Tripolitania">Tripolitania</geogName>
               </term><term>
                  <geogName type="modernCountry" key="LY">Libya</geogName>
               </term><term>
                  <placeName type="modernFindspot" key="http://www.geonames.org/2210247/tripoli.html">Tripoli</placeName>
               </term></keywords></textClass></profileDesc><revisionDesc>
<change><date>2008-09-09</date><respStmt><name>ZA</name></respStmt><item>converted using CHET-C</item></change>
<change><date>2009-05-19</date><respStmt><name>RV</name></respStmt><item>Added Figures</item></change>
<change><date>2009-08-24</date><respStmt><name>RV</name></respStmt><item>Added Figures</item></change></revisionDesc></teiHeader><text><body>

<div type="description" subtype="monument">
<head>Description of Monument</head>
<p> Rough <rs type="objectType">block</rs> 
               (<rs type="dimensions"><measure unit="metre" type="length" dim="width">0.435</measure>
                  <measure unit="metre" type="length" dim="height">0.11</measure>
                  <measure unit="metre" type="length" dim="depth">0.50</measure></rs>) of <rs type="material">grey limestone</rs>.</p></div>

<div type="description" subtype="text">
<head>Description of Text</head>
<p>Inscribed on one of the narrow faces.</p></div>

<div type="description" subtype="letters">
<head>Description of Letters</head>
<p>Third to fourth century capitals: <measure unit="metre" type="length" dim="height">0.045</measure>.  </p></div>

<div type="description" subtype="date">
<head>Date</head>
<p>
               <date type="textDate" notBefore="0201" notAfter="0400" exact="none"> Third to fourth centuries</date> (<rs type="criteria">lettering</rs>)
            </p></div>

<div type="history" subtype="locations">
<head>Locations</head>
<p>
               <rs type="found">
                  <placeName type="ancientFindspot" ref="http://atlantides.org/batlas/oea-35-f2" key="db657">Oea</placeName>: Findspot unrecorded</rs>
            </p>
<p>
               <rs type="origLocation">Unknown</rs>
            </p>
<p>
               <rs type="lastLocation"><rs type="monuList" key="db662">Tripoli Castle</rs>.</rs>
            </p></div>



<div type="bibliography">
<head>Bibliography</head>
<p>Not previously published.</p></div>

<div type="history" subtype="text-constituted-from">
<head>Text constituted from</head>
<p>Transcription (Reynolds, Ward-Perkins)</p></div>

<div type="edition" lang="la">
<head lang="en">Text</head>
<ab>
               <lb n="1"/>
               <gap reason="lost" extent="unknown" unit="character"/>
               <orig>vicv<unclear>l</unclear>m</orig><gap reason="lost" extent="1" unit="character"/><orig>o</orig> 
               <orig>e<unclear>o</unclear>r</orig> pontifice 
               <gap reason="lost" extent="unknown" unit="character"/>
               <lb n="2"/>
               <gap reason="lost" extent="unknown" unit="character"/>
               <orig><unclear>o</unclear>o</orig><gap reason="lost" extent="1" unit="character"/><orig><unclear>e</unclear>t<unclear>v</unclear>a<unclear>et</unclear>p<unclear>o</unclear></orig><gap reason="lost" extent="4" unit="character" precision="circa"/><orig>rpv<unclear>b</unclear>ad</orig><gap reason="lost" extent="unknown" unit="character"/>
            </ab></div>

<div type="apparatus">
<head>Apparatus</head>
<p>
               <app loc="2"><lem>E<unclear>O</unclear>R</lem>
                  <rdg>perhaps <foreign lang="la">eq(uite) R(omano)</foreign>.</rdg></app>
            </p></div>

                  <div type="translation">
<head>Translation</head>
<p><gap reason="lost"/> priest <note>ablative case</note><gap reason="lost"/></p></div>

<div type="commentary">
<head>Commentary</head>
<p>There may have been a reference to an eques Romanus (Roman Knight).</p></div>

<div type="figure">
<head>Photographs</head>
<p>
<figure href="0291"><figDesc>Ward-Perkins Archive, BSR (Sopr. DTV 683 Leica)</figDesc></figure></p></div></body></text></TEI.2>