<?xml version="1.0" encoding="UTF-8"?>
<!DOCTYPE TEI.2 SYSTEM "http://www.stoa.org/epidoc/dtd/6/tei-epidoc.dtd">
<TEI.2 lang="en" id="IRT283"><teiHeader><fileDesc><titleStmt><title> <rs type="textType">Dedication</rs> to the Genius of Lepcis </title><editor>J. M. Reynolds</editor><editor>J. B. Ward-Perkins</editor></titleStmt><publicationStmt>
<p>Creative Commons licence Attribution UK 2.0 (<xref>http://creativecommons.org/licenses/by/2.0/uk/</xref>). </p>
<p>All reuse or distribution of this work must contain somewhere a link back to the URL <xref>http://irt.kcl.ac.uk/</xref>
            </p></publicationStmt><sourceDesc>
<p>Republished from <bibl id="irt1952">
                  <author>J. M. Reynolds</author> and <author>J. B. Ward-Perkins</author>, <title level="m">The Inscriptions of Roman Tripolitania</title>, <pubPlace>Rome</pubPlace>: <publisher>British
                  School at Rome</publisher>, <date>1952</date>. </bibl>
            </p></sourceDesc></fileDesc><encodingDesc>
<p>Marked-up according to the EpiDoc Guidelines version 5 <xref>http://www.stoa.org/epidoc/gl/5/</xref>
         </p></encodingDesc><profileDesc><langUsage><language id="ar">Arabic</language><language id="en">English</language><language id="fr">French</language><language id="de">German</language><language id="grc">Ancient Greek</language><language id="grc-Latn">Transliterated Greek</language><language id="el">Modern Greek</language><language id="he">Hebrew</language><language id="it">Italian</language><language id="la">Latin</language><language id="phn-LY">Punic</language><language id="ber-Latn">Native Libyan language in Latin script</language></langUsage><textClass/><textClass><keywords><term>
                  <geogName type="ancientRegion" key="Tripolitania">Tripolitania</geogName>
               </term><term>
                  <geogName type="modernCountry" key="LY">Libya</geogName>
               </term><term>
                  <placeName type="modernFindspot" key="http://www.geonames.org/2215692/leptis-magna.html">Leptis Magna</placeName>
               </term></keywords></textClass></profileDesc><revisionDesc>
<change><date>2008-09-09</date><respStmt><name>ZA</name></respStmt><item>converted using CHET-C</item></change>
<change><date>2009-05-19</date><respStmt><name>RV</name></respStmt><item>Added Figures</item></change>
<change><date>2009-08-24</date><respStmt><name>RV</name></respStmt><item>Added Figures</item></change></revisionDesc></teiHeader><text><body>

<div type="description" subtype="monument">
<head>Description of Monument</head>
<p> </p></div>

<div type="description" subtype="text">
<head>Description of Text</head>
<p>Re-inscribed over the partially erased text of <xref type="inscription">423</xref>, q.v.</p></div>

<div type="description" subtype="letters">
<head>Description of Letters</head>
<p>Late form of Rustic capitals, mid third century: l.1 <measure unit="metre" type="length" dim="height">0.08</measure>;
               l. 2, <measure unit="metre" type="length" dim="height">0.06</measure>;
               ll. 3- 4, <measure unit="metre" type="length" dim="height">0.05</measure>.</p></div>

<div type="description" subtype="date">
<head>Date</head>
<p>
               <date type="textDate" exact="none" notBefore="0234" notAfter="0267">Mid third century A.D.</date>
            (<rs type="criteria">lettering</rs>, <rs type="criteria">context</rs>)</p></div>

<div type="history" subtype="locations">
<head>Locations</head>
<p>
               <rs type="found">
                  <placeName type="ancientFindspot" ref="http://atlantides.org/batlas/neapolis-lepcis-magna-35-g2" key="db653">Lepcis Magna</placeName>:
                  <rs type="monuList" key="db719">Forum Severianum</rs>, South side.</rs>
            </p>
<p>
               <rs type="origLocation">Unknown</rs>
            </p>
<p>
               <rs type="lastLocation">Findspot</rs>
            </p></div>


<div type="bibliography">
<head>Bibliography</head>
<p>Not previously published.</p></div>

<div type="history" subtype="text-constituted-from">
<head>Text constituted from</head>
<p>Transcription (Reynolds, Ward-Perkins)</p></div>

<div type="edition" lang="la">
<head lang="en">Text</head>
<ab>
               <lb n="1"/><persName type="divine"><name reg="Genius">Genio</name>
               <lb n="2"/>
               <w lemma="colonia"><expan><abbr>col</abbr><ex>oniae</ex></expan></w> 
               <name reg="Septimia" type="gentilicium"><expan><abbr>Sept</abbr><ex>imiae</ex></expan></name>
               <placeName reg="Lepcis Magna"><w lemma="Lepcis"><expan><abbr>Lepc</abbr><ex>is</ex></expan></w> 
                  <w lemma="magnus"><expan><abbr>Mag</abbr><ex>nae</ex></expan></w></placeName></persName>
               <lb n="3"/><w lemma="felix">felicis</w>
               <lb n="4"/>
               <w lemma="decerno"><expan><abbr>d</abbr><ex>ecreto</ex></expan></w> 
               <w lemma="splendidus"><expan><abbr>s</abbr><ex>plendidissimi</ex></expan></w> 
               <w lemma="ordo"><expan><abbr>o</abbr><ex>rdinis</ex></expan></w>
            </ab></div>

<div type="translation">
<head>Translation</head>
<p>To the Genius of the colony, Septimia Lepcis Magna, the fortunate. By decree of the most splendid city-council.</p></div>

<div type="commentary">
<head>Commentary</head>
<p>No comment.</p></div>

<div type="figure">
<head>Photographs</head>
<p>
<figure href="0336"><figDesc>Ward-Perkins Archive, BSR (Sopr. CLM 330)</figDesc></figure></p></div></body></text></TEI.2>
