<?xml version="1.0" encoding="UTF-8"?>
<!DOCTYPE TEI.2 SYSTEM "http://www.stoa.org/epidoc/dtd/6/tei-epidoc.dtd">
<TEI.2 lang="en" id="IRT232"><teiHeader><fileDesc><titleStmt><title><rs type="textType">Building</rs> <rs type="textType">dedication</rs> to Marcus Aurelius and Lucius Verus </title><editor>J. M. Reynolds</editor><editor>J. B. Ward-Perkins</editor></titleStmt><publicationStmt>
<p>Creative Commons licence Attribution UK 2.0 (<xref>http://creativecommons.org/licenses/by/2.0/uk/</xref>). </p>
<p>All reuse or distribution of this work must contain somewhere a link back to the URL <xref>http://irt.kcl.ac.uk/</xref>
            </p></publicationStmt><sourceDesc>
<p>Republished from <bibl id="irt1952">
                  <author>J. M. Reynolds</author> and <author>J. B. Ward-Perkins</author>, <title level="m">The Inscriptions of Roman Tripolitania</title>, <pubPlace>Rome</pubPlace>: <publisher>British
                  School at Rome</publisher>, <date>1952</date>. </bibl>
            </p></sourceDesc></fileDesc><encodingDesc>
<p>Marked-up according to the EpiDoc Guidelines version 5 <xref>http://www.stoa.org/epidoc/gl/5/</xref>
         </p></encodingDesc><profileDesc><langUsage><language id="ar">Arabic</language><language id="en">English</language><language id="fr">French</language><language id="de">German</language><language id="grc">Ancient Greek</language><language id="grc-Latn">Transliterated Greek</language><language id="el">Modern Greek</language><language id="he">Hebrew</language><language id="it">Italian</language><language id="la">Latin</language><language id="phn-LY">Punic</language><language id="ber-Latn">Native Libyan language in Latin script</language></langUsage><textClass/><textClass><keywords><term>
                  <geogName type="ancientRegion" key="Tripolitania">Tripolitania</geogName>
               </term><term>
                  <geogName type="modernCountry" key="LY">Libya</geogName>
               </term><term>
                  <placeName type="modernFindspot" key="http://www.geonames.org/2210247/tripoli.html">Tripoli</placeName>
               </term></keywords></textClass></profileDesc><revisionDesc>
<change><date>2008-09-09</date><respStmt><name>ZA</name></respStmt><item>converted using CHET-C</item></change>
<change><date>2009-05-19</date><respStmt><name>RV</name></respStmt><item>Added Figures</item></change>
<change><date>2009-08-24</date><respStmt><name>RV</name></respStmt><item>Added Figures</item></change></revisionDesc></teiHeader><text><body>

<div type="description" subtype="monument">
<head>Description of Monument</head>
<p>Triumphal <rs type="objectType">arch</rs> in Tripoli City inscribed on each of the four faces on the frieze and architrave, 
               the decoration of which has been chiselled back to make space for the text. </p></div>

<div type="description" subtype="text">
<head>Description of Text</head>
<p>Inscribed on each of the four faces on the frieza and architrave, the decoration of which has been chiselled back to make space for the text. The text on the N face is substantially complete; the rest are fragmentary. </p></div>

<div type="description" subtype="letters">
<head>Description of Letters</head>
<p>Lapidary capitals <measure unit="metre" type="length" dim="height">0.15</measure>. </p></div>

<div type="description" subtype="date">
<head>Date</head>
<p>
               <date type="textDate" notBefore="0163" notAfter="164" exact="both">A.D. 163-164</date>
            (<rs type="criteria">reign</rs>, <rs type="criteria">titulature</rs>)</p></div>

<div type="history" subtype="locations">
<head>Locations</head>
<p>
               <rs type="found">
                  <placeName type="ancientFindspot" ref="http://atlantides.org/batlas/oea-35-f2" key="db657">Oea</placeName>:
                  Triumphal arch in Tripoli city: a) N Face, b) E Face, c) S Face, d) W Face. </rs>
            </p>
<p>
               <rs type="origLocation">Unknown</rs>
            </p>
<p>
               <rs type="lastLocation">Findspot</rs>
            </p></div>



<div type="bibliography">
<head>Bibliography</head>
<p><bibl><xptr from="cil"/>, <biblScope>VIII:24</biblScope>,  <biblScope>VIII:10999</biblScope></bibl>;
               <bibl><xptr from="bolldarte"/>, <biblScope>1925- 6:554</biblScope> ff., fig. 9</bibl>; 
               <bibl><xptr from="monital"/>, <biblScope>XIII</biblScope>, pls IX and XI</bibl></p></div>

<div type="history" subtype="text-constituted-from">
<head>Text constituted from</head>
<p>Transcription (Reynolds, Ward-Perkins)</p></div>

<div type="edition" lang="la">
<head lang="en">Text</head>

<div type="textpart" subtype="face" n="a">
<ab>
                  <note>N face:</note> 
               <lb n="1"/><w lemma="imperator"><expan><abbr>Imp</abbr><ex>eratori</ex></expan></w>
                  <persName type="emperor"><name reg="Caesar" type="cognomen"><expan><abbr>C<supplied reason="lost">aes</supplied></abbr><supplied reason="lost"><ex>ari</ex></supplied></expan></name>
                     <name reg="Marcus" type="praenomen"><supplied reason="lost"><expan><abbr>M</abbr><ex>arco</ex></expan></supplied></name>
                     <name reg="Aurelius" type="gentilicium">Aurelio</name>
                     <name reg="Antoninus" type="gentilicium">Antonino</name>
                     <name reg="Augustus" type="cognomen"><expan><abbr>Aug</abbr><ex>usto</ex></expan></name>
                     <w lemma="pater"><expan><abbr>p</abbr><ex>atri</ex></expan></w>
                     <w lemma="patria"><expan><abbr>p</abbr><ex>atriae</ex></expan></w></persName> 
                  <w lemma="et">et</w> 
                  <persName type="emperor"><w lemma="imperator"><expan><abbr>Imp</abbr><ex>eratori</ex></expan></w>
                  <name reg="Caesar" type="cognomen"><expan><abbr>Caes</abbr><ex>ari</ex></expan></name>
                     <name reg="Lucius" type="praenomen"><expan><abbr>L</abbr><ex>ucio</ex></expan></name>
                     <name reg="Aurelius" type="gentilicium">Aurelio</name>
                     <name reg="Verus" type="cognomen">Vero</name>
                     <name reg="Armeniacus" type="cognomen">Armeniaco</name>
                     <name reg="Augustus" type="cognomen"><expan><abbr>Aug</abbr><ex>usto</ex></expan></name></persName> 
               <lb n="2"/>
                  <persName type="attested"><name type="praenomen" reg="Seruius"><expan><abbr>Ser</abbr><ex>uius</ex></expan></name>
                     <name type="gentilicium" reg="Cornelius">Co<supplied reason="lost">rnelius</supplied></name>
                     <name type="cognomen" reg="Scipio"><supplied reason="lost">Scipio</supplied></name> 
                        <name type="gentilicium" reg="Saluidienus"><supplied reason="lost">Saluidienus</supplied></name> 
                     <name type="cognomen" reg="Orfitus">Orfitus</name></persName>
                  <w lemma="proconsul"><expan><abbr>proco</abbr><ex>n</ex><abbr>s</abbr><ex>ul</ex></expan></w>
                  <w lemma="cum">cum</w> 
                  <persName type="attested">
                     <name reg="Vttedius" type="gentilicium">Vttedio</name> 
                     <name reg="Marcellus" type="cognomen">Marcello</name></persName>
                  <w lemma="legatus"><expan><abbr>leg</abbr><ex>ato</ex></expan></w> 
                  <w lemma="suus">suo</w> 
                  <w lemma="dedico">dedicauit</w> 
                  <lb n="3"/>
                  <persName type="attested">
                     <name type="praenomen" reg="Caius"><expan><abbr>C</abbr><ex>aius</ex></expan></name>
                     <name type="gentilicium" reg="Calpurnius">Calpurnius</name>
                     <name type="cognomen" reg="Celsus">Celsus</name></persName>
                     <w lemma="curator">curator</w>
                     <w lemma="munus">muneris</w>
                     <w lemma="publicus"><expan><abbr>pub</abbr><ex>lici</ex></expan></w>
                     <w lemma="munerarius">munerarius</w>
                     <w lemma="duouir"><num>II</num>uir</w>
                     <w lemma="quinquennalis"><expan><abbr>q</abbr><ex>uin</ex><abbr>q</abbr><ex>uennalis</ex></expan></w>
                     <w lemma="flamen">flamen</w>
                     <w lemma="perpetuus">perpetuus</w>
                  <lb n="4"/>
                  <w lemma="arcus">arcum</w> 
                  <w lemma="pecunia">pecunia</w> 
                  <w lemma="suus">sua</w> 
                  <w lemma="solum"><supplied reason="lost">solo</supplied></w> 
                  <w lemma="publicus"><supplied reason="lost">publ</supplied><unclear>ic</unclear>o</w>
                  <w lemma="et"><unclear>et</unclear></w> 
                  <w lemma="fundo">fund<supplied reason="lost">auit</supplied></w>
                  <w lemma="et"><supplied reason="lost">et</supplied></w> 
                  <w lemma="marmor">marmore</w> 
                  <w lemma="solidus">solido</w> 
                  <w lemma="facio">fecit</w> 
               </ab></div>

<div type="textpart" subtype="face" n="b">
<ab>
               <note>E face (l. 4):</note>
               <lb n="4"/>
               <gap reason="lost" extent="unknown" unit="character"/>
               <w lemma="solum"><supplied reason="lost">solo</supplied></w>
               <w lemma="publicus"><supplied reason="lost">pub</supplied>lic<supplied reason="lost">o</supplied></w>
               <gap reason="lost" extent="unknown" unit="character"/>
            </ab></div>

<div type="textpart" subtype="face" n="c">
<ab>
               <note>S face: illegible traces of l</note></ab></div>

<div type="textpart" subtype="face" n="d">
<ab>
               <note>W face (ll. 3 and 4):</note>
                  <lb n="3"/><gap reason="lost" extent="unknown" unit="character"/>
                  <supplied reason="lost">fl</supplied>amen perpetuus
               <lb n="4"/><gap reason="lost" extent="unknown" unit="character"/>
               <w lemma="publicus"><supplied reason="lost">public</supplied>o </w>
                  <w lemma="et">e<supplied reason="lost">t</supplied></w>
                  <w lemma="fundo"><supplied reason="lost">fu</supplied>nd<supplied reason="lost">auit</supplied></w>
                  <supplied reason="lost"><w lemma="et">et</w> <w lemma="marmor">marmore</w> <w lemma="solidus">solido</w></supplied> 
                 <w lemma="facio"> <supplied reason="lost">f</supplied>ecit</w>
               </ab></div></div>



<div type="translation">
<head>Translation</head>
<p>a. To Emperor Caesar <supplied reason="lost">Marcus</supplied>
Aurelius Antoninus Augustus, Father of the Country, and Emperor Caesar Lucius Aurelius Verus, Victor in Armenia, Augustus;
Servius Cornelius <supplied reason="lost">Scipio Salvidienus</supplied> Orfitus, proconsul, with Uttedius Marcellus, his legate <note>
senatorial assistant</note>, dedicated <supplied reason="subaudible">this</supplied>, Caius Calpurnius Celsus, curator
of public business, giver of a public show, duovir in a fifth year, perpetual flamen <supplied reason="subaudible">priest</supplied> 
   built the arch at his own expense on public <supplied reason="lost">land</supplied> and completed it with solid marble.</p><p>b. <gap reason="lost"/> on public <supplied reason="lost">land</supplied><gap reason="lost"/>; </p><p>d. <gap reason="lost"/>
   perpetual flamen <supplied reason="subaudible">priest</supplied> <gap reason="lost"/> on public <supplied reason="lost">land</supplied> both built <supplied reason="subaudible">it</supplied> and completed it <supplied reason="lost">with solid marble</supplied>.</p></div>

<div type="commentary">
<head>Commentary</head>
<p>The titulature dates this inscription to between autumn 163, when Lucius Verus
               took the title of Armeniacus, and early 164, when Marcus Aurelius took it.
               The title pater patriae is apparently given to M. Aurelius in error; he did not accept
               it until 166.
            </p>
<p>For Orfitus see Cos. ord. 149, = PIR2 C 1447.</p>
<p>Vttedio Marcelo see PIR1 V 691, known only from this inscription.</p></div>

<div type="figure">
<head>Photographs</head>
<p>
<figure href="0287"><figDesc>Ward-Perkins Archive, BSR (Sopr. DTV 2 Lastre)</figDesc></figure></p></div></body></text></TEI.2>
