<?xml version="1.0" encoding="UTF-8"?>
<!DOCTYPE TEI.2 SYSTEM "http://www.stoa.org/epidoc/dtd/6/tei-epidoc.dtd">
<TEI.2 lang="en" id="IRT219"><teiHeader><fileDesc><titleStmt><title><rs type="textType">Christian</rs> <rs type="textType">funerary</rs> inscription of Stidin</title><editor>J. M. Reynolds</editor><editor>J. B. Ward-Perkins</editor></titleStmt><publicationStmt>
<p>Creative Commons licence Attribution UK 2.0 (<xref>http://creativecommons.org/licenses/by/2.0/uk/</xref>). </p>
<p>All reuse or distribution of this work must contain somewhere a link back to the URL <xref>http://irt.kcl.ac.uk/</xref>
            </p></publicationStmt><sourceDesc>
<p>Republished from <bibl id="irt1952">
                  <author>J. M. Reynolds</author> and <author>J. B. Ward-Perkins</author>, <title level="m">The Inscriptions of Roman Tripolitania</title>, <pubPlace>Rome</pubPlace>: <publisher>British
                  School at Rome</publisher>, <date>1952</date>. </bibl>
            </p></sourceDesc></fileDesc><encodingDesc>
<p>Marked-up according to the EpiDoc Guidelines version 5 <xref>http://www.stoa.org/epidoc/gl/5/</xref>
         </p></encodingDesc><profileDesc><langUsage><language id="ar">Arabic</language><language id="en">English</language><language id="fr">French</language><language id="de">German</language><language id="grc">Ancient Greek</language><language id="grc-Latn">Transliterated Greek</language><language id="el">Modern Greek</language><language id="he">Hebrew</language><language id="it">Italian</language><language id="la">Latin</language><language id="phn-LY">Punic</language><language id="ber-Latn">Native Libyan language in Latin script</language></langUsage><textClass/><textClass><keywords><term>
                  <geogName type="ancientRegion" key="Tripolitania">Tripolitania</geogName>
               </term><term>
                  <geogName type="modernCountry" key="LY">Libya</geogName>
               </term><term>
                  <placeName type="modernFindspot" key="http://www.geonames.org/2208578/marsa-zawaghah.html">Marsa Zawaghah</placeName>
               </term></keywords></textClass></profileDesc><revisionDesc>
<change><date>2008-09-09</date><respStmt><name>ZA</name></respStmt><item>converted using CHET-C</item></change>
<change><date>2009-05-19</date><respStmt><name>RV</name></respStmt><item>Added Figures</item></change>
<change><date>2009-08-24</date><respStmt><name>RV</name></respStmt><item>Added Figures</item></change></revisionDesc></teiHeader><text><body>

<div type="description" subtype="monument">
<head>Description of Monument</head>
<p> Re-used <rs type="objectType">slab</rs> 
               (<rs type="dimensions">
                  <measure unit="metre" type="length" dim="width">0.37</measure>
                  <measure unit="metre" type="length" dim="height">1.47</measure></rs>) of grey <rs type="material" key="marmor">marble</rs>.</p></div>

<div type="description" subtype="text">
<head>Description of Text</head>
<p>Inscribed on one face.</p></div>

<div type="description" subtype="letters">
<head>Description of Letters</head>
<p><measure from="0.035" to="0.045" dim="height" unit="metre">0.035-0.045</measure>. </p></div>

<div type="description" subtype="date">
<head>Date</head>
<p><date type="textDate" notBefore="0401" notAfter="0650">Fifth-seventh century A.D.</date>
            (<rs type="criteria">context</rs>, <rs type="criteria">form</rs>)
            </p></div>

<div type="history" subtype="locations">
<head>Locations</head>
<p>
               <rs type="found">
                  <placeName type="ancientFindspot" ref="http://atlantides.org/batlas/abrotonum-sabratha-35-e2" key="db659">Sabratha</placeName>:
                  <rs type="monuList" key="db838">Church III</rs>In situ in the S walk of the atrium.</rs>
            </p>
<p>
               <rs type="origLocation">Findspot</rs>
            </p>
<p>
               <rs type="lastLocation">Findspot</rs>
            </p></div>



<div type="bibliography">
<head>Bibliography</head>
<p>Not previously published.</p></div>

<div type="history" subtype="text-constituted-from">
<head>Text constituted from</head>
<p>Transcription (Reynolds, Ward-Perkins)</p></div>

<div type="edition" lang="la">
<head lang="en">Text</head>
<ab>
               <lb n="0"/><g type="crux"/>
               <lb n="1"/><foreign lang="grc">Α</foreign> <g type="chi-rho"/> 
               <foreign lang="grc">Ω</foreign> 
               <w lemma="hic">Hik</w> 
               <w lemma="requiesco">requies<lb n="2" type="worddiv"/>cit</w>
               <w lemma="bonus"><expan><abbr>bon</abbr><ex>a</ex><abbr>e</abbr></expan></w> 
               <w lemma="memoria"><expan><abbr>mem<lb n="3" type="worddiv"/>ori</abbr><ex>a</ex><abbr>e</abbr></expan></w>
               <persName type="attested"><name reg="Stidin" type="cognomen">Stidin</name> 
                  <lb n="4"/><w lemma="clericus">clericus</w></persName> 
               <w lemma="uiuo">bi<lb n="5" type="worddiv"/>xit</w>
               <w lemma="in">in</w> 
               <w lemma="pax">pace</w>
               <lb n="6"/>
               <date dur="PY9"><w lemma="annus"><expan><abbr>an</abbr><ex>n</ex><abbr>os</abbr></expan></w> 
               <num value="9"><hi rend="ligature">VI</hi>III</num></date>  
               <w lemma="et">et</w> 
               <lb n="7"/>
               <w lemma="requiesco"><expan><abbr>req</abbr><ex>u</ex><abbr>iebit</abbr></expan></w>
               <lb n="8"/>
               <w lemma="in">in</w> 
               <w lemma="pax">pace</w> 
               <g type="crux"/></ab></div>

<div type="apparatus">
<head>Apparatus</head>
<p>
               <app loc="6"><note>The reading is clear cf. Bull. Arch. 1919 CCXVI. </note></app>
            </p></div>

<div type="translation">
<head>Translation</head>
<p><note>cross</note>.<note>Alpha and Omega on either side of a monogram cross</note> . Here lies at rest Stidin, of good memory, a priest. He lived in peace for 9 years <note>sic</note> and went to rest in peace <note>cross</note></p></div>

<div type="commentary">
<head>Commentary</head>
<p>No comment.</p></div>

<div type="figure">
<head>Photographs</head>
<p>
<figure href="0266"><figDesc>Ward-Perkins Archive, BSR (BSR 46.VII.21)</figDesc></figure></p></div></body></text></TEI.2>
