<?xml version="1.0" encoding="UTF-8"?>
<!DOCTYPE TEI.2 SYSTEM "http://www.stoa.org/epidoc/dtd/6/tei-epidoc.dtd">
<TEI.2 lang="en" id="IRT269"><teiHeader><fileDesc><titleStmt><title><rs type="textType">Dedication</rs> to Ceres</title><editor>J. M. Reynolds</editor><editor>J. B. Ward-Perkins</editor></titleStmt><publicationStmt>
<p>Creative Commons licence Attribution UK 2.0 (<xref>http://creativecommons.org/licenses/by/2.0/uk/</xref>). </p>
<p>All reuse or distribution of this work must contain somewhere a link back to the URL <xref>http://irt.kcl.ac.uk/</xref>
            </p></publicationStmt><sourceDesc>
<p>Republished from <bibl id="irt1952">
                  <author>J. M. Reynolds</author> and <author>J. B. Ward-Perkins</author>, <title level="m">The Inscriptions of Roman Tripolitania</title>, <pubPlace>Rome</pubPlace>: <publisher>British
                  School at Rome</publisher>, <date>1952</date>. </bibl>
            </p></sourceDesc></fileDesc><encodingDesc>
<p>Marked-up according to the EpiDoc Guidelines version 5 <xref>http://www.stoa.org/epidoc/gl/5/</xref>
         </p></encodingDesc><profileDesc><langUsage><language id="ar">Arabic</language><language id="en">English</language><language id="fr">French</language><language id="de">German</language><language id="grc">Ancient Greek</language><language id="grc-Latn">Transliterated Greek</language><language id="el">Modern Greek</language><language id="he">Hebrew</language><language id="it">Italian</language><language id="la">Latin</language><language id="phn-LY">Punic</language><language id="ber-Latn">Native Libyan language in Latin script</language></langUsage><textClass/><textClass><keywords><term>
                  <geogName type="ancientRegion" key="Tripolitania">Tripolitania</geogName>
               </term><term>
                  <geogName type="modernCountry" key="LY">Libya</geogName>
               </term><term>
                  <placeName type="modernFindspot" key="http://www.geonames.org/2215692/leptis-magna.html">Leptis Magna</placeName>
               </term></keywords></textClass></profileDesc><revisionDesc>
                  <change>
                     <date>2009-11-04</date>
                     <respStmt><name>GB</name></respStmt>
                     <item>Fixed image refs</item>
                  </change>
<change><date>2008-09-09</date><respStmt><name>ZA</name></respStmt><item>converted using CHET-C</item></change>
<change><date>2009-05-19</date><respStmt><name>RV</name></respStmt><item>Added Figures</item></change>
<change><date>2009-08-24</date><respStmt><name>RV</name></respStmt><item>Added Figures</item></change></revisionDesc></teiHeader><text><body>

<div type="description" subtype="monument">
<head>Description of Monument</head>
<p>Moulded tabella ansata consisting of 10 <rs type="objectType">block</rs>s of <rs type="material">grey limestone</rs>
               (together, 1<rs type="dimensions"><measure unit="metre" type="length" dim="width">1.65</measure>
                  <measure unit="metre" type="length" dim="height">0.70</measure>
                  <measure unit="metre" type="length" dim="depth">0.60</measure></rs>).</p></div>

<div type="description" subtype="text">
<head>Description of Text</head>
<p>Inscribed on one face.</p></div>

<div type="description" subtype="letters">
<head>Description of Letters</head>
<p>Lapidary capitals: l. 1, <measure unit="metre" type="length" dim="height">0.20</measure>;
               l. 2, <measure unit="metre" type="length" dim="height">0.18</measure>. </p></div>

<div type="description" subtype="date">
<head>Date</head>
<p>
               <date type="textDate" notAfter="0036" notBefore="0035">35-36 A.D.</date>
            (<rs type="criteria">prosopography</rs>)</p></div>

<div type="history" subtype="locations">
<head>Locations</head>
<p>
               <rs type="found">
                  <placeName type="ancientFindspot" ref="http://atlantides.org/batlas/neapolis-lepcis-magna-35-g2" key="db653">Lepcis Magna</placeName>: <rs type="monuList" key="db756">Theatre</rs>, from the upper tiers of the caves, now recomposed and standing on the steps.</rs>
            </p>
<p>
               <rs type="origLocation">Unknown</rs>
            </p>
<p>
               <rs type="lastLocation">Findspot</rs>
            </p></div>


<div type="bibliography">
<head>Bibliography</head>
<p><bibl><xptr from="archanz"/>, <biblScope>1939-1941:717</biblScope></bibl>.</p></div>

<div type="history" subtype="text-constituted-from">
<head>Text constituted from</head>
<p>Transcription (Reynolds, Ward-Perkins)</p></div>

<div type="edition" lang="la">
<head lang="en">Text</head>
<ab>
               <lb n="1"/><persName type="divine"><name reg="Ceres" type="cognomen">Cereri</name> <name reg="Augusta" type="cognomen">Augustae</name></persName> <w lemma="sacer">sacrum</w>
               <lb n="2"/>
               <persName type="attested"><name reg="Caius" type="praenomen"><expan><abbr>C</abbr><ex>aius</ex></expan></name> <name reg="Rubellius" type="gentilicium">Rubellius</name> <name reg="Blandus" type="cognomen">Blandus</name></persName> 
               <w lemma="consul"><expan><abbr>co</abbr><ex>n</ex><abbr>s</abbr><ex>ul</ex></expan></w> 
               <w lemma="pontifex"><expan><abbr>pont</abbr><ex>ifex</ex></expan></w> 
                  <w lemma="proconsul"><expan><abbr>proco</abbr><ex>n</ex><abbr>s</abbr><ex>ul</ex></expan></w> 
                  <w lemma="dedico"><expan><abbr>dedic</abbr><ex>auit</ex></expan></w> 
               <persName type="attested"><name reg="Suphunibal" type="cognomen">Suphunibal</name> <w lemma="ornatrix">ornatrix </w>
               <w lemma="patria">pat<supplied reason="lost">ria</supplied>e</w> 
                  <persName type="attested"><name reg="Annobal" type="cognomen">Annobalis</name> <name reg="Ruso" type="cognomen">Rusonis</name></persName>
               </persName> 
                  <expan><abbr>d</abbr><ex>e</ex></expan> 
                  <expan><abbr>s</abbr><ex>ua</ex></expan> 
                  <expan><abbr>p</abbr><ex>ecunia</ex></expan> 
                  <expan><abbr>f</abbr><ex>aciendum</ex></expan> 
                  <expan><abbr>c</abbr><ex>urauit</ex></expan>
            </ab></div>



<div type="translation">
<head>Translation</head><p>Sacred to Ceres Augusta. Caius Rubellius Blandus, consul, pontifex <note>Roman priest</note>, proconsul, dedicated <supplied reason="subaudible">this</supplied>; Suphunibal, adorner of her city, wife of Annobal Ruso, organised its construction at her own expense.</p></div>

<div type="commentary">
<head>Commentary</head>
<p>l. 2. <foreign lang="la">C. Rubellius Blandus. Cos</foreign>. suff.. 18. procos. Africae 35- 36,<title level="m"> <title level="m">PW</title></title> I A, 1158 no. 5; also in <xref type="inscription">330</xref>,
               l. 3; <xref type="inscription">331</xref> l. 1. 3; <xref type="inscription">540</xref>. l. 1.</p></div>

<div type="figure">
<head>Photographs</head>
<p>
   <figure href="0317"><figDesc>Ward-Perkins Archive, BSR (Sopr. DLM 1217 Leica)</figDesc></figure>
   <figure href="0318_1_3"><figDesc>Ward-Perkins Archive, BSR (composite)</figDesc></figure>
   <figure href="0318_2_2"><figDesc>Ward-Perkins Archive, BSR (composite)</figDesc></figure>
</p></div></body></text></TEI.2>
