<?xml version="1.0" encoding="UTF-8"?>
<!DOCTYPE TEI.2 SYSTEM "http://www.stoa.org/epidoc/dtd/6/tei-epidoc.dtd">
<TEI.2 lang="en" id="IRT203"><teiHeader><fileDesc><titleStmt><title><rs type="textType">Christian</rs> <rs type="textType">funerary </rs> inscription of Fuzanus</title><editor>J. M. Reynolds</editor><editor>J. B. Ward-Perkins</editor></titleStmt><publicationStmt>
<p>Creative Commons licence Attribution UK 2.0 (<xref>http://creativecommons.org/licenses/by/2.0/uk/</xref>). </p>
<p>All reuse or distribution of this work must contain somewhere a link back to the URL <xref>http://irt.kcl.ac.uk/</xref>
            </p></publicationStmt><sourceDesc>
<p>Republished from <bibl id="irt1952">
                  <author>J. M. Reynolds</author> and <author>J. B. Ward-Perkins</author>, <title level="m">The Inscriptions of Roman Tripolitania</title>, <pubPlace>Rome</pubPlace>: <publisher>British
                  School at Rome</publisher>, <date>1952</date>. </bibl>
            </p></sourceDesc></fileDesc><encodingDesc>
<p>Marked-up according to the EpiDoc Guidelines version 5 <xref>http://www.stoa.org/epidoc/gl/5/</xref>
         </p></encodingDesc><profileDesc><langUsage><language id="ar">Arabic</language><language id="en">English</language><language id="fr">French</language><language id="de">German</language><language id="grc">Ancient Greek</language><language id="grc-Latn">Transliterated Greek</language><language id="el">Modern Greek</language><language id="he">Hebrew</language><language id="it">Italian</language><language id="la">Latin</language><language id="phn-LY">Punic</language><language id="ber-Latn">Native Libyan language in Latin script</language></langUsage><textClass/><textClass><keywords><term>
                  <geogName type="ancientRegion" key="Tripolitania">Tripolitania</geogName>
               </term><term>
                  <geogName type="modernCountry" key="LY">Libya</geogName>
               </term><term>
                  <placeName type="modernFindspot" key="http://www.geonames.org/2208578/marsa-zawaghah.html">Marsa Zawaghah</placeName>
               </term></keywords></textClass></profileDesc><revisionDesc>
<change><date>2008-09-09</date><respStmt><name>ZA</name></respStmt><item>converted using CHET-C</item></change>
<change><date>2009-05-19</date><respStmt><name>RV</name></respStmt><item>Added Figures</item></change>
<change><date>2009-08-24</date><respStmt><name>RV</name></respStmt><item>Added Figures</item></change></revisionDesc></teiHeader><text><body>

<div type="description" subtype="monument">
<head>Description of Monument</head>
<p> Re-used <rs type="objectType">paving-slab</rs> 
               (<rs type="dimensions">
                  <measure unit="metre" type="length" dim="width">0.42</measure>
                  <measure unit="metre" type="length" dim="height">0.60</measure></rs>)
               of <rs type="material">grey limestone</rs>.</p></div>

<div type="description" subtype="text">
<head>Description of Text</head>
<p>Inscribed on one face.</p></div>

<div type="description" subtype="letters">
<head>Description of Letters</head>
<p> <measure from="0.04" to="0.05" dim="height" unit="metre">0.04-0.05</measure>.</p></div>

<div type="description" subtype="date">
<head>Date</head>
<p>
               
               <date type="textDate">Fifth-sixth century A.D.</date>
            (<rs type="criteria">context</rs>)</p></div>

<div type="history" subtype="locations">
<head>Locations</head>
<p>
               <rs type="found">
                  <placeName type="ancientFindspot" ref="http://atlantides.org/batlas/abrotonum-sabratha-35-e2" key="db659">Sabratha</placeName>:
                  <rs type="monuList" key="db836">Cemetery east of Church I</rs>. One of three in situ covering a grave</rs>
            </p>
<p>
               <rs type="origLocation">Findspot</rs>
            </p>
<p>
               <rs type="lastLocation">Findspot</rs>
            </p></div>



<div type="bibliography">
<head>Bibliography</head>
<p> <bibl><xptr from="basiliche"/>, <biblScope>10</biblScope>.</bibl></p></div>

<div type="history" subtype="text-constituted-from">
<head>Text constituted from</head>
<p>Transcription (Reynolds, Ward-Perkins)</p></div>

<div type="edition" lang="la">
<head lang="en">Text</head>
<ab>
               <lb n="1"/><g type="crux"/> 
               <w lemma="bonus"><expan><abbr>Bon</abbr><ex>a</ex><abbr>e</abbr></expan></w> 
               <w lemma="memoria"><expan><abbr>memor<lb n="2" type="worddiv"/>i</abbr><ex>a</ex><abbr>e</abbr></expan></w>
               <persName type="attested"><name reg="Fuzanus" type="cognomen">Fuzani</name></persName> 
               <w lemma="uiuo">bi<lb n="3" type="worddiv"/>xit</w> 
               <w lemma="in">in</w> 
               <w lemma="pax">pake</w> 
               <date dur="PY95"><w lemma="annus">an<supplied reason="omitted">n</supplied><lb n="4" type="worddiv"/>os</w>
               <num value="95">XCV</num></date> plus 
               <w lemma="paruus"><expan><abbr>m</abbr><ex>inus</ex></expan></w> 
               <lb n="5"/><w lemma="et">et</w> 
               <w lemma="requiesco">requieb<lb n="6" type="worddiv"/>it</w> 
               <w lemma="in">in</w> 
               <w lemma="pax">pake</w> 
               <w lemma="sub"><expan><abbr>s</abbr><ex>ub</ex></expan></w> 
               <w lemma="dies"><expan><abbr>d</abbr><ex>ie</ex></expan></w> 
               <lb n="7"/>
               <num value="8"><hi rend="ligature">VI</hi>II</num>  
               <w lemma="mensis"><expan><abbr>m</abbr><ex>ensis</ex></expan></w> 
               <rs type="month" reg="Februarius"><w lemma="februarius">Februari</w></rs> 
               <lb n="8"/>
               <w lemma="indictio"><expan><abbr>ind</abbr><ex>ictione</ex></expan></w> 
               <num value="12">XII</num> <g type="crux"/></ab></div>



<div type="translation">
<head>Translation</head>
<p><note> cross</note> To the good memory of Fuzanus. He lived in peace for approximately 95 years <supplied reason="subaudible">and was laid to rest in peace</supplied> on the 8th February in the twelfth indiction. <note> cross</note></p></div>

<div type="commentary">
<head>Commentary</head>
<p>Line 7: VIII. For this symbol, see also <xref type="inscription">205</xref>, <xref type="inscription">207</xref>,<xref type="inscription">210</xref>,<xref type="inscription">212</xref>,<xref type="inscription">214</xref>,<xref type="inscription">215</xref>,<xref type="inscription">218</xref>, <xref type="inscription">219</xref></p></div>

<div type="figure">
<head>Photographs</head>
<p>
<figure href="0239"><figDesc>Ward-Perkins Archive, BSR (BSR 47.VIII.29)</figDesc></figure>
<figure href="0240"><figDesc>Ward-Perkins Archive, BSR (BSR 47.VIII.23)</figDesc></figure></p></div></body></text></TEI.2>
