<?xml version="1.0" encoding="UTF-8"?>
<!DOCTYPE TEI.2 SYSTEM "http://www.stoa.org/epidoc/dtd/6/tei-epidoc.dtd">
<TEI.2 lang="en" id="IRT201"><teiHeader><fileDesc><titleStmt><title><rs type="textType">Christian</rs> <rs type="textType">funerary</rs> inscription of Esidorus</title><editor>J. M. Reynolds</editor><editor>J. B. Ward-Perkins</editor></titleStmt><publicationStmt>
<p>Creative Commons licence Attribution UK 2.0 (<xref>http://creativecommons.org/licenses/by/2.0/uk/</xref>). </p>
<p>All reuse or distribution of this work must contain somewhere a link back to the URL <xref>http://irt.kcl.ac.uk/</xref>
            </p></publicationStmt><sourceDesc>
<p>Republished from <bibl id="irt1952">
                  <author>J. M. Reynolds</author> and <author>J. B. Ward-Perkins</author>, <title level="m">The Inscriptions of Roman Tripolitania</title>, <pubPlace>Rome</pubPlace>: <publisher>British
                  School at Rome</publisher>, <date>1952</date>. </bibl>
            </p></sourceDesc></fileDesc><encodingDesc>
<p>Marked-up according to the EpiDoc Guidelines version 5 <xref>http://www.stoa.org/epidoc/gl/5/</xref>
         </p></encodingDesc><profileDesc><langUsage><language id="ar">Arabic</language><language id="en">English</language><language id="fr">French</language><language id="de">German</language><language id="grc">Ancient Greek</language><language id="grc-Latn">Transliterated Greek</language><language id="el">Modern Greek</language><language id="he">Hebrew</language><language id="it">Italian</language><language id="la">Latin</language><language id="phn-LY">Punic</language><language id="ber-Latn">Native Libyan language in Latin script</language></langUsage><textClass/><textClass><keywords><term>
                  <geogName type="ancientRegion" key="Tripolitania">Tripolitania</geogName>
               </term><term>
                  <geogName type="modernCountry" key="LY">Libya</geogName>
               </term><term>
                  <placeName type="modernFindspot" key="http://www.geonames.org/2208578/marsa-zawaghah.html">Marsa Zawaghah</placeName>
               </term></keywords></textClass></profileDesc><revisionDesc>
<change><date>2008-09-09</date><respStmt><name>ZA</name></respStmt><item>converted using CHET-C</item></change>
<change><date>2009-05-19</date><respStmt><name>RV</name></respStmt><item>Added Figures</item></change>
<change><date>2009-08-24</date><respStmt><name>RV</name></respStmt><item>Added Figures</item></change></revisionDesc></teiHeader><text><body>

<div type="description" subtype="monument">
<head>Description of Monument</head>
<p> Re-used <rs type="objectType">paving-slab</rs> 
               (<rs type="dimensions"><measure unit="metre" type="length" dim="width">0.58</measure>
                  <measure unit="metre" type="length" dim="height">0.88</measure></rs>) of 
               <rs type="material">grey limestone</rs>. </p></div>

<div type="description" subtype="text">
<head>Description of Text</head>
<p>Inscribed on the surviving face.  Part of the top line is now lost, and is here read from an earlier photograph.</p></div>

<div type="description" subtype="letters">
<head>Description of Letters</head>
<p><measure from="0.05" to="0.07" dim="height" unit="metre">0.05-0.07</measure>; uncial D twice.</p></div>

<div type="description" subtype="date">
<head>Date</head>
<p>
               <date type="textDate">Unknown</date>
            </p></div>

<div type="history" subtype="locations">
<head>Locations</head>
<p>
               <rs type="found">
                  <placeName type="ancientFindspot" ref="http://atlantides.org/batlas/abrotonum-sabratha-35-e2" key="db659">Sabratha</placeName>:
                  <rs type="monuList" key="db831">Byzantine city-wall to the W of the Forum</rs>. Found during trenching, near the site of the modern tunny-factory</rs>
            </p>
<p>
               <rs type="origLocation">Unknown</rs>
            </p>
<p>
               <rs type="lastLocation"><rs type="monuList" key="db660">Sabratha Museum</rs>.</rs>
            </p></div>



<div type="bibliography">
<head>Bibliography</head>
<p><bibl><xptr from="basiliche"/>, <biblScope>15</biblScope>.</bibl></p></div>

<div type="history" subtype="text-constituted-from">
<head>Text constituted from</head>
<p>Transcription (Reynolds, Ward-Perkins)</p></div>

<div type="edition" lang="la">
<head lang="en">Text</head>
<ab>
               <lb n="1"/><g type="crux"/> 
               <w lemma="bonus"><expan><abbr>B<hi rend="supraline">o<sic>m</sic></hi></abbr><ex>nae</ex></expan></w> 
               <w lemma="memoria"><expan><abbr>memo</abbr><ex>ria</ex><abbr>e</abbr></expan></w> 
               <lb n="2"/><persName type="attested"><name reg="Esidorus" type="cognomen">Esidorus</name></persName> 
               <w lemma="uiuo"><expan><abbr>bix</abbr><ex>i</ex><abbr>t</abbr></expan></w> 
               <lb n="3"/><w lemma="in">in</w> <w lemma="pax"><expan><abbr>p</abbr><ex>ac</ex><abbr>e</abbr></expan></w> 
               <w lemma="annus">an<supplied reason="omitted">n</supplied>os</w>
               <lb n="4"/>
               <date dur="PY70"><num value="70">LXX</num></date> 
               <w lemma="multus"><expan><abbr>pl</abbr><ex>u</ex><abbr>s</abbr></expan></w> 
               <w lemma="paruus"><expan><abbr>m</abbr><ex>inu</ex><abbr>s</abbr></expan></w> 
               <w lemma="sub"><expan><abbr>s</abbr><ex>ub</ex></expan></w> 
               <w lemma="dies"><expan><abbr>d</abbr><ex>ie</ex></expan></w>
               <lb n="5"/>
               <num value="11">XI</num> 
               <w lemma="mensis"><expan><abbr>men</abbr><ex>sis</ex></expan></w> 
               <rs type="month" reg="October"><w lemma="October"><expan><abbr>O</abbr><ex>cto</ex><abbr>b</abbr><ex>ris</ex></expan></w></rs> 
               <w lemma="indictio"><expan><abbr>ind</abbr><ex>ictione</ex></expan></w>
               <num value="4">IIII</num>
            </ab></div>

<div type="apparatus">
<head>Apparatus</head>
<p>
               <app loc="1"><note><g type="crux"/> <foreign lang="la">B<hi rend="supraline">OM</hi>MEMOE</foreign> and small 
                     <foreign lang="la">LE</foreign> under the third 
                     <foreign lang="la">M</foreign>.</note></app>
            </p></div>

<div type="translation">
<head>Translation</head>
<p><note>cross</note> Of good memory. Esidorus lived in peace for approximately 70 years <supplied reason="subaudible">and was laid to rest</supplied> on the 11th October in the fourth indiction.</p></div>

<div type="commentary">
<head>Commentary</head>
<p>No comment.</p></div>

<div type="figure">
<head>Photographs</head>
<p>
<figure href="0236"><figDesc>Ward-Perkins Archive, BSR (Sopr. DS 811 Leica)</figDesc></figure>
<figure href="0237"><figDesc>Ward-Perkins Archive, BSR (Sopr. B. 569)</figDesc></figure></p></div></body></text></TEI.2>
