<?xml version="1.0" encoding="UTF-8"?>
<!DOCTYPE TEI.2 SYSTEM "http://www.stoa.org/epidoc/dtd/6/tei-epidoc.dtd">
<TEI.2 lang="en" id="IRT295"><teiHeader><fileDesc><titleStmt><title><rs type="textType">Votive</rs> <rs type="textType">dedication</rs> to Liber Pater</title><editor>J. M. Reynolds</editor><editor>J. B. Ward-Perkins</editor></titleStmt><publicationStmt>
<p>Creative Commons licence Attribution UK 2.0 (<xref>http://creativecommons.org/licenses/by/2.0/uk/</xref>). </p>
<p>All reuse or distribution of this work must contain somewhere a link back to the URL <xref>http://irt.kcl.ac.uk/</xref>
            </p></publicationStmt><sourceDesc>
<p>Republished from <bibl id="irt1952">
                  <author>J. M. Reynolds</author> and <author>J. B. Ward-Perkins</author>, <title level="m">The Inscriptions of Roman Tripolitania</title>, <pubPlace>Rome</pubPlace>: <publisher>British
                  School at Rome</publisher>, <date>1952</date>. </bibl>
            </p></sourceDesc></fileDesc><encodingDesc>
<p>Marked-up according to the EpiDoc Guidelines version 5 <xref>http://www.stoa.org/epidoc/gl/5/</xref>
         </p></encodingDesc><profileDesc><langUsage><language id="ar">Arabic</language><language id="en">English</language><language id="fr">French</language><language id="de">German</language><language id="grc">Ancient Greek</language><language id="grc-Latn">Transliterated Greek</language><language id="el">Modern Greek</language><language id="he">Hebrew</language><language id="it">Italian</language><language id="la">Latin</language><language id="phn-LY">Punic</language><language id="ber-Latn">Native Libyan language in Latin script</language></langUsage><textClass/><textClass><keywords><term>
                  <geogName type="ancientRegion" key="Tripolitania">Tripolitania</geogName>
               </term><term>
                  <geogName type="modernCountry" key="LY">Libya</geogName>
               </term><term>
                  <placeName type="modernFindspot" key="http://www.geonames.org/2215692/leptis-magna.html">Leptis Magna</placeName>
               </term><term><rs type="textType">Animals</rs></term></keywords></textClass></profileDesc><revisionDesc>
<change><date>2008-09-09</date><respStmt><name>ZA</name></respStmt><item>converted using CHET-C</item></change>
<change><date>2009-05-19</date><respStmt><name>RV</name></respStmt><item>Added Figures</item></change>
<change><date>2009-08-24</date><respStmt><name>RV</name></respStmt><item>Added Figures</item></change></revisionDesc></teiHeader><text><body>

<div type="description" subtype="monument">
<head>Description of Monument</head>
<p>Rectangular <rs type="objectType">base</rs> (<rs type="dimensions">
               <measure unit="metre" type="length" dim="width">0.82</measure>
               <measure unit="metre" type="length" dim="height">1.02</measure>
               <measure unit="metre" type="length" dim="depth">0.47</measure></rs>) of <rs type="material">grey marble</rs>.</p></div>

<div type="description" subtype="text">
<head>Description of Text</head>
<p>Inscribed on one face within a moulded panel (die, <rs type="dimensions">
               <measure unit="metre" type="length" dim="width">0.40</measure>
               <measure unit="metre" type="length" dim="height">0.76</measure></rs>). </p></div>

<div type="description" subtype="letters">
<head>Description of Letters</head>
<p>Rustic capitals: <measure unit="metre" type="length" dim="height">0.04</measure>. </p></div>

<div type="description" subtype="date">
<head>Date</head>
<p>
               <date type="textDate" notBefore="0198" notAfter="0209" exact="notAfter">A.D. 198-209</date> (<rs type="criteria">reign</rs>)
            </p></div>

<div type="history" subtype="locations">
<head>Locations</head>
<p>
               <rs type="found">
                  <placeName type="ancientFindspot" ref="http://atlantides.org/batlas/neapolis-lepcis-magna-35-g2" key="db653">Lepcis Magna</placeName>:
                  <rs type="monuList" key="db720">Forum Vetus</rs>, in the exedra at the South East angle. </rs>
            </p>
<p>
               <rs type="origLocation">Unknown</rs>
            </p>
<p>
               <rs type="lastLocation">Findspot</rs>
            </p></div>


<div type="bibliography">
<head>Bibliography</head>
<p><bibl><author>Aurigemma</author>,  <xptr from="afrital"/> <biblScope>VII:79</biblScope>ff., fig. 15
               <title level="s">L'Ann. Ep.</title>, <biblScope>1942- 3:2</biblScope>.</bibl></p></div>

<div type="history" subtype="text-constituted-from">
<head>Text constituted from</head>
<p>Transcription (Reynolds, Ward-Perkins)</p></div>

<div type="edition" lang="la">
<head lang="en">Text</head>
<ab>
               <lb n="1"/><persName type="divine"><name reg="Iovigena">Iouigena</name> <name reg="Liber">Liber</name> <w lemma="pater">Pater</w></persName>
               <lb n="2"/><w lemma="uotum">uotum</w> <w lemma="qui">quod</w> <w lemma="destino">destinaueram</w>
               <lb n="3"/><persName type="divine"><name reg="Lar">Lari</name> <name reg="Seuerus">Seueri</name> <w lemma="patrius">patrio</w>
               <lb n="4"/><name reg="Iovigena">Iouigenae</name> <name reg="Sol">solis</name></persName> <w lemma="ego">mei</w>
               <lb n="5"/><persName type="attested"><name reg="Pudens" type="cognomen">Pudens</name></persName> <w lemma="pater">pater</w> <w lemma="pro">pro</w> <w lemma="filius">filio</w>
               <lb n="6"/><w lemma="ob">ob</w> <w lemma="tribunatus">tribunatus</w> <w lemma="candida">candidam</w>
               <lb n="7"/><w lemma="et">et</w> <w lemma="ob">ob</w> <w lemma="praetura">praeturam</w> <w lemma="proximus">proximam</w>
               <lb n="8"/><w lemma="tantus">tantam</w><w lemma="que">que</w> <w lemma="in">in</w> <w lemma="nos">nos</w> <w lemma="princeps"><expan><abbr>princip</abbr><ex>um</ex></expan></w> 
               <lb n="9"/><w lemma="confero">conlatam</w> <w lemma="indulgentia">indulgentiam</w>
               <lb n="10"/><w lemma="compes">conpes</w> <w lemma="uotum">uotorum</w> <w lemma="omnis">omnium</w>
               <lb n="11"/><w lemma="dens">dentes</w> <w lemma="duo">duos</w> <placeName reg="Luca" type="ethnic">Lucae</placeName> <w lemma="bos">bouis</w>
               <lb n="12"/><placeName type="ethnic" reg="Indus"><w lemma="Indus">Indorum</w></placeName> <w lemma="tuus">tuorum</w> <w lemma="dico">dico</w>
            </ab></div>

<div type="apparatus">
<head>Apparatus</head>
<p>
               <app loc="8"><note> <foreign lang="la">PRINCIPP</foreign> Severus and Caracalla, from 196.  </note></app>
            </p></div>

<div type="translation">
<head>Translation</head>
<p><supplied reason="subaudible">Statue of</supplied> Liber Pater, son of Jupiter, the offering which I had destined for the Lar of the home city of Severus, the son of Jupiter, who is my sun, my father Pudens <supplied reason="subaudible">paid</supplied> on behalf of his son, on account of my candidature for the tribunate <supplied reason="subaudible">at Rome</supplied> and my subsequent praetorship and the great indulgence which the two <foreign lang="la">principes</foreign> have conferred on us; as an offering which comprises all that I have vowed I dedicate two elephant tusks from your own Indian animals.</p></div>

<div type="commentary">
<head>Commentary</head>
<p>l. 11. Luca bos. An elephant. See also <xref type="inscription">231</xref>, l. 6.</p></div>

<div type="figure">
<head>Photographs</head>
<p>
<figure href="0351"><figDesc>Ward-Perkins Archive, BSR (Sopr. CLM 918)</figDesc></figure></p></div></body></text></TEI.2>
