<?xml version="1.0" encoding="UTF-8"?>
<!DOCTYPE TEI.2 SYSTEM "http://www.stoa.org/epidoc/dtd/6/tei-epidoc.dtd">
<TEI.2 lang="en" id="IRT209"><teiHeader><fileDesc><titleStmt><title><rs type="textType">Christian</rs> <rs type="textType">funerary</rs> inscription of Irene </title><editor>J. M. Reynolds</editor><editor>J. B. Ward-Perkins</editor></titleStmt><publicationStmt>
<p>Creative Commons licence Attribution UK 2.0 (<xref>http://creativecommons.org/licenses/by/2.0/uk/</xref>). </p>
<p>All reuse or distribution of this work must contain somewhere a link back to the URL <xref>http://irt.kcl.ac.uk/</xref>
            </p></publicationStmt><sourceDesc>
<p>Republished from <bibl id="irt1952">
                  <author>J. M. Reynolds</author> and <author>J. B. Ward-Perkins</author>, <title level="m">The Inscriptions of Roman Tripolitania</title>, <pubPlace>Rome</pubPlace>: <publisher>British
                  School at Rome</publisher>, <date>1952</date>. </bibl>
            </p></sourceDesc></fileDesc><encodingDesc>
<p>Marked-up according to the EpiDoc Guidelines version 5 <xref>http://www.stoa.org/epidoc/gl/5/</xref>
         </p></encodingDesc><profileDesc><langUsage><language id="ar">Arabic</language><language id="en">English</language><language id="fr">French</language><language id="de">German</language><language id="grc">Ancient Greek</language><language id="grc-Latn">Transliterated Greek</language><language id="el">Modern Greek</language><language id="he">Hebrew</language><language id="it">Italian</language><language id="la">Latin</language><language id="phn-LY">Punic</language><language id="ber-Latn">Native Libyan language in Latin script</language></langUsage><textClass/><textClass><keywords><term>
                  <geogName type="ancientRegion" key="Tripolitania">Tripolitania</geogName>
               </term><term>
                  <geogName type="modernCountry" key="LY">Libya</geogName>
               </term><term>
                  <placeName type="modernFindspot" key="http://www.geonames.org/2208578/marsa-zawaghah.html">Marsa Zawaghah</placeName>
               </term></keywords></textClass></profileDesc><revisionDesc>
<change><date>2008-09-09</date><respStmt><name>ZA</name></respStmt><item>converted using CHET-C</item></change>
<change><date>2009-05-19</date><respStmt><name>RV</name></respStmt><item>Added Figures</item></change>
<change><date>2009-08-24</date><respStmt><name>RV</name></respStmt><item>Added Figures</item></change></revisionDesc></teiHeader><text><body>

<div type="description" subtype="monument">
<head>Description of Monument</head>
<p> <rs type="objectType">Block</rs> of stuccoed <rs type="material">sandstone</rs> 
               (<rs type="dimensions"><measure unit="metre" type="length" dim="width">0.47</measure>
                  <measure unit="metre" type="length" dim="height">0.40</measure>
                  <measure unit="metre" type="length" dim="depth">0.45</measure></rs>).  One of two or more similar blocks, comprising a freestanding tomb of the 
               type characteristic of the later cemeteries at Sabratha and in Tripolitania generally.
            </p></div>

<div type="description" subtype="text">
<head>Description of Text</head>
<p>A cross in relief on the rounded upper surface and inscribed on one end within a frame of horizontal lines;</p></div>

<div type="description" subtype="letters">
<head>Description of Letters</head>
<p> Lettering: <measure from="0.05" to="0.06" dim="height" unit="metre">0.05-0.06</measure></p></div>

<div type="description" subtype="date">
<head>Date</head>
<p>
               <date type="textDate" notAfter="0650" notBefore="0501">Sixth-seventh century A.D.</date>
            (<rs type="criteria">context</rs>, <rs type="criteria">form</rs>)</p></div>

<div type="history" subtype="locations">
<head>Locations</head>
<p>
               <rs type="found">
                  <placeName type="ancientFindspot" ref="http://atlantides.org/batlas/abrotonum-sabratha-35-e2" key="db659">Sabratha</placeName>:
                  <rs type="monuList" key="db862">The late cemetery NE of the Theatre</rs>. In situ.</rs>
            </p>
<p>
               <rs type="origLocation">Findspot</rs>
            </p>
<p>
               <rs type="lastLocation">Findspot</rs>
            </p></div>



<div type="bibliography">
<head>Bibliography</head>
<p>Not previously published.</p></div>

<div type="history" subtype="text-constituted-from">
<head>Text constituted from</head>
<p>Transcription (Reynolds, Ward-Perkins)</p></div>

<div type="edition" lang="la">
<head lang="en">Text</head>
<ab>
               <lb n="1"/>
               <supplied reason="lost" cert="low"><g type="crux"/></supplied> 
               <w lemma="bonus">Bona</w> 
               <w lemma="memoria">me<lb n="2" type="worddiv"/>moria</w> 
               <persName type="attested"><name reg="Irene" type="cognomen">Iren<supplied reason="lost">e</supplied></name></persName>
               <w lemma="uiuo"><lb n="3"/>bixi<supplied reason="lost">t</supplied></w> 
              <date dur="PY3M1"><w lemma="annus"><expan><abbr><supplied reason="lost">a</supplied>nn</abbr><ex>os</ex></expan></w> 
               <w lemma="tres">tr<lb n="4" type="worddiv"/>es</w> 
               <w lemma="et">et</w> 
               <w lemma="mensis"><expan><abbr>mense</abbr><ex>m</ex></expan></w> 
               <w lemma="unus"><expan><abbr>un</abbr><ex>um</ex></expan></w></date>
               <lb n="5"/>
               <w lemma="et">et</w> 
               <w lemma="requiesco"><expan><abbr>req</abbr><ex>uieuit</ex></expan></w> 
               <w lemma="in">in</w>
               <w lemma="pax">pace</w>
               <lb n="6"/><gap reason="lost" extent="unknown" unit="character"/>
               <g type="crux"/></ab></div>

                  <div type="translation">
<head>Translation</head>
<p><supplied reason="lost" cert="low"><note>cross</note></supplied> Of good memory, Irene lived for three years and one month and was laid to rest in peace <supplied reason="lost">on</supplied><gap reason="lost"/> <note>cross</note></p></div>

<div type="commentary">
<head>Commentary</head>
<p>No comment.</p></div>

<div type="figure">
<head>Photographs</head>
<p>
<figure href="0253"><figDesc>Ward-Perkins Archive, BSR (BSR 48.S.107)</figDesc></figure>
<figure href="0254"><figDesc>Ward-Perkins Archive, BSR (/)</figDesc></figure></p></div></body></text></TEI.2>
