<?xml version="1.0" encoding="UTF-8"?>
<!DOCTYPE TEI.2 SYSTEM "http://www.stoa.org/epidoc/dtd/6/tei-epidoc.dtd">
<TEI.2 lang="en" id="IRT245"><teiHeader><fileDesc><titleStmt><title><rs type="textType">Votive</rs> inscriptions by C. Calpurnius Candidus</title><editor>J. M. Reynolds</editor><editor>J. B. Ward-Perkins</editor></titleStmt><publicationStmt>
<p>Creative Commons licence Attribution UK 2.0 (<xref>http://creativecommons.org/licenses/by/2.0/uk/</xref>). </p>
<p>All reuse or distribution of this work must contain somewhere a link back to the URL <xref>http://irt.kcl.ac.uk/</xref>
            </p></publicationStmt><sourceDesc>
<p>Republished from <bibl id="irt1952">
                  <author>J. M. Reynolds</author> and <author>J. B. Ward-Perkins</author>, <title level="m">The Inscriptions of Roman Tripolitania</title>, <pubPlace>Rome</pubPlace>: <publisher>British
                  School at Rome</publisher>, <date>1952</date>. </bibl>
            </p></sourceDesc></fileDesc><encodingDesc>
<p>Marked-up according to the EpiDoc Guidelines version 5 <xref>http://www.stoa.org/epidoc/gl/5/</xref>
         </p></encodingDesc><profileDesc><langUsage><language id="ar">Arabic</language><language id="en">English</language><language id="fr">French</language><language id="de">German</language><language id="grc">Ancient Greek</language><language id="grc-Latn">Transliterated Greek</language><language id="el">Modern Greek</language><language id="he">Hebrew</language><language id="it">Italian</language><language id="la">Latin</language><language id="phn-LY">Punic</language><language id="ber-Latn">Native Libyan language in Latin script</language></langUsage><textClass/><textClass><keywords><term>
                  <geogName type="ancientRegion" key="Tripolitania">Tripolitania</geogName>
               </term><term>
                  <geogName type="modernCountry" key="LY">Libya</geogName>
               </term><term>
                  <placeName type="modernFindspot" key="http://www.geonames.org/2210247/tripoli.html">Tripoli</placeName>
               </term></keywords></textClass></profileDesc><revisionDesc>
<change><date>2008-09-09</date><respStmt><name>ZA</name></respStmt><item>converted using CHET-C</item></change>
<change><date>2009-05-19</date><respStmt><name>RV</name></respStmt><item>Added Figures</item></change>
<change><date>2009-08-24</date><respStmt><name>RV</name></respStmt><item>Added Figures</item></change></revisionDesc></teiHeader><text><body>

<div type="description" subtype="monument">
<head>Description of Monument</head>
<p>Part of the <rs type="objectType">mosaic</rs> <rs type="objectType">pavement</rs> of a small shrine.</p></div>

<div type="description" subtype="text">
<head>Description of Text</head>
<p>Two  <rs type="decoration">tabellae ansatae</rs> in mosaic: 
               a) die, <rs type="dimensions">
                  <measure unit="metre" type="length" dim="width">1.25</measure>
                  <measure unit="metre" type="length" dim="height">0.28</measure></rs>; 
               b) die, <rs type="dimensions"><measure unit="metre" type="length" dim="width">1.33</measure>
                  <measure unit="metre" type="length" dim="height">0.38</measure></rs>. 
               Described by Aurigemma. Not seen.</p></div>

<div type="description" subtype="letters">
<head>Description of Letters</head>
<p>a) lettering, <measure unit="metre" type="length" dim="height">0.12</measure>. 
               b) size of lettering not recorded. </p></div>

<div type="description" subtype="date">
<head>Date</head>
<p>
               <date type="textDate">Unknown</date>
            </p></div>

<div type="history" subtype="locations">
<head>Locations</head>
<p>
               <rs type="found">
                  <placeName type="ancientFindspot" ref="http://atlantides.org/batlas/oea-35-f2" key="db657">Oea</placeName>: 
                  <rs type="monuList" key="db809">Near Fort Trigh Tarhuna</rs>. Part of the pavement of a small shrine found in 1912  (12 km. ESE of Tripoli, map ref. L 615655) and described by Aurigemma. 
                  Not seen.</rs>
            </p>
<p>
               <rs type="origLocation">Unknown</rs>
            </p>
<p>
               <rs type="lastLocation">Findspot</rs>
            </p></div>



<div type="bibliography">
<head>Bibliography</head>
<p><bibl><xptr from="rivtrip"/>, <biblScope>I:54</biblScope> ff figs. 4, 6, 7</bibl></p></div>

<div type="history" subtype="text-constituted-from">
<head>Text constituted from</head>
<p>Previous publications</p></div>

<div type="edition" lang="la">
<head lang="en">Text</head>

<div type="textpart" subtype="text" n="a">
<ab>
               <lb n="1"/>
               <persName type="attested">
                  <name type="praenomen" reg="Caius"><expan><abbr>C</abbr><ex>aius</ex></expan></name>
                  <name type="gentilicium" reg="Calpurnius">Calpurnius</name>
               <lb n="2"/>
               <name type="cognomen" reg="Candidus"><supplied reason="lost">Can</supplied>didus</name></persName> 
               <w lemma="uotum"><expan><abbr>u</abbr><ex>otum</ex></expan></w>
               <w lemma="soluo"><expan><abbr>s</abbr><ex>oluit</ex></expan></w>
            </ab></div>

<div type="textpart" subtype="text" n="b">
<ab>
               <lb n="1"/>
               <supplied reason="lost"><expan><abbr>C</abbr><ex>aius</ex></expan></supplied>
               <supplied reason="lost">Ca</supplied>lpurnius
               <lb n="2"/>Candidus 
               <expan><abbr>u</abbr><ex>oto</ex></expan> 
               <expan><abbr>s</abbr><ex>oluto</ex></expan>
               <lb n="3"/>
               <expan><abbr>d</abbr><ex>edit</ex></expan> 
               <expan><abbr>d</abbr><ex>edicauit</ex></expan>
            </ab></div></div>

<div type="translation">
<head>Translation</head>
<p>a. Caius Calpurnius Candidus paid his vow. </p><p>b. Caius Calpurnius Candidus, having paid his vow gave and dedicated this.</p></div>

<div type="commentary">
<head>Commentary</head>
<p>No comment.</p></div>

<div type="figure">
<head>Photographs</head><p>No photographs.</p></div></body></text></TEI.2>
