<?xml version="1.0" encoding="UTF-8"?>
<!DOCTYPE TEI.2
  SYSTEM "http://www.stoa.org/epidoc/dtd/6/tei-epidoc.dtd">
<TEI.2 lang="en" id="IRT260"><teiHeader><fileDesc><titleStmt><title>Fragmentary <rs type="textType">Christian</rs> <rs type="textType">funerary</rs> inscription </title><editor>J. M. Reynolds</editor><editor>J. B. Ward-Perkins</editor></titleStmt><publicationStmt>
<p>Creative Commons licence Attribution UK 2.0 (<xref>http://creativecommons.org/licenses/by/2.0/uk/</xref>). </p>
<p>All reuse or distribution of this work must contain somewhere a link back to the URL <xref>http://irt.kcl.ac.uk/</xref>
            </p></publicationStmt><sourceDesc>
<p>Republished from <bibl id="irt1952">
                  <author>J. M. Reynolds</author> and <author>J. B. Ward-Perkins</author>, <title level="m">The Inscriptions of Roman Tripolitania</title>, <pubPlace>Rome</pubPlace>: <publisher>British
                  School at Rome</publisher>, <date>1952</date>. </bibl>
            </p></sourceDesc></fileDesc><encodingDesc>
<p>Marked-up according to the EpiDoc Guidelines version 5 <xref>http://www.stoa.org/epidoc/gl/5/</xref>
         </p></encodingDesc><profileDesc><langUsage><language id="ar">Arabic</language><language id="en">English</language><language id="fr">French</language><language id="de">German</language><language id="grc">Ancient Greek</language><language id="grc-Latn">Transliterated Greek</language><language id="el">Modern Greek</language><language id="he">Hebrew</language><language id="it">Italian</language><language id="la">Latin</language><language id="phn-LY">Punic</language><language id="ber-Latn">Native Libyan language in Latin script</language></langUsage><textClass/><textClass><keywords><term>
                  <geogName type="ancientRegion" key="Tripolitania">Tripolitania</geogName>
               </term><term>
                  <geogName type="modernCountry" key="LY">Libya</geogName>
               </term><term>
                  <placeName type="modernFindspot" key="http://www.geonames.org/2210247/tripoli.html">Tripoli</placeName>
               </term></keywords></textClass></profileDesc><revisionDesc>
<change><date>2008-09-09</date><respStmt><name>ZA</name></respStmt><item>converted using CHET-C</item></change>
<change><date>2009-05-19</date><respStmt><name>RV</name></respStmt><item>Added Figures</item></change>
<change><date>2009-08-24</date><respStmt><name>RV</name></respStmt><item>Added Figures</item></change></revisionDesc></teiHeader><text><body>

<div type="description" subtype="monument">
<head>Description of Monument</head>
<p>Right-hand side of a heavy <rs type="material">marble</rs> <rs type="objectType">panel</rs>, re-used as a tomb-slab (<rs type="dimensions"><measure unit="metre" type="length" dim="width">0.35</measure><measure unit="metre" type="length" dim="height">0.67</measure><measure unit="metre" type="length" dim="depth">0.08</measure></rs>).</p></div>

<div type="description" subtype="text">
<head>Description of Text</head>
<p>Inscribed on one face.</p></div>

<div type="description" subtype="letters">
<head>Description of Letters</head>
<p>Rough late capitals: <measure from="0.05" to="0.07" dim="height" unit="metre">0.05-0.07</measure>.</p></div>

<div type="description" subtype="date">
<head>Date</head>
<p>
               <date type="textDate">Unknown</date>
            </p></div>

<div type="history" subtype="locations">
<head>Locations</head>
<p>
               <rs type="found">
                  <placeName type="ancientFindspot" ref="http://atlantides.org/batlas/oea-35-f2" key="db657">Oea</placeName>:
                  Near the <rs type="monuList" key="db806">Bab el-G'edid</rs>, Tripoli</rs>
            </p>
<p>
               <rs type="origLocation">Unknown</rs>
            </p>
<p>
               <rs type="lastLocation"><rs type="monuList" key="db662">Tripoli Castle</rs>.</rs>
            </p></div>



<div type="bibliography">
<head>Bibliography</head>
<p><bibl><xptr from="nuovbullarch"/>, <biblScope>XXIV-V:37</biblScope> no. 5.</bibl></p></div>

<div type="history" subtype="text-constituted-from">
<head>Text constituted from</head>
<p>Transcription (Reynolds, Ward-Perkins)</p></div>

<div type="edition" lang="la">
<head lang="en">Text</head>
<ab>
               <lb n="1"/>
               <supplied reason="lost"><w lemma="bonus">Bonae</w></supplied>
               <w lemma="memoria"><supplied reason="lost">me</supplied>m<lb n="2" type="worddiv"/><supplied reason="lost">oriae</supplied></w>
               <gap reason="lost" extent="unknown" unit="character" id="gap1"/><certainty locus="#gi" target="gap1" degree="low"/><w part="F">enti</w>
               <lb n="3"/><gap reason="lost" extent="unknown" unit="character" id="gap2"/><certainty locus="#gi" target="gap2" degree="low"/>
               <w lemma="uiuo"><supplied reason="lost">ui</supplied>xit</w>
               <lb n="4"/><w lemma="annus"><supplied reason="lost">anno</supplied>s</w> <w lemma="multus"><expan><abbr>p</abbr><ex>lus</ex></expan></w> 
               <w lemma="paruus"><expan><abbr>m</abbr><ex>inus</ex></expan></w>
               <lb n="5"/><gap reason="lost" extent="unknown" unit="character"/><num><gap reason="lost" extent="1" extentmax="4" unit="character"/>II</num> 
               <w lemma="indictio"><expan><abbr>in</abbr><ex>dictione</ex></expan></w> <num value="4">IIII</num>
            </ab></div>

                  <div type="translation">
<head>Translation</head>
<p><supplied reason="lost">To the good memory of</supplied><gap reason="lost"/>entus; he lived approximately <supplied reason="lost">? years and died</supplied><gap reason="lost"/> in indiction 4.</p></div>

<div type="commentary">
<head>Commentary</head>
<p>No comment.</p></div>

<div type="figure">
<head>Photographs</head>
<p>
<figure href="0308"><figDesc>Ward-Perkins Archive, BSR (Sopr. DTV 692 Leica)</figDesc></figure></p></div></body></text></TEI.2>