<?xml version="1.0" encoding="UTF-8"?>
<!DOCTYPE TEI.2
  SYSTEM "http://www.stoa.org/epidoc/dtd/6/tei-epidoc.dtd">
<TEI.2 lang="en" id="IRT255"><teiHeader><fileDesc><titleStmt><title><rs type="textType" cert="high">Acclamation</rs></title><editor>J. M. Reynolds</editor><editor>J. B. Ward-Perkins</editor></titleStmt><publicationStmt>
<p>Creative Commons licence Attribution UK 2.0 (<xref>http://creativecommons.org/licenses/by/2.0/uk/</xref>). </p>
<p>All reuse or distribution of this work must contain somewhere a link back to the URL <xref>http://irt.kcl.ac.uk/</xref>
            </p></publicationStmt><sourceDesc>
<p>Republished from <bibl id="irt1952">
                  <author>J. M. Reynolds</author> and <author>J. B. Ward-Perkins</author>, <title level="m">The Inscriptions of Roman Tripolitania</title>, <pubPlace>Rome</pubPlace>: <publisher>British
                  School at Rome</publisher>, <date>1952</date>. </bibl>
            </p></sourceDesc></fileDesc><encodingDesc>
<p>Marked-up according to the EpiDoc Guidelines version 5 <xref>http://www.stoa.org/epidoc/gl/5/</xref>
         </p></encodingDesc><profileDesc><langUsage><language id="ar">Arabic</language><language id="en">English</language><language id="fr">French</language><language id="de">German</language><language id="grc">Ancient Greek</language><language id="grc-Latn">Transliterated Greek</language><language id="el">Modern Greek</language><language id="he">Hebrew</language><language id="it">Italian</language><language id="la">Latin</language><language id="phn-LY">Punic</language><language id="ber-Latn">Native Libyan language in Latin script</language></langUsage><textClass/><textClass><keywords><term>
                  <geogName type="ancientRegion" key="Tripolitania">Tripolitania</geogName>
               </term><term>
                  <geogName type="modernCountry" key="LY">Libya</geogName>
               </term><term>
                  <placeName type="modernFindspot" key="http://www.geonames.org/2210247/tripoli.html">Tripoli</placeName>
               </term></keywords></textClass></profileDesc><revisionDesc>
<change><date>2008-09-09</date><respStmt><name>ZA</name></respStmt><item>converted using CHET-C</item></change>
<change><date>2009-05-19</date><respStmt><name>RV</name></respStmt><item>Added Figures</item></change>
<change><date>2009-08-24</date><respStmt><name>RV</name></respStmt><item>Added Figures</item></change></revisionDesc></teiHeader><text><body>

<div type="description" subtype="monument">
<head>Description of Monument</head>
<p> <rs type="material">Cipollino</rs> <rs type="objectType">column</rs> 
               (diam. <rs type="dimensions"><measure unit="metre" type="length" dim="width">0.52</measure></rs>).</p></div>

<div type="description" subtype="text">
<head>Description of Text</head>
<p>Inscribed while upside-down, within a roughly oval frame.</p></div>

<div type="description" subtype="letters">
<head>Description of Letters</head>
<p>Rough late capitals: <measure from="0.025" to="0.04" dim="height" unit="metre">0.025-0.04</measure>. 
               For the unusual form of G (J) see also <xref type="inscription">876</xref> and <xref type="inscription">261</xref> (39).  </p></div>

<div type="description" subtype="date">
<head>Date</head>
<p>
               <date type="textDate">Unknown</date>
            </p></div>

<div type="history" subtype="locations">
<head>Locations</head>
<p>
               <rs type="found">
                  <placeName type="ancientFindspot" ref="http://atlantides.org/batlas/oea-35-f2" key="db657">Oea</placeName>:
                  Near the <rs type="monuList" key="db806">Bab el-G'edid</rs>, Tripoli. Found re-used as a door-sill.</rs>
            </p>
<p>
               <rs type="origLocation">Unknown</rs>
            </p>
<p>
               <rs type="lastLocation"><rs type="monuList" key="db662">Tripoli Castle</rs>.</rs>
            </p></div>



<div type="bibliography">
<head>Bibliography</head>
<p><bibl><xptr from="notizarch"/>, <biblScope>II:334-6</biblScope>, figs 20-1; </bibl>
               <bibl><xptr from="nuovbullarch"/>, <biblScope>XXXIV-V:35-36</biblScope>, no. 4, Pl II, 4. </bibl></p></div>

<div type="history" subtype="text-constituted-from">
<head>Text constituted from</head>
<p>Transcription (Reynolds, Ward-Perkins)</p></div>

<div type="edition" lang="la">
<head lang="en">Text</head>
<ab>
               <lb n="1"/><persName type="divine"><name reg="Maria" type="gentilicium">Maria</name></persName> <g type="crux"/>
               <lb n="2"/><g type="crux"/> <persName type="divine"><name reg="Angelus" type="cognomen">Angelus</name>
               <lb n="3"/><g type="crux"/> <name reg="Gabriel" type="cognomen">Gabriel</name></persName> <g type="crux"/></ab></div>

<div type="translation">
<head>Translation</head>
<p>Maria <note>cross</note>, <note>cross</note> Angel <note>cross</note> Gabriel <note>cross</note></p></div>

<div type="commentary">
<head>Commentary</head>
<p>No comment.</p></div>

<div type="figure">
<head>Photographs</head>
<p>
<figure href="0302"><figDesc>Ward-Perkins Archive, BSR (Sopr. A 156)</figDesc></figure></p></div></body></text></TEI.2>