<?xml version="1.0" encoding="UTF-8"?>
<!DOCTYPE TEI.2 SYSTEM "http://www.stoa.org/epidoc/dtd/6/tei-epidoc.dtd">
<TEI.2 lang="en" id="IRT240"><teiHeader><fileDesc><titleStmt><title><rs type="textType">Testamentary</rs> <rs type="textType">benefaction</rs></title><editor>J. M. Reynolds</editor><editor>J. B. Ward-Perkins</editor></titleStmt><publicationStmt>
<p>Creative Commons licence Attribution UK 2.0 (<xref>http://creativecommons.org/licenses/by/2.0/uk/</xref>). </p>
<p>All reuse or distribution of this work must contain somewhere a link back to the URL <xref>http://irt.kcl.ac.uk/</xref>
            </p></publicationStmt><sourceDesc>
<p>Republished from <bibl id="irt1952">
                  <author>J. M. Reynolds</author> and <author>J. B. Ward-Perkins</author>, <title level="m">The Inscriptions of Roman Tripolitania</title>, <pubPlace>Rome</pubPlace>: <publisher>British
                  School at Rome</publisher>, <date>1952</date>. </bibl>
            </p></sourceDesc></fileDesc><encodingDesc>
<p>Marked-up according to the EpiDoc Guidelines version 5 <xref>http://www.stoa.org/epidoc/gl/5/</xref>
         </p></encodingDesc><profileDesc><langUsage><language id="ar">Arabic</language><language id="en">English</language><language id="fr">French</language><language id="de">German</language><language id="grc">Ancient Greek</language><language id="grc-Latn">Transliterated Greek</language><language id="el">Modern Greek</language><language id="he">Hebrew</language><language id="it">Italian</language><language id="la">Latin</language><language id="phn-LY">Punic</language><language id="ber-Latn">Native Libyan language in Latin script</language></langUsage><textClass/><textClass><keywords><term>
                  <geogName type="ancientRegion" key="Tripolitania">Tripolitania</geogName>
               </term><term>
                  <geogName type="modernCountry" key="LY">Libya</geogName>
               </term><term>
                  <placeName type="modernFindspot" key="http://www.geonames.org/2210247/tripoli.html">Tripoli</placeName>
               </term></keywords></textClass></profileDesc><revisionDesc>
<change><date>2008-09-09</date><respStmt><name>ZA</name></respStmt><item>converted using CHET-C</item></change>
<change><date>2009-05-19</date><respStmt><name>RV</name></respStmt><item>Added Figures</item></change>
<change><date>2009-08-24</date><respStmt><name>RV</name></respStmt><item>Added Figures</item></change></revisionDesc></teiHeader><text><body>

<div type="description" subtype="monument">
<head>Description of Monument</head>
<p> Rectangular <rs type="objectType">base</rs> 
               (<rs type="dimensions"><measure unit="metre" type="length" dim="width">0.50</measure>
                  <measure unit="metre" type="length" dim="height">0.87</measure><measure unit="metre" type="length" dim="depth">0.52</measure></rs>) 
               of <rs type="material">grey limestone</rs>.</p></div>

<div type="description" subtype="text">
<head>Description of Text</head>
<p>Inscribed on one face within moulded panel 
               (die, <rs type="dimensions"><measure unit="metre" type="length" dim="width">0.27</measure>
                  <measure unit="metre" type="length" dim="height">0.64</measure></rs>).</p></div>

<div type="description" subtype="letters">
<head>Description of Letters</head>
<p> Rustic capitals: ll. 1-4, <measure unit="metre" type="length" dim="height">0.05</measure>; 
               ll. 5-6, <measure from="0.045" to="0.05" dim="height" unit="metre">0.045-0.05</measure>. </p></div>

<div type="description" subtype="date">
<head>Date</head>
<p>
               <date type="textDate">Unknown</date>
            </p></div>

<div type="history" subtype="locations">
<head>Locations</head>
<p>
               <rs type="found">
                  <placeName type="ancientFindspot" ref="http://atlantides.org/batlas/oea-35-f2" key="db657">Oea</placeName>:
                  Tripoli city.</rs>
            </p>
<p>
               <rs type="origLocation">Unknown</rs>
            </p>
<p>
               <rs type="lastLocation">Now in front of <rs type="monuList" key="db660">Sabratha Museum</rs></rs>
            </p></div>



<div type="bibliography">
<head>Bibliography</head>
<p> <bibl><xptr from="afrital"/>,  <biblScope>VII:132</biblScope> ff., fig. 1</bibl>; 
               <bibl><xptr from="ae"/>, <biblScope>1948:5</biblScope></bibl>. </p></div>

<div type="history" subtype="text-constituted-from">
<head>Text constituted from</head>
<p>Transcription (Reynolds, Ward-Perkins)</p></div>

<div type="edition" lang="la">
<head lang="en">Text</head>
<ab>
               <lb n="1"/>
               <persName type="attested">
                  <name type="praenomen" reg="Lucius"><expan><abbr>L</abbr><ex>ucius</ex></expan></name>
                  <name type="gentilicium" reg="Aemilius">Aemilius</name>
                  <lb n="2"/>
                  <name type="cognomen" reg="Celsianus">Celsianus</name></persName> 
               <w lemma="res"><expan><abbr>r</abbr><ex>ei</ex></expan></w> 
               <w lemma="publicus"><expan><abbr>p</abbr><ex>ublicae</ex></expan></w>
               <lb n="3"/>
               <w lemma="statua">statuas</w> 
               <num value="10">X</num> 
               <w lemma="testamentum"><expan><abbr>test</abbr><ex>amento</ex></expan></w>
               <lb n="4"/>
               <w lemma="lego"><expan><abbr>leg</abbr><ex>auit</ex></expan></w>
               <lb n="5"/>
               <persName type="attested">
                  <name type="praenomen" reg="Publius"><expan><abbr>P</abbr><ex>ublius</ex></expan></name>
                  <name type="gentilicium" reg="Seruilius">Seruilius</name>
                  <name reg="Pudens" type="cognomen">Pudens</name></persName>
               <lb n="6"/><w lemma="curo">curauit</w></ab></div>

<div type="translation">
<head>Translation</head>
<p>Lucius Aemilius Celsianus bequeathed in his will ten statues to the city. Publius Servilius Pudens executed <supplied reason="subaudible">the bequest</supplied>.</p></div>

<div type="commentary">
<head>Commentary</head>
<p>No comment.</p></div>

<div type="figure">
<head>Photographs</head>
<p>
<figure href="0293"><figDesc>Ward-Perkins Archive, BSR (Sopr. DS 855 Leica)</figDesc></figure></p></div></body></text></TEI.2>
