<?xml version="1.0" encoding="UTF-8"?>
<!DOCTYPE TEI.2 SYSTEM "http://www.stoa.org/epidoc/dtd/6/tei-epidoc.dtd">
<TEI.2 lang="en" id="IRT272"><teiHeader><fileDesc><titleStmt><title><rs type="textType">Votive</rs> fragment </title><editor>J. M. Reynolds</editor><editor>J. B. Ward-Perkins</editor></titleStmt><publicationStmt>
<p>Creative Commons licence Attribution UK 2.0 (<xref>http://creativecommons.org/licenses/by/2.0/uk/</xref>). </p>
<p>All reuse or distribution of this work must contain somewhere a link back to the URL <xref>http://irt.kcl.ac.uk/</xref>
            </p></publicationStmt><sourceDesc>
<p>Republished from <bibl id="irt1952">
                  <author>J. M. Reynolds</author> and <author>J. B. Ward-Perkins</author>, <title level="m">The Inscriptions of Roman Tripolitania</title>, <pubPlace>Rome</pubPlace>: <publisher>British
                  School at Rome</publisher>, <date>1952</date>. </bibl>
            </p></sourceDesc></fileDesc><encodingDesc>
<p>Marked-up according to the EpiDoc Guidelines version 5 <xref>http://www.stoa.org/epidoc/gl/5/</xref>
         </p></encodingDesc><profileDesc><langUsage><language id="ar">Arabic</language><language id="en">English</language><language id="fr">French</language><language id="de">German</language><language id="grc">Ancient Greek</language><language id="grc-Latn">Transliterated Greek</language><language id="el">Modern Greek</language><language id="he">Hebrew</language><language id="it">Italian</language><language id="la">Latin</language><language id="phn-LY">Punic</language><language id="ber-Latn">Native Libyan language in Latin script</language></langUsage><textClass/><textClass><keywords><term>
                  <geogName type="ancientRegion" key="Tripolitania">Tripolitania</geogName>
               </term><term>
                  <geogName type="modernCountry" key="LY">Libya</geogName>
               </term><term>
                  <placeName type="modernFindspot" key="http://www.geonames.org/2215692/leptis-magna.html">Leptis Magna</placeName>
               </term></keywords></textClass></profileDesc><revisionDesc>
<change><date>2008-09-09</date><respStmt><name>ZA</name></respStmt><item>converted using CHET-C</item></change>
<change><date>2009-05-19</date><respStmt><name>RV</name></respStmt><item>Added Figures</item></change>
<change><date>2009-08-24</date><respStmt><name>RV</name></respStmt><item>Added Figures</item></change></revisionDesc></teiHeader><text><body>

<div type="description" subtype="monument">
<head>Description of Monument</head>
<p>Right-hand side of a <rs type="objectType">panel</rs> (width incomplete <rs type="dimensions"><measure unit="metre" type="length" dim="width">0.32</measure>
               <measure unit="metre" type="length" dim="height">0.25</measure></rs>) of <rs type="material">grey-flecked white</rs> <rs type="material">marble</rs>.</p></div>

<div type="description" subtype="text">
<head>Description of Text</head>
<p>Inscribed on one face.</p></div>

<div type="description" subtype="letters">
<head>Description of Letters</head>
<p>Lettering: <measure from="0.04" to="0.045" dim="height" unit="metre">0.04-0.045</measure>.</p></div>

<div type="description" subtype="date">
<head>Date</head>
<p>
               <date type="textDate">Unknown</date>
            </p></div>

<div type="history" subtype="locations">
<head>Locations</head>
<p>
               <rs type="found">
                  <placeName type="ancientFindspot" ref="http://atlantides.org/batlas/neapolis-lepcis-magna-35-g2" key="db653">Lepcis Magna</placeName>:
                  Findspot unrecorded</rs>
            </p>
<p>
               <rs type="origLocation">Unknown</rs>
            </p>
<p>
               <rs type="lastLocation"><rs type="monuList" key="db654">Lepcis Museum</rs>.</rs>
            </p></div>


<div type="bibliography">
<head>Bibliography</head>
<p>Not previously published.</p></div>

<div type="history" subtype="text-constituted-from">
<head>Text constituted from</head>
<p>Transcription (Reynolds, Ward-Perkins)</p></div>

<div type="edition" lang="la">
<head lang="en">Text</head>
<ab>
               <lb n="1"/><gap reason="lost" extent="unknown" unit="character"/> <w lemma="honoro">honoratus</w>
               <lb n="2"/><gap reason="lost" extent="unknown" unit="character"/><w part="F">forus</w> <placeName type="ethnic" reg="Cirtensis"><expan><abbr>Cirten</abbr><ex>sis</ex></expan></placeName>
               <lb n="3"/><gap reason="lost" extent="unknown" unit="character"/><w part="F">ris</w> <w lemma="deus">deum</w> <w lemma="uotum"><expan><abbr>u</abbr><ex>otum</ex></expan></w> 
               <w lemma="soluo"><expan><abbr>s</abbr><ex>oluit</ex></expan></w> 
            </ab></div>



<div type="translation">
<head>Translation</head>
   <p><gap reason="lost"/> honoured <note>nominative case</note> <gap reason="lost"/>forus <note>end of a name in the nominative case</note> of Cirta<gap reason="lost"/><supplied reason="lost">the mother</supplied> <note>case unknown</note> of the gods, paid his vow.</p></div>

<div type="commentary">
<head>Commentary</head>
<p>line 3:  Perhaps .. <foreign lang="la">sacerdos matris deum</foreign>. see also  <xref type="inscription">567</xref> . 
            </p></div>

<div type="figure">
<head>Photographs</head>
<p>
<figure href="0321"><figDesc>Ward-Perkins Archive, BSR (BSR 48.XV.19A)</figDesc></figure></p></div></body></text></TEI.2>
