<?xml version="1.0" encoding="UTF-8"?>
<!DOCTYPE TEI.2 SYSTEM "http://www.stoa.org/epidoc/dtd/6/tei-epidoc.dtd">
<TEI.2 lang="en" id="IRT256a"><teiHeader><fileDesc><titleStmt><title><rs type="textType">Christian</rs> <rs type="textType">funerary</rs> inscription for Helladios</title><editor>J. M. Reynolds</editor><editor>J. B. Ward-Perkins</editor></titleStmt><publicationStmt>
<p>Creative Commons licence Attribution UK 2.0 (<xref>http://creativecommons.org/licenses/by/2.0/uk/</xref>). </p>
<p>All reuse or distribution of this work must contain somewhere a link back to the URL <xref>http://irt.kcl.ac.uk/</xref>
            </p></publicationStmt><sourceDesc>
<p>Republished from <bibl id="irt1952">
                  <author>J. M. Reynolds</author> and <author>J. B. Ward-Perkins</author>, <title level="m">The Inscriptions of Roman Tripolitania</title>, <pubPlace>Rome</pubPlace>: <publisher>British
                  School at Rome</publisher>, <date>1952</date>. </bibl>
            </p></sourceDesc></fileDesc><encodingDesc>
<p>Marked-up according to the EpiDoc Guidelines version 5 <xref>http://www.stoa.org/epidoc/gl/5/</xref>
         </p></encodingDesc><profileDesc><langUsage><language id="ar">Arabic</language><language id="en">English</language><language id="fr">French</language><language id="de">German</language><language id="grc">Ancient Greek</language><language id="grc-Latn">Transliterated Greek</language><language id="el">Modern Greek</language><language id="he">Hebrew</language><language id="it">Italian</language><language id="la">Latin</language><language id="phn-LY">Punic</language><language id="ber-Latn">Native Libyan language in Latin script</language></langUsage><textClass/><textClass><keywords><term>
                  <geogName type="ancientRegion" key="Tripolitania">Tripolitania</geogName>
               </term><term>
                  <geogName type="modernCountry" key="LY">Libya</geogName>
               </term><term>
                  <placeName type="modernFindspot" key="http://www.geonames.org/2210247/tripoli.html">Tripoli</placeName>
               </term></keywords></textClass></profileDesc><revisionDesc>
<change><date>2008-09-09</date><respStmt><name>ZA</name></respStmt><item>converted using CHET-C</item></change>
<change><date>2009-05-19</date><respStmt><name>RV</name></respStmt><item>Added Figures</item></change>
<change><date>2009-08-24</date><respStmt><name>RV</name></respStmt><item>Added Figures</item></change></revisionDesc></teiHeader><text><body>

<div type="description" subtype="monument">
<head>Description of Monument</head>
<p> The right-hand part  of a <rs type="material" key="marmor">marble</rs> <rs type="objectType">panel</rs>. 
               (surviving width <rs type="dimensions"><measure unit="metre" type="length" dim="width">0.46</measure>
                  <measure unit="metre" type="length" dim="height">0.38</measure>
                  <measure unit="metre" type="length" dim="depth">0.04</measure></rs>, surface badly worn). Not seen.  </p></div>

<div type="description" subtype="text">
<head>Description of Text</head>
<p>Inscribed on the surviving face.</p></div>

<div type="description" subtype="letters">
<head>Description of Letters</head>
<p>Roughly incised lettering: <measure from="0.02" to="0.025" dim="height" unit="metre">0.02-0.025</measure>.</p></div>

<div type="description" subtype="date">
<head>Date</head>
<p>
               <date type="textDate">Unknown</date>
            </p></div>

<div type="history" subtype="locations">
<head>Locations</head>
<p>
               <rs type="found">
                  <placeName type="ancientFindspot" ref="http://atlantides.org/batlas/oea-35-f2" key="db657">Oea</placeName>:
                  Tripoli. Seen and recorded in Tripoli in the early part of the nineteenth century.  
                  Rediscovered near the church of Santa Maria in Tripoli.</rs>
            </p>
<p>
               <rs type="origLocation">Unknown</rs>
            </p>
<p>
               <rs type="lastLocation"><rs type="monuList" key="db662">Tripoli Castle</rs>.</rs>
            </p></div>



<div type="bibliography">
<head>Bibliography</head>
<p>Not previously published.</p></div>

<div type="history" subtype="text-constituted-from">
<head>Text constituted from</head>
<p>Transcription (Reynolds, Ward-Perkins)</p></div>

<div type="edition" lang="grc">
<head lang="en">Text</head>
<ab>
               <lb n="1"/><supplied reason="lost"><w lemma="εὐμοιρέω">Εὐμοιριτο</w></supplied> 
               <persName type="attested"><name reg="Ἑλλάδιος">Ἑλλάδιος</name></persName> <w lemma="ζάω">ἔζησε</w>
               <date dur="PY50"><w lemma="ἔτι">ἔτι</w> <num value="50">ν</num></date>
               <lb n="2"/><supplied reason="lost"><w lemma="πλείων">πλέον</w>
                  <w lemma="ἐλάσσων"><expan><abbr>ἔλατ</abbr><ex>τ</ex><abbr>ον</abbr></expan></w></supplied>
               <w lemma="μήν"><supplied reason="lost">μῆ</supplied>ν<supplied reason="lost">ες</supplied></w>
               <supplied reason="lost"><num value="3">γ</num></supplied> <w lemma="ἡμέρα">ἡμέρας</w>
               <lb n="3"/><supplied reason="lost"><w lemma="δεκαπέντε">δεκαπέντε</w> <w lemma="ὁ">ὁ</w> 
                  <persName type="divine"><name reg="Christus">Χριστὸς</name></persName> <w lemma="μετά">μετὰ</w></supplied> 
               <supplied reason="lost"><w lemma="ὁ"><expan><abbr>τ</abbr><ex>ο</ex><abbr>ῦ</abbr></expan></w></supplied>
               <w lemma="πνεῦμα">πνεύ<lb n="4" type="worddiv"/><supplied reason="lost">ματός</supplied></w> 
               <supplied reason="lost"><w lemma="σύ"><expan><abbr>σ</abbr><ex>ο</ex><abbr>υ</abbr></expan></w></supplied>
               <w lemma="τελευτάω"><supplied reason="lost">ἐτ</supplied>ελεύ<supplied reason="lost">τισεν</supplied></w>
               <w lemma="μήν"><supplied reason="lost">μι</supplied>νὶ</w> 
               <rs type="month" reg="Παῦν"><w lemma="Παῦν"><unclear>Π</unclear>αυνὶ</w></rs>
               <lb n="5"/><w lemma="ἕβδομος"><supplied reason="lost">ἑβδό</supplied>μι</w>
               <w lemma="κατά">κατὰ</w> <w lemma="ὁ">τοὺς</w> 
               <placeName type="ethnic" reg="Ἄφρος"><w lemma="Ἄφρος">Ἄφρ<supplied reason="omitted">ο</supplied>υς</w></placeName>
            </ab></div>

<div type="apparatus">
<head>Apparatus</head>
<p>
               <app><note> The supplied letters are no longer legible. </note></app>
            </p></div>

<div type="translation">
<head>Translation</head>
<p><supplied reason="lost">May he be well off</supplied>. Helladios lived approximately 50 years, three months and fifteen days. Christ be with your spirit. He died on the seventh of the month of Payn among the Africans.</p></div>

<div type="commentary">
<head>Commentary</head>
<p>The text evidently refers to an Egyptian who died abroad. </p></div>

<div type="figure">
<head>Photographs</head>
<p>
<figure href="0303"><figDesc>Ward-Perkins Archive, BSR (BSR 48.I.4)</figDesc></figure>
<figure href="0304"><figDesc>Ward-Perkins Archive, BSR (Sopr. DTV 697 Leica)</figDesc></figure></p></div></body></text></TEI.2>
