<?xml version="1.0" encoding="UTF-8"?>
<!DOCTYPE TEI.2 SYSTEM "http://www.stoa.org/epidoc/dtd/6/tei-epidoc.dtd">
<TEI.2 lang="en" id="IRT214"><teiHeader><fileDesc><titleStmt><title><rs type="textType">Christian</rs> <rs type="textType">funerary</rs> inscription of Matrona</title><editor>J. M. Reynolds</editor><editor>J. B. Ward-Perkins</editor></titleStmt><publicationStmt>
<p>Creative Commons licence Attribution UK 2.0 (<xref>http://creativecommons.org/licenses/by/2.0/uk/</xref>). </p>
<p>All reuse or distribution of this work must contain somewhere a link back to the URL <xref>http://irt.kcl.ac.uk/</xref>
            </p></publicationStmt><sourceDesc>
<p>Republished from <bibl id="irt1952">
                  <author>J. M. Reynolds</author> and <author>J. B. Ward-Perkins</author>, <title level="m">The Inscriptions of Roman Tripolitania</title>, <pubPlace>Rome</pubPlace>: <publisher>British
                  School at Rome</publisher>, <date>1952</date>. </bibl>
            </p></sourceDesc></fileDesc><encodingDesc>
<p>Marked-up according to the EpiDoc Guidelines version 5 <xref>http://www.stoa.org/epidoc/gl/5/</xref>
         </p></encodingDesc><profileDesc><langUsage><language id="ar">Arabic</language><language id="en">English</language><language id="fr">French</language><language id="de">German</language><language id="grc">Ancient Greek</language><language id="grc-Latn">Transliterated Greek</language><language id="el">Modern Greek</language><language id="he">Hebrew</language><language id="it">Italian</language><language id="la">Latin</language><language id="phn-LY">Punic</language><language id="ber-Latn">Native Libyan language in Latin script</language></langUsage><textClass/><textClass><keywords><term>
                  <geogName type="ancientRegion" key="Tripolitania">Tripolitania</geogName>
               </term><term>
                  <geogName type="modernCountry" key="LY">Libya</geogName>
               </term><term>
                  <placeName type="modernFindspot" key="http://www.geonames.org/2208578/marsa-zawaghah.html">Marsa Zawaghah</placeName>
               </term></keywords></textClass></profileDesc><revisionDesc>
<change><date>2008-09-09</date><respStmt><name>ZA</name></respStmt><item>converted using CHET-C</item></change>
<change><date>2009-05-19</date><respStmt><name>RV</name></respStmt><item>Added Figures</item></change>
<change><date>2009-08-24</date><respStmt><name>RV</name></respStmt><item>Added Figures</item></change></revisionDesc></teiHeader><text><body>

<div type="description" subtype="monument">
<head>Description of Monument</head>
<p> Large slab of grey limestone (<rs type="dimensions">
               <measure unit="metre" type="length" dim="width">0.60</measure>
               <measure unit="metre" type="length" dim="height">1.05</measure>
               <measure unit="metre" type="length" dim="depth">0.19</measure></rs>) re-used as a tomb-slab.</p></div>

<div type="description" subtype="text">
<head>Description of Text</head>
<p>Inscribed on one face.</p></div>

<div type="description" subtype="letters">
<head>Description of Letters</head>
<p> <measure from="0.04" to="0.10" dim="height" unit="metre">0.04-0.10</measure>.</p></div>

<div type="description" subtype="date">
<head>Date</head>
<p>
               <date type="textDate" notAfter="0650" notBefore="0401">Fifth-seventh century A.D.</date>
            (<rs type="criteria">context</rs>, <rs type="criteria">form</rs>)</p></div>

<div type="history" subtype="locations">
<head>Locations</head>
<p>
               <rs type="found">
                  <placeName type="ancientFindspot" ref="http://atlantides.org/batlas/abrotonum-sabratha-35-e2" key="db659">Sabratha</placeName>:
                  <rs type="monuList" key="db834">Cemetery SE of Church III</rs>, loose beside <xref type="inscription">206</xref>.</rs>
            </p>
<p>
               <rs type="origLocation">Unknown</rs>
            </p>
<p>
               <rs type="lastLocation">Findspot</rs>
            </p></div>



<div type="bibliography">
<head>Bibliography</head>
<p>Not previously published.</p></div>

<div type="history" subtype="text-constituted-from">
<head>Text constituted from</head>
<p>Transcription (Reynolds, Ward-Perkins)</p></div>

<div type="edition" lang="la">
<head lang="en">Text</head>
<ab>
               <lb n="1"/><g type="crux"/>
               <w lemma="bonus">Bona</w> 
               <w lemma="memoria"><expan><abbr>me</abbr><lb n="2" type="worddiv"/><ex>m</ex><abbr>oria</abbr></expan></w> 
               <persName type="attested"><name reg="Matrona" type="cognomen">Ma<lb n="3" type="worddiv"/>trona</name></persName> 
               <w lemma="uiuo"><expan><abbr>bix</abbr><ex>it</ex></expan></w> 
               <date dur="PY37"><w lemma="annus">an<supplied reason="omitted">n</supplied>os</w> 
               <num value="37">XXX<hi rend="ligature">VI</hi>I</num></date>
               <lb n="4"/>
               <w lemma="multus"><expan><abbr>pl</abbr><ex>us</ex></expan></w> 
               <w lemma="paruus"><expan><abbr>m</abbr><ex>inus</ex></expan></w> 
               <w lemma="uiuo"><expan><abbr>bix</abbr><ex>it</ex></expan></w> 
               <w lemma="in">in</w> 
               <w lemma="pax"><expan><abbr>p</abbr><ex>ace</ex></expan></w> 
               <lb n="5"/>
               <w lemma="dico">dica<supplied reason="lost">t</supplied></w> 
               <w lemma="tu">tibi</w> 
               <persName type="divine"><w lemma="dominus"><expan><abbr>D</abbr><ex>omi</ex><abbr>n</abbr><ex>u</ex><abbr>s</abbr></expan></w></persName>
               
               <lb n="6"/><w lemma="remitto">remissa</w> 
               <w lemma="sum">su<lb n="7" type="worddiv"/>nt</w> 
               <w lemma="tu">tibi</w> 
               <w lemma="peccatum"><expan><abbr>pec</abbr><ex>c</ex><abbr>ata</abbr></expan></w>
            </ab></div>

<div type="translation">
<head>Translation</head>
<p><note>cross</note> Of  good memory, Matrona lived approximately 37 years. She lived in peace. May the Lord say to you "your sins are forgiven".</p></div>

<div type="commentary">
<head>Commentary</head>
<p>No comment.</p></div>

<div type="figure">
<head>Photographs</head>
<p>
<figure href="0260"><figDesc>Ward-Perkins Archive, BSR (BSR 47.III.11)</figDesc></figure></p></div></body></text></TEI.2>
