<?xml version="1.0" encoding="UTF-8"?>
<!DOCTYPE TEI.2 SYSTEM "http://www.stoa.org/epidoc/dtd/6/tei-epidoc.dtd">
<TEI.2 lang="en" id="IRT281"><teiHeader><fileDesc><titleStmt><title> <rs type="textType">Dedication</rs> to the Genius of Lepcis </title><editor>J. M. Reynolds</editor><editor>J. B. Ward-Perkins</editor></titleStmt><publicationStmt>
<p>Creative Commons licence Attribution UK 2.0 (<xref>http://creativecommons.org/licenses/by/2.0/uk/</xref>). </p>
<p>All reuse or distribution of this work must contain somewhere a link back to the URL <xref>http://irt.kcl.ac.uk/</xref>
            </p></publicationStmt><sourceDesc>
<p>Republished from <bibl id="irt1952">
                  <author>J. M. Reynolds</author> and <author>J. B. Ward-Perkins</author>, <title level="m">The Inscriptions of Roman Tripolitania</title>, <pubPlace>Rome</pubPlace>: <publisher>British
                  School at Rome</publisher>, <date>1952</date>. </bibl>
            </p></sourceDesc></fileDesc><encodingDesc>
<p>Marked-up according to the EpiDoc Guidelines version 5 <xref>http://www.stoa.org/epidoc/gl/5/</xref>
         </p></encodingDesc><profileDesc><langUsage><language id="ar">Arabic</language><language id="en">English</language><language id="fr">French</language><language id="de">German</language><language id="grc">Ancient Greek</language><language id="grc-Latn">Transliterated Greek</language><language id="el">Modern Greek</language><language id="he">Hebrew</language><language id="it">Italian</language><language id="la">Latin</language><language id="phn-LY">Punic</language><language id="ber-Latn">Native Libyan language in Latin script</language></langUsage><textClass/><textClass><keywords><term>
                  <geogName type="ancientRegion" key="Tripolitania">Tripolitania</geogName>
               </term><term>
                  <geogName type="modernCountry" key="LY">Libya</geogName>
               </term><term>
                  <placeName type="modernFindspot" key="http://www.geonames.org/2215692/leptis-magna.html">Leptis Magna</placeName>
               </term></keywords></textClass></profileDesc><revisionDesc>
<change><date>2008-09-09</date><respStmt><name>ZA</name></respStmt><item>converted using CHET-C</item></change>
<change><date>2009-05-19</date><respStmt><name>RV</name></respStmt><item>Added Figures</item></change>
<change><date>2009-08-24</date><respStmt><name>RV</name></respStmt><item>Added Figures</item></change></revisionDesc></teiHeader><text><body>

<div type="description" subtype="monument">
<head>Description of Monument</head>
<p> Moulded <rs type="objectType">base</rs> (<rs type="dimensions">
               <measure unit="metre" type="length" dim="width">0.61</measure>
               <measure dim="height">1. 14</measure>
               <measure unit="metre" type="length" dim="depth">0.50</measure></rs>) of coarse dark <rs type="material">grey limestone</rs>, the face broken away at the top.</p></div>

<div type="description" subtype="text">
<head>Description of Text</head>
<p>Inscribed on one face.</p></div>

<div type="description" subtype="letters">
<head>Description of Letters</head>
<p> Rustic capitals: <measure unit="metre" type="length" dim="height">0.05</measure>.</p></div>

<div type="description" subtype="date">
<head>Date</head>
<p>
               <date type="textDate" exact="none" notBefore="0101" notAfter="0300">Probably second to third centuries A.D.</date>
            (<rs type="criteria">lettering</rs>)</p></div>

<div type="history" subtype="locations">
<head>Locations</head>
<p>
               <rs type="found">
                  <placeName type="ancientFindspot" ref="http://atlantides.org/batlas/neapolis-lepcis-magna-35-g2" key="db653">Lepcis Magna</placeName>: 
                  <rs type="monuList" key="db720">Forum Vetus</rs>, beside the Temple of Magna Mater. </rs>
            </p>
<p>
               <rs type="origLocation">Unknown</rs>
            </p>
<p>
               <rs type="lastLocation">Findspot</rs>
            </p></div>


<div type="bibliography">
<head>Bibliography</head>
<p>Not previously published.</p></div>

<div type="history" subtype="text-constituted-from">
<head>Text constituted from</head>
<p>Transcription (Reynolds, Ward-Perkins)</p></div>

<div type="edition" lang="la">
<head lang="en">Text</head>
<ab>
               <lb n="1"/>
               <gap reason="lost" extent="unknown" unit="line"/>
               <lb n="2"/><persName type="divine"><name reg="Genius" type="cognomen">Genio</name> <w lemma="colonia"><expan><abbr>col</abbr><ex>oniae</ex></expan></w> 
               <placeName reg="Lepcis Magna"><expan><abbr>Lepc</abbr><ex>is</ex></expan>
               <lb n="3"/><w lemma="magnus"><expan><abbr>Mag</abbr><ex>nae</ex></expan></w></placeName></persName>
               <lb n="4"/><persName type="attested"><name reg="Vlpius" type="gentilicium">Vlpius</name> <name reg="Rogatus" type="cognomen">Rogatus</name>
               <lb n="5"/><name reg="Pao" type="cognomen">Pao</name></persName> <w lemma="structor">structor</w>
               <lb n="6"/><w lemma="dono"><expan><abbr>d</abbr><ex>ono</ex></expan></w> <w lemma="do"><expan><abbr>d</abbr><ex>edit</ex></expan></w>
            </ab></div>

<div type="apparatus">
<head>Apparatus</head>
<p>
               <app loc="5"><note>The reading <foreign lang="la">PAO STRUCTOR</foreign> is not in doubt; <foreign lang="la">Pao</foreign> perhaps for <foreign lang="la">Pavo</foreign>. </note></app>
            </p></div>

<div type="translation">
<head>Translation</head>
   <p><gap reason="lost"/> To the genius of the colony of Lepcis Magna; Ulpius Rogatus Pao, builder, gave this as a gift.</p></div>

<div type="commentary">
<head>Commentary</head>
<p>No comment.</p></div>

<div type="figure">
<head>Photographs</head>
<p>
<figure href="0332"><figDesc>Ward-Perkins Archive, BSR (BSR 47.XVI.27)</figDesc></figure></p></div></body></text></TEI.2>
