<?xml version="1.0" encoding="UTF-8"?>
<!DOCTYPE TEI.2 SYSTEM "http://www.stoa.org/epidoc/dtd/6/tei-epidoc.dtd">
<TEI.2 lang="en" id="IRT289"><teiHeader><fileDesc><titleStmt><title>Fragmentary <rs type="textType">dedication</rs> to Hercules and Liber Pater</title><editor>J. M. Reynolds</editor><editor>J. B. Ward-Perkins</editor></titleStmt><publicationStmt>
<p>Creative Commons licence Attribution UK 2.0 (<xref>http://creativecommons.org/licenses/by/2.0/uk/</xref>). </p>
<p>All reuse or distribution of this work must contain somewhere a link back to the URL <xref>http://irt.kcl.ac.uk/</xref>
            </p></publicationStmt><sourceDesc>
<p>Republished from <bibl id="irt1952">
                  <author>J. M. Reynolds</author> and <author>J. B. Ward-Perkins</author>, <title level="m">The Inscriptions of Roman Tripolitania</title>, <pubPlace>Rome</pubPlace>: <publisher>British
                  School at Rome</publisher>, <date>1952</date>. </bibl>
            </p></sourceDesc></fileDesc><encodingDesc>
<p>Marked-up according to the EpiDoc Guidelines version 5 <xref>http://www.stoa.org/epidoc/gl/5/</xref>
         </p></encodingDesc><profileDesc><langUsage><language id="ar">Arabic</language><language id="en">English</language><language id="fr">French</language><language id="de">German</language><language id="grc">Ancient Greek</language><language id="grc-Latn">Transliterated Greek</language><language id="el">Modern Greek</language><language id="he">Hebrew</language><language id="it">Italian</language><language id="la">Latin</language><language id="phn-LY">Punic</language><language id="ber-Latn">Native Libyan language in Latin script</language></langUsage><textClass/><textClass><keywords><term>
                  <geogName type="ancientRegion" key="Tripolitania">Tripolitania</geogName>
               </term><term>
                  <geogName type="modernCountry" key="LY">Libya</geogName>
               </term><term>
                  <placeName type="modernFindspot" key="http://www.geonames.org/2215692/leptis-magna.html">Leptis Magna</placeName>
               </term></keywords></textClass></profileDesc><revisionDesc>
<change><date>2008-09-09</date><respStmt><name>ZA</name></respStmt><item>converted using CHET-C</item></change>
<change><date>2009-05-19</date><respStmt><name>RV</name></respStmt><item>Added Figures</item></change>
<change><date>2009-08-24</date><respStmt><name>RV</name></respStmt><item>Added Figures</item></change></revisionDesc></teiHeader><text><body>

<div type="description" subtype="monument">
<head>Description of Monument</head>
<p>Moulded <rs type="objectType">base</rs> (<rs type="dimensions">
               <measure unit="metre" type="length" dim="width">0.68</measure>
               <measure unit="metre" type="length" dim="height">1.50</measure>
               <measure unit="metre" type="length" dim="depth">0.521</measure></rs>) of <rs type="material">grey limestone</rs>; the face badly weathered. </p></div>

<div type="description" subtype="text">
<head>Description of Text</head>
<p>Inscribed on one face within a recessed panel (die, <rs type="dimensions">
               <measure unit="metre" type="length" dim="width">0.34</measure>
               <measure unit="metre" type="length" dim="height">0.83</measure></rs>) flanked by vertical rinceau borders.</p></div>

<div type="description" subtype="letters">
<head>Description of Letters</head>
<p>Rustic capitals: <measure unit="metre" type="length" dim="height">0.04</measure>.</p></div>

<div type="description" subtype="date">
<head>Date</head>
<p>
               <date type="textDate" exact="none" notBefore="0101" notAfter="0300">Probably second to third centuries </date>
            (<rs type="criteria">lettering</rs>)</p></div>

<div type="history" subtype="locations">
<head>Locations</head>
<p>
               <rs type="found">
                  <placeName type="ancientFindspot" ref="http://atlantides.org/batlas/neapolis-lepcis-magna-35-g2" key="db653">Lepcis Magna</placeName>:
                  <rs type="monuList" key="db720">Forum Vetus</rs>, near the South East angle.</rs>
            </p>
<p>
               <rs type="origLocation">Unknown</rs>
            </p>
<p>
               <rs type="lastLocation">Findspot</rs>
            </p></div>


<div type="bibliography">
<head>Bibliography</head>
<p>Not previously published.</p></div>

<div type="history" subtype="text-constituted-from">
<head>Text constituted from</head>
<p>Transcription (Reynolds, Ward-Perkins)</p></div>

<div type="edition" lang="la">
<head lang="en">Text</head>
<ab>
               <lb n="1"/>
               <gap reason="lost" extent="unknown" unit="line" id="gap1"/><certainty locus="#gi" target="gap1" degree="low"/>
               <lb n="2"/>
               <gap reason="lost" extent="unknown" unit="character"/>
               <persName type="divine"><name reg="Hercules" type="cognomen"><supplied reason="lost">Herc</supplied>ul<supplied reason="lost">i</supplied></name></persName> <supplied reason="lost"><w lemma="et">et</w></supplied>
               <lb n="3"/><persName type="divine"><name reg="Liber">Libero</name> <name>Patri</name></persName> <gap reason="lost" extent="9" unit="character" precision="circa"/>
               <lb n="4"/><persName type="divine" reg="deus"><w lemma="deus">diis</w> <w lemma="patria">p<supplied reason="lost">at</supplied>rii<supplied reason="lost">s</supplied></w></persName>
               <lb n="5"/>
               <gap reason="lost" extent="unknown" unit="line"/>
            </ab></div>

<div type="translation">
<head>Translation</head>
   <p><gap reason="lost"/><supplied reason="lost">to Herc</supplied>ul<supplied reason="lost">es and</supplied> Liber Pater the gods of their forefathers.</p></div>

<div type="commentary">
<head>Commentary</head>
<p>No comment.</p></div>

<div type="figure">
<head>Photographs</head>
<p>
<figure href="0341"><figDesc>Ward-Perkins Archive, BSR (BSR 48.XVII.6)</figDesc></figure>
<figure href="0342"><figDesc>Ward-Perkins Archive, BSR (BSR 48.XVII.5)</figDesc></figure></p></div></body></text></TEI.2>
