<?xml version="1.0" encoding="UTF-8"?>
<!DOCTYPE TEI.2 SYSTEM "http://www.stoa.org/epidoc/dtd/6/tei-epidoc.dtd">
<TEI.2 lang="en" id="IRT205"><teiHeader><fileDesc><titleStmt><title><rs type="textType">Christian</rs> <rs type="textType">funerary</rs>  inscription of Ianacis </title><editor>J. M. Reynolds</editor><editor>J. B. Ward-Perkins</editor></titleStmt><publicationStmt>
<p>Creative Commons licence Attribution UK 2.0 (<xref>http://creativecommons.org/licenses/by/2.0/uk/</xref>). </p>
<p>All reuse or distribution of this work must contain somewhere a link back to the URL <xref>http://irt.kcl.ac.uk/</xref>
            </p></publicationStmt><sourceDesc>
<p>Republished from <bibl id="irt1952">
                  <author>J. M. Reynolds</author> and <author>J. B. Ward-Perkins</author>, <title level="m">The Inscriptions of Roman Tripolitania</title>, <pubPlace>Rome</pubPlace>: <publisher>British
                  School at Rome</publisher>, <date>1952</date>. </bibl>
            </p></sourceDesc></fileDesc><encodingDesc>
<p>Marked-up according to the EpiDoc Guidelines version 5 <xref>http://www.stoa.org/epidoc/gl/5/</xref>
         </p></encodingDesc><profileDesc><langUsage><language id="ar">Arabic</language><language id="en">English</language><language id="fr">French</language><language id="de">German</language><language id="grc">Ancient Greek</language><language id="grc-Latn">Transliterated Greek</language><language id="el">Modern Greek</language><language id="he">Hebrew</language><language id="it">Italian</language><language id="la">Latin</language><language id="phn-LY">Punic</language><language id="ber-Latn">Native Libyan language in Latin script</language></langUsage><textClass/><textClass><keywords><term>
                  <geogName type="ancientRegion" key="Tripolitania">Tripolitania</geogName>
               </term><term>
                  <geogName type="modernCountry" key="LY">Libya</geogName>
               </term><term>
                  <placeName type="modernFindspot" key="http://www.geonames.org/2208578/marsa-zawaghah.html">Marsa Zawaghah</placeName>
               </term></keywords></textClass></profileDesc><revisionDesc>
<change><date>2008-09-09</date><respStmt><name>ZA</name></respStmt><item>converted using CHET-C</item></change>
<change><date>2009-05-19</date><respStmt><name>RV</name></respStmt><item>Added Figures</item></change>
<change><date>2009-08-24</date><respStmt><name>RV</name></respStmt><item>Added Figures</item></change></revisionDesc></teiHeader><text><body>

<div type="description" subtype="monument">
<head>Description of Monument</head>
<p> <rs type="objectType">Tomb</rs>, consisting of two <rs type="material">sandstone</rs> blocks partly projecting above the surface 
               (<rs type="dimensions"><measure unit="metre" type="length" dim="width">0.14</measure>
               <measure unit="metre" type="length" dim="height">0.82</measure>
               <measure unit="metre" type="length" dim="depth">0.18</measure></rs> 
               above ground). 
               The exposed surfaces are stuccoed and ornamented with red paint: at the head, a cross with <rs type="decoration">sprays</rs>:
               at the foot a cross flanked by <rs type="decoration">doves</rs>, with sprays of <rs type="decoration">vine leaves</rs> 
               and <rs type="decoration">grapes</rs>; right, a cross flanked by <rs type="decoration">peacocks</rs>; left, a cross. 
               </p></div>

<div type="description" subtype="text">
<head>Description of Text</head>
<p>The inscription on the upper surface, lightly inscribed and painted in red, is followed by an elaborate cross, now almost obliterated.</p></div>

<div type="description" subtype="letters">
<head>Description of Letters</head>
<p><measure from="0.06" to="0.08" dim="height" unit="metre">0.06-0.08</measure>; minuscule T.</p></div>

<div type="description" subtype="date">
<head>Date</head>
<p>
               <date type="textDate" notAfter="0650" notBefore="0401">Fifth-seventh century A.D.</date>
            (<rs type="criteria">context</rs>, <rs type="criteria">form</rs>)</p></div>

<div type="history" subtype="locations">
<head>Locations</head>
<p>
               <rs type="found">
                  <placeName type="ancientFindspot" ref="http://atlantides.org/batlas/abrotonum-sabratha-35-e2" key="db659">Sabratha</placeName>:
                  In the middle of the <rs type="monuList" key="db847">main E-W street</rs>, just outside the SE angle of the Byzantine Walls.</rs>
            </p>
<p>
               <rs type="origLocation">Unknown</rs>
            </p>
<p>
               <rs type="lastLocation">Findspot</rs>
            </p></div>



<div type="bibliography">
<head>Bibliography</head>
<p>Not previously published.</p></div>

<div type="history" subtype="text-constituted-from">
<head>Text constituted from</head>
<p>Transcription (Reynolds, Ward-Perkins)</p></div>

<div type="edition" lang="la">
<head lang="en">Text</head>
<ab>
               <lb n="1"/><g type="crux"/> 
               <w lemma="bonus"><expan><abbr>Bon</abbr><ex>a</ex><abbr>e</abbr></expan></w> 
               <w lemma="memoria"><expan><abbr>m</abbr><ex>em</ex><abbr>o</abbr><lb n="2" type="worddiv"/><abbr>ri</abbr><ex>a</ex><abbr>e</abbr></expan></w>
               <persName type="attested"><name reg="Ianacis" type="cognomen">Ianac<lb n="3" type="worddiv"/>is</name></persName> 
               <w lemma="uiuo">bixit</w>
               <date dur="PY3"><w lemma="annus">an<supplied reason="omitted">n</supplied><lb n="4" type="worddiv"/>os</w>
               <num value="3">III</num></date> 
               <w lemma="bonus"><expan><abbr>bon</abbr><ex>a</ex><abbr>e</abbr></expan></w>
               <lb n="5"/>
               <w lemma="memoria"><expan><abbr>memori</abbr><ex>a</ex><abbr>e</abbr></expan></w>
               <lb n="6"/><persName type="attested"><name reg="Iobris" type="cognomen">Iobris</name></persName> 
               <w lemma="uiuo">bi<lb n="7" type="worddiv"/>xit</w> 
               <w lemma="in">in</w> 
               <w lemma="pax">pac<lb n="8" type="worddiv"/>e</w>
               <date dur="PY6"><w lemma="annus"><expan><abbr>an</abbr><ex>n</ex><abbr>os</abbr></expan></w> 
               <num value="6"><hi rend="ligature">VI</hi></num></date>
               <lb n="9"/><w lemma="multus">plus</w> 
               <w lemma="paruus">mi<lb n="10" type="worddiv"/>nus</w></ab></div>

<div type="translation">
<head>Translation</head>
<p><note>cross</note> To the good memory of Janacis who lived for three years. To the good memory of Jobris who lived in peace for approximately six years.</p></div>

<div type="commentary">
<head>Commentary</head>
<p>Line 8: VI. For this symbol, see also <xref type="inscription">203</xref>, <xref type="inscription">207</xref>,<xref type="inscription">210</xref>,<xref type="inscription">212</xref>,<xref type="inscription">214</xref>,<xref type="inscription">215</xref>,<xref type="inscription">218</xref>, <xref type="inscription">219</xref></p></div>

<div type="figure">
<head>Photographs</head>
<p>
<figure href="0243"><figDesc>Ward-Perkins Archive, BSR (BSR 48.S.110)</figDesc></figure>
<figure href="0244"><figDesc>Ward-Perkins Archive, BSR (BSR 48.S.109)</figDesc></figure>
<figure href="0245"><figDesc>Ward-Perkins Archive, BSR (BSR 48.XVIII.40)</figDesc></figure>
<figure href="0246"><figDesc>Ward-Perkins Archive, BSR (BSR 48.S.111)</figDesc></figure>
<figure href="0247"><figDesc>Ward-Perkins Archive, BSR (BSR 48.XVIII.41)</figDesc></figure></p></div></body></text></TEI.2>
