<?xml version="1.0" encoding="UTF-8"?>
<!DOCTYPE TEI.2 SYSTEM "http://www.stoa.org/epidoc/dtd/6/tei-epidoc.dtd">
<TEI.2 lang="en" id="IRT212"><teiHeader><fileDesc><titleStmt><title><rs type="textType">Christian</rs> <rs type="textType">funerary</rs> inscriptions</title><editor>J. M. Reynolds</editor><editor>J. B. Ward-Perkins</editor></titleStmt><publicationStmt>
<p>Creative Commons licence Attribution UK 2.0 (<xref>http://creativecommons.org/licenses/by/2.0/uk/</xref>). </p>
<p>All reuse or distribution of this work must contain somewhere a link back to the URL <xref>http://irt.kcl.ac.uk/</xref>
            </p></publicationStmt><sourceDesc>
<p>Republished from <bibl id="irt1952">
                  <author>J. M. Reynolds</author> and <author>J. B. Ward-Perkins</author>, <title level="m">The Inscriptions of Roman Tripolitania</title>, <pubPlace>Rome</pubPlace>: <publisher>British
                  School at Rome</publisher>, <date>1952</date>. </bibl>
            </p></sourceDesc></fileDesc><encodingDesc>
<p>Marked-up according to the EpiDoc Guidelines version 5 <xref>http://www.stoa.org/epidoc/gl/5/</xref>
         </p></encodingDesc><profileDesc><langUsage><language id="ar">Arabic</language><language id="en">English</language><language id="fr">French</language><language id="de">German</language><language id="grc">Ancient Greek</language><language id="grc-Latn">Transliterated Greek</language><language id="el">Modern Greek</language><language id="he">Hebrew</language><language id="it">Italian</language><language id="la">Latin</language><language id="phn-LY">Punic</language><language id="ber-Latn">Native Libyan language in Latin script</language></langUsage><textClass/><textClass><keywords><term>
                  <geogName type="ancientRegion" key="Tripolitania">Tripolitania</geogName>
               </term><term>
                  <geogName type="modernCountry" key="LY">Libya</geogName>
               </term><term>
                  <placeName type="modernFindspot" key="http://www.geonames.org/2208578/marsa-zawaghah.html">Marsa Zawaghah</placeName>
               </term></keywords></textClass></profileDesc><revisionDesc>
<change><date>2008-09-09</date><respStmt><name>ZA</name></respStmt><item>converted using CHET-C</item></change>
<change><date>2009-05-19</date><respStmt><name>RV</name></respStmt><item>Added Figures</item></change>
<change><date>2009-08-24</date><respStmt><name>RV</name></respStmt><item>Added Figures</item></change></revisionDesc></teiHeader><text><body>

<div type="description" subtype="monument">
<head>Description of Monument</head>
<p> Two re-used <rs type="objectType">paving-slab</rs>s 
               (<rs type="dimensions">
                  <measure unit="metre" type="length" dim="width">0.445</measure>
                  <measure unit="metre" type="length" dim="height">0.65</measure></rs> and 
               <rs type="dimensions">
                  <measure unit="metre" type="length" dim="width">0.47</measure>
                  <measure unit="metre" type="length" dim="height">0.42</measure></rs>) of <rs type="material">grey limestone</rs>,
               from a tomb in the cemetery to the E of Church I. They are now loose, but 
               the peculiar form of alpha found in both, but otherwise unique in the 
               series from this cemetery, renders the association almost certain.</p></div>

<div type="description" subtype="text">
<head>Description of Text</head>
<p>Inscribed on the face.</p></div>

<div type="description" subtype="letters">
<head>Description of Letters</head>
<p> <measure from="0.04" to="0.065" dim="height" unit="metre">0.04-0.065</measure>.</p></div>

<div type="description" subtype="date">
<head>Date</head>
<p>
               <date type="textDate" notAfter="0600" notBefore="0401">Fifth-sixth century A.D.</date>
            (<rs type="criteria">context</rs>)</p></div>

<div type="history" subtype="locations">
<head>Locations</head>
<p>
               <rs type="found">
                  <placeName type="ancientFindspot" ref="http://atlantides.org/batlas/abrotonum-sabratha-35-e2" key="db659">Sabratha</placeName>: 
                  <rs type="monuList" key="db836">Cemetery east of Church I</rs>. From a tomb.</rs>
            </p>
<p>
               <rs type="origLocation">Unknown</rs>
            </p>
<p>
               <rs type="lastLocation">Findspot</rs>
            </p></div>



<div type="bibliography">
<head>Bibliography</head>
<p><bibl><xptr from="basiliche"/>, <biblScope>19</biblScope>.</bibl></p></div>

<div type="history" subtype="text-constituted-from">
<head>Text constituted from</head>
<p>Transcription (Reynolds, Ward-Perkins)</p></div>

<div type="edition" lang="la">
<head lang="en">Text</head>

<div type="textpart" subtype="part" n="a">
<ab>
               <lb n="1"/><g type="crux"/>
               <w lemma="indictio"><expan><abbr>Ind</abbr><ex>ictione</ex></expan></w> 
               <num value="3">III</num> <g type="crux"/>
               <lb n="2"/>
               <w lemma="bonus"><expan><abbr>Bon</abbr><ex>a</ex><abbr>e</abbr></expan></w> 
               <w lemma="memoria"><expan><abbr>memor<lb n="3" type="worddiv"/>i</abbr><ex>a</ex><abbr>e</abbr></expan></w>
                  <persName type="attested"><name reg="Liberata" type="cognomen">Liberatae</name></persName>
               <lb n="4"/>
                  <w lemma="uiuo">bixit</w> 
                  <date dur="PY40"><w lemma="annus">annos</w>
               <lb n="5"/>
               <num value="40">XL</num> </date>
               <w lemma="multus"><expan><abbr>pl</abbr><ex>us</ex></expan></w> 
               <w lemma="paruus"><expan><abbr>m</abbr><ex>inus</ex></expan></w> 
               <w lemma="paucus">pa<lb n="6" type="worddiv"/>uci</w> 
                  <w lemma="et">et</w> 
                  <w lemma="malus">mali</w> 
                  <w lemma="et">et</w>
               <lb n="7"/>
                  <w lemma="requiesco">requiebit</w> 
                  <w lemma="in">in</w>
               <lb n="8"/>
               <persName type="divine"><name><expan><abbr><am>ΧΡ</am></abbr><ex>Christ</ex><abbr>o</abbr></expan></name></persName> 
               <w lemma="mensis"><expan><abbr>men</abbr><ex>se</ex></expan></w> 
               <w lemma="Iulius">Iu<lb n="9" type="worddiv"/>lio</w> 
               
<abbr>co<hi rend="supraline">m</hi></abbr> 
               <num value="8"><hi rend="ligature">VI</hi>II</num> 
            </ab></div>

<div type="textpart" subtype="part" n="b">
<ab>
               <lb n="1"/>Audias in 
               illa<lb n="2" type="worddiv"/>die bocem 
               <expan><abbr>D</abbr><ex>omi</ex><abbr>ni</abbr></expan> 
               <lb n="3"/>
               <expan><abbr><am>ΙΗ</am></abbr><ex>Ies</ex><abbr>u</abbr></expan> 
               <expan><abbr><am>ΧΡ</am></abbr><ex>Christ</ex><abbr>i</abbr></expan> 
               dicentis
               <lb n="4"/>remissa sunt
               <lb n="5"/>tibi unibersa
               <lb n="16"/>delicta <g type="crux"/>
            </ab></div></div>



<div type="translation">
<head>Translation</head>
<p>a. <note>cross</note> In the third indiction <note>cross</note>. To the good memory of Liberata. She lived approximately 40 years, few and bad, and went to rest in Christ in the month of July, eight <note>?</note> </p><p>b. May you hear on that day the voice of the Lord Jesus Christ saying "all your sins are forgiven". <note>cross</note></p></div>

<div type="commentary">
<head>Commentary</head>
<p>No comment.</p></div>

<div type="figure">
<head>Photographs</head>
<p>
<figure href="0256"><figDesc>Ward-Perkins Archive, BSR (BSR 46.VIII.11)</figDesc></figure>
<figure href="0257"><figDesc>Ward-Perkins Archive, BSR (BSR 46.VIII.12)</figDesc></figure></p></div></body></text></TEI.2>
