<?xml version="1.0" encoding="UTF-8"?>
<!DOCTYPE TEI.2 SYSTEM "http://www.stoa.org/epidoc/dtd/6/tei-epidoc.dtd">
<TEI.2 lang="en" id="IRT256"><teiHeader><fileDesc><titleStmt><title><rs type="textType">Christian</rs> <rs type="textType">funerary</rs> inscription for Ianes</title><editor>J. M. Reynolds</editor><editor>J. B. Ward-Perkins</editor></titleStmt><publicationStmt>
<p>Creative Commons licence Attribution UK 2.0 (<xref>http://creativecommons.org/licenses/by/2.0/uk/</xref>). </p>
<p>All reuse or distribution of this work must contain somewhere a link back to the URL <xref>http://irt.kcl.ac.uk/</xref>
            </p></publicationStmt><sourceDesc>
<p>Republished from <bibl id="irt1952">
                  <author>J. M. Reynolds</author> and <author>J. B. Ward-Perkins</author>, <title level="m">The Inscriptions of Roman Tripolitania</title>, <pubPlace>Rome</pubPlace>: <publisher>British
                  School at Rome</publisher>, <date>1952</date>. </bibl>
            </p></sourceDesc></fileDesc><encodingDesc>
<p>Marked-up according to the EpiDoc Guidelines version 5 <xref>http://www.stoa.org/epidoc/gl/5/</xref>
         </p></encodingDesc><profileDesc><langUsage><language id="ar">Arabic</language><language id="en">English</language><language id="fr">French</language><language id="de">German</language><language id="grc">Ancient Greek</language><language id="grc-Latn">Transliterated Greek</language><language id="el">Modern Greek</language><language id="he">Hebrew</language><language id="it">Italian</language><language id="la">Latin</language><language id="phn-LY">Punic</language><language id="ber-Latn">Native Libyan language in Latin script</language></langUsage><textClass/><textClass><keywords><term>
                  <geogName type="ancientRegion" key="Tripolitania">Tripolitania</geogName>
               </term><term>
                  <geogName type="modernCountry" key="LY">Libya</geogName>
               </term><term>
                  <placeName type="modernFindspot" key="http://www.geonames.org/2210247/tripoli.html">Tripoli</placeName>
               </term></keywords></textClass></profileDesc><revisionDesc>
<change><date>2008-09-09</date><respStmt><name>ZA</name></respStmt><item>converted using CHET-C</item></change>
<change><date>2009-05-19</date><respStmt><name>RV</name></respStmt><item>Added Figures</item></change>
<change><date>2009-08-24</date><respStmt><name>RV</name></respStmt><item>Added Figures</item></change></revisionDesc></teiHeader><text><body>

<div type="description" subtype="monument">
<head>Description of Monument</head>
<p> <rs type="objectType">Tomb</rs>. Not seen.  </p></div>

<div type="description" subtype="text">
<head>Description of Text</head>
<p>Not seen.</p></div>

<div type="description" subtype="letters">
<head>Description of Letters</head>
<p>Unknown</p></div>

<div type="description" subtype="date">
<head>Date</head>
<p>
               <date type="textDate">Unknown</date>
            </p></div>

<div type="history" subtype="locations">
<head>Locations</head>
<p>
               <rs type="found">
                  <placeName type="ancientFindspot" ref="http://atlantides.org/batlas/oea-35-f2" key="db657">Oea</placeName>:
                  A tomb to the S of the main cemetery at <rs type="monuList" key="db803">Ain Zara </rs>, one of a group seen and briefly recorded by Aurigemma in 1913 (see <xref type="inscription">261)</xref>.</rs>
            </p>
<p>
               <rs type="origLocation">Unknown</rs>
            </p>
<p>
               <rs type="lastLocation">Findspot (1913)</rs>
            </p></div>



<div type="bibliography">
<head>Bibliography</head>
<p><bibl><xptr from="aurigemma1932"/>,  <biblScope>169- 170</biblScope>.</bibl></p></div>

<div type="history" subtype="text-constituted-from">
<head>Text constituted from</head>
<p>Previous publications</p></div>

<div type="edition" lang="la">
<head lang="en">Text</head>
<ab>
               <lb n="1"/><supplied reason="lost"><w lemma="in">In</w></supplied> <w lemma="hic"><unclear>ok</unclear></w> <w lemma="tumulus">tumulo</w>
               <lb n="2"/><w lemma="pono"><unclear>p</unclear>ositus</w> <w lemma="sum">est</w>
               <lb n="3"/><w lemma="bonus"><expan><abbr>b</abbr><ex>onae</ex></expan></w> <w lemma="memoria"><expan><abbr>m</abbr><ex>emoriae</ex></expan></w> 
               <persName type="attested"><name reg="Ianes" type="cognomen">Ianes</name></persName> <w lemma="uiuo">biksit</w>
               <lb n="4"/><w lemma="in">in</w> <w lemma="pax">pake</w> 
               <w lemma="multus"><expan><abbr>pl</abbr><ex>us</ex></expan></w> <w lemma="paruus"><expan><abbr>m</abbr><ex>inus</ex></expan></w> 
               <date dur="PY30"><w lemma="annus"><expan><abbr>an</abbr><ex>nos</ex></expan></w> <num value="30">XXX</num></date>
               <lb n="5"/><w lemma="requiesco">rekiebit</w> <w lemma="sub"><expan><abbr>su</abbr><ex>b</ex></expan></w> <w lemma="charta">karta</w>
               <lb n="6"/><w lemma="decima">decima</w> <w lemma="mensis">mensis</w> <rs type="month" reg="Aprilis"><w lemma="aprilis">Aprilis</w></rs></ab></div>

<div type="translation">
<head>Translation</head>
<p><supplied reason="lost">In</supplied> this tomb is buried Ianes of good memory; he lived in peace approximately 30 years and went to rest on the 14th of the month of April.</p></div>

<div type="commentary">
<head>Commentary</head>
<p>No comment.</p></div>

<div type="figure">
<head>Photographs</head><p>No photographs.</p></div></body></text></TEI.2>
