<?xml version="1.0" encoding="UTF-8"?>
<!DOCTYPE TEI.2 SYSTEM "http://www.stoa.org/epidoc/dtd/6/tei-epidoc.dtd">
<TEI.2 lang="en" id="IRT284"><teiHeader><fileDesc><titleStmt><title> <rs type="textType">Dedication</rs> to the Genius of Lepcis </title><editor>J. M. Reynolds</editor><editor>J. B. Ward-Perkins</editor></titleStmt><publicationStmt>
<p>Creative Commons licence Attribution UK 2.0 (<xref>http://creativecommons.org/licenses/by/2.0/uk/</xref>). </p>
<p>All reuse or distribution of this work must contain somewhere a link back to the URL <xref>http://irt.kcl.ac.uk/</xref>
            </p></publicationStmt><sourceDesc>
<p>Republished from <bibl id="irt1952">
                  <author>J. M. Reynolds</author> and <author>J. B. Ward-Perkins</author>, <title level="m">The Inscriptions of Roman Tripolitania</title>, <pubPlace>Rome</pubPlace>: <publisher>British
                  School at Rome</publisher>, <date>1952</date>. </bibl>
            </p></sourceDesc></fileDesc><encodingDesc>
<p>Marked-up according to the EpiDoc Guidelines version 5 <xref>http://www.stoa.org/epidoc/gl/5/</xref>
         </p></encodingDesc><profileDesc><langUsage><language id="ar">Arabic</language><language id="en">English</language><language id="fr">French</language><language id="de">German</language><language id="grc">Ancient Greek</language><language id="grc-Latn">Transliterated Greek</language><language id="el">Modern Greek</language><language id="he">Hebrew</language><language id="it">Italian</language><language id="la">Latin</language><language id="phn-LY">Punic</language><language id="ber-Latn">Native Libyan language in Latin script</language></langUsage><textClass/><textClass><keywords><term>
                  <geogName type="ancientRegion" key="Tripolitania">Tripolitania</geogName>
               </term><term>
                  <geogName type="modernCountry" key="LY">Libya</geogName>
               </term><term>
                  <placeName type="modernFindspot" key="http://www.geonames.org/2215692/leptis-magna.html">Leptis Magna</placeName>
               </term></keywords></textClass></profileDesc><revisionDesc>
<change><date>2008-09-09</date><respStmt><name>ZA</name></respStmt><item>converted using CHET-C</item></change>
<change><date>2009-05-19</date><respStmt><name>RV</name></respStmt><item>Added Figures</item></change>
<change><date>2009-08-24</date><respStmt><name>RV</name></respStmt><item>Added Figures</item></change></revisionDesc></teiHeader><text><body>

<div type="description" subtype="monument">
<head>Description of Monument</head>
<p>The right-hand face (<rs type="dimensions">
               <measure unit="metre" type="length" dim="width">0.97</measure>
               <measure unit="metre" type="length" dim="height">0.50</measure>
               <measure unit="metre" type="length" dim="depth">0.50</measure></rs>) of <xref type="inscription">644</xref>.</p></div>

<div type="description" subtype="text">
<head>Description of Text</head>
<p>Inscribed on the surviving face.</p></div>

<div type="description" subtype="letters">
<head>Description of Letters</head>
<p>Late form of Rustic capitals: <measure unit="metre" type="length" dim="height">0.07</measure>.</p></div>

<div type="description" subtype="date">
<head>Date</head>
<p>
               <date type="textDate" exact="none" notBefore="0250" notAfter="0400">Mid-third to fourth centuries A.D.</date>
            (<rs type="criteria">lettering</rs>, <rs type="criteria">titulature</rs>)</p></div>

<div type="history" subtype="locations">
<head>Locations</head>
<p>
               <rs type="found">
                  <placeName type="ancientFindspot" ref="http://atlantides.org/batlas/neapolis-lepcis-magna-35-g2" key="db653">Lepcis Magna</placeName>:
                  <rs type="monuList" key="db719">Forum Severianum</rs>, South side. </rs>
            </p>
<p>
               <rs type="origLocation">Unknown</rs>
            </p>
<p>
               <rs type="lastLocation">Findspot</rs>
            </p></div>


<div type="bibliography">
<head>Bibliography</head>
<p><bibl><xptr from="repmon"/>, <biblScope>II: 30</biblScope></bibl>.</p></div>

<div type="history" subtype="text-constituted-from">
<head>Text constituted from</head>
<p>Transcription (Reynolds, Ward-Perkins)</p></div>

<div type="edition" lang="la">
<head lang="en">Text</head>
<ab>
               <lb n="1"/><persName type="divine"><name reg="Genius">Genio</name>
               <lb n="2"/><placeName reg="Lepcis Magna"><w lemma="colonia">coloniae</w> <w lemma="Ulpius">Vlpiae</w> <w lemma="Traianus">Traianae</w> 
               <w lemma="Augustus"><expan><abbr>Aug</abbr><ex>ustae</ex></expan></w> <w lemma="fidelis">Fidelis</w> 
               <lb n="3"/><w lemma="Septimius">Septimiae</w> <w lemma="Saloninus">Saloninae</w> Lepcis Magnae</placeName></persName> 
               <lb n="4"/><placeName type="ethnic" reg="Lepcitanus">Lepcitani</placeName> <w lemma="deuoueo">deuoti</w></ab></div>

<div type="translation">
<head>Translation</head>
<p>To the Genius of the colony Ulpia Traiana Augusta Faithful Septimia Salonina Lepcis Magna; the people of Lepcis, devoted to it <supplied reason="subaudible">set this up</supplied>.</p></div>

<div type="commentary">
<head>Commentary</head>
<p>No comment.</p></div>

<div type="figure">
<head>Photographs</head>
<p>
<figure href="0337"><figDesc>Ward-Perkins Archive, BSR (Sopr. DLM 1535 Leica)</figDesc></figure>
<figure href="0338"><figDesc>Ward-Perkins Archive, BSR (Sopr. CLM 335)</figDesc></figure></p></div></body></text></TEI.2>
