<?xml version="1.0" encoding="UTF-8"?>
<!DOCTYPE TEI.2 SYSTEM "http://www.stoa.org/epidoc/dtd/6/tei-epidoc.dtd">
<TEI.2 lang="en" id="IRT200"><teiHeader><fileDesc><titleStmt><title><rs type="textType">Christian</rs> <rs type="textType">funerary</rs> inscription </title><editor>J. M. Reynolds</editor><editor>J. B. Ward-Perkins</editor></titleStmt><publicationStmt>
<p>Creative Commons licence Attribution UK 2.0 (<xref>http://creativecommons.org/licenses/by/2.0/uk/</xref>). </p>
<p>All reuse or distribution of this work must contain somewhere a link back to the URL <xref>http://irt.kcl.ac.uk/</xref>
            </p></publicationStmt><sourceDesc>
<p>Republished from <bibl id="irt1952">
                  <author>J. M. Reynolds</author> and <author>J. B. Ward-Perkins</author>, <title level="m">The Inscriptions of Roman Tripolitania</title>, <pubPlace>Rome</pubPlace>: <publisher>British
                  School at Rome</publisher>, <date>1952</date>. </bibl>
            </p></sourceDesc></fileDesc><encodingDesc>
<p>Marked-up according to the EpiDoc Guidelines version 5 <xref>http://www.stoa.org/epidoc/gl/5/</xref>
         </p></encodingDesc><profileDesc><langUsage><language id="ar">Arabic</language><language id="en">English</language><language id="fr">French</language><language id="de">German</language><language id="grc">Ancient Greek</language><language id="grc-Latn">Transliterated Greek</language><language id="el">Modern Greek</language><language id="he">Hebrew</language><language id="it">Italian</language><language id="la">Latin</language><language id="phn-LY">Punic</language><language id="ber-Latn">Native Libyan language in Latin script</language></langUsage><textClass/><textClass><keywords><term>
                  <geogName type="ancientRegion" key="Tripolitania">Tripolitania</geogName>
               </term><term>
                  <geogName type="modernCountry" key="LY">Libya</geogName>
               </term><term>
                  <placeName type="modernFindspot" key="http://www.geonames.org/2208578/marsa-zawaghah.html">Marsa Zawaghah</placeName>
               </term></keywords></textClass></profileDesc><revisionDesc>
<change><date>2008-09-09</date><respStmt><name>ZA</name></respStmt><item>converted using CHET-C</item></change>
<change><date>2009-05-19</date><respStmt><name>RV</name></respStmt><item>Added Figures</item></change>
<change><date>2009-08-24</date><respStmt><name>RV</name></respStmt><item>Added Figures</item></change></revisionDesc></teiHeader><text><body>

<div type="description" subtype="monument">
<head>Description of Monument</head>
<p> <rs type="material">Marble</rs> <rs type="objectType">slab</rs> 
               (<rs type="dimensions"><measure unit="metre" type="length" dim="width">0.60</measure>
                  <measure unit="metre" type="length" dim="height">0.23</measure></rs>).</p></div>

<div type="description" subtype="text">
<head>Description of Text</head>
<p>Inscribed within a frame of <rs type="decoration">four horizontal lines</rs>.</p></div>

<div type="description" subtype="letters">
<head>Description of Letters</head>
<p> <measure from="0.035" to="0.045" dim="height" unit="metre">0.035-0.045</measure>.</p></div>

<div type="description" subtype="date">
<head>Date</head>
<p>
               
               <date type="textDate">Fifth-sixth century A.D.</date>
            (<rs type="criteria">context</rs>)</p></div>

<div type="history" subtype="locations">
<head>Locations</head>
<p>
               <rs type="found">
                  <placeName type="ancientFindspot" ref="http://atlantides.org/batlas/abrotonum-sabratha-35-e2" key="db659">Sabratha</placeName>:  In situ at the head of a tomb in the cemetery to the E of <rs type="monuList" key="db837">Church I</rs>.</rs>
            </p>
<p>
               <rs type="origLocation">Findspot</rs>
            </p>
<p>
               <rs type="lastLocation">Findspot</rs>
            </p></div>



<div type="bibliography">
<head>Bibliography</head>
<p> <bibl><xptr from="basiliche"/>, <biblScope>no. 14.</biblScope></bibl></p></div>

<div type="history" subtype="text-constituted-from">
<head>Text constituted from</head>
<p>Transcription (Reynolds, Ward-Perkins)</p></div>

<div type="edition" lang="la">
<head lang="en">Text</head>
<ab>
               <lb n="1"/><foreign lang="grc">Α <g type="tau-rho"/> Ω</foreign> <w lemma="hic">Hik</w> 
               <w lemma="requiesco"><expan><abbr>req</abbr><ex>u</ex><abbr>iebit</abbr></expan></w> 
               <w lemma="bonus"><expan><abbr>bon</abbr><ex>a</ex><abbr>e</abbr></expan></w> 
               <w lemma="memoria"><expan><abbr>mem</abbr><ex>oriae</ex></expan></w> <sic>s</sic>
               <lb n="2"/>
               <persName type="attested"><name reg="Dominika" type="cognomen"><expan><abbr>Domin</abbr><ex>i</ex><abbr>ka</abbr></expan></name></persName> 
               <w lemma="uiuo">bixit</w> <w lemma="in">in</w> <w lemma="pax">pake</w> 
               <date dur="PY10"><w lemma="annus"><expan><abbr>an</abbr><ex>n</ex><abbr>os</abbr></expan></w>
               <lb n="3"/>
               <w lemma="decem"><expan><abbr>dece</abbr><ex>m</ex></expan></w></date> 
               <w lemma="multus"><expan><abbr>pl</abbr><ex>us</ex></expan></w> 
               <w lemma="paruus"><expan><abbr>m</abbr><ex>inu</ex><abbr>s</abbr></expan></w> 
               <w lemma="sub"><expan><abbr>s</abbr><ex>ub</ex></expan></w> 
               <w lemma="dies"><expan><abbr>d</abbr><ex>ie</ex></expan></w> <num value="3">III</num>
               <w lemma="mensis"><expan><abbr>me</abbr><ex>nsi</ex><abbr>s</abbr></expan></w> <rs type="month" reg="Maius"><w lemma="Maia">Maii</w></rs> 
               <w lemma="indictio"><expan><abbr>i</abbr><ex>n</ex><abbr>d</abbr><ex>ictione</ex></expan></w> 
               <num value="11">XI</num> <g type="tau-rho"/>
            </ab></div>

<div type="translation">
<head>Translation</head>
<p><note>Alpha and Omega on either side of a monogram cross</note> Here was laid to rest Dominica, of good memory; she lived in peace for approximately 10 years <supplied reason="subaudible">and was buried</supplied> on the 3rd May in the eleventh indiction <note>monogram cross</note></p></div>

<div type="commentary">
<head>Commentary</head>
<p>No comment.</p></div>

<div type="figure">
<head>Photographs</head>
<p>
<figure href="0235"><figDesc>Ward-Perkins Archive, BSR (BSR 46.VI.26)</figDesc></figure></p></div></body></text></TEI.2>
