<?xml version="1.0" encoding="UTF-8"?>
<!DOCTYPE TEI.2 SYSTEM "http://www.stoa.org/epidoc/dtd/6/tei-epidoc.dtd">
<TEI.2 lang="en" id="IRT230"><teiHeader><fileDesc><titleStmt><title><rs type="textType">Dedication</rs> to Commodus </title><editor>J. M. Reynolds</editor><editor>J. B. Ward-Perkins</editor></titleStmt><publicationStmt>
<p>Creative Commons licence Attribution UK 2.0 (<xref>http://creativecommons.org/licenses/by/2.0/uk/</xref>). </p>
<p>All reuse or distribution of this work must contain somewhere a link back to the URL <xref>http://irt.kcl.ac.uk/</xref>
            </p></publicationStmt><sourceDesc>
<p>Republished from <bibl id="irt1952">
                  <author>J. M. Reynolds</author> and <author>J. B. Ward-Perkins</author>, <title level="m">The Inscriptions of Roman Tripolitania</title>, <pubPlace>Rome</pubPlace>: <publisher>British
                  School at Rome</publisher>, <date>1952</date>. </bibl>
            </p></sourceDesc></fileDesc><encodingDesc>
<p>Marked-up according to the EpiDoc Guidelines version 5 <xref>http://www.stoa.org/epidoc/gl/5/</xref>
         </p></encodingDesc><profileDesc><langUsage><language id="ar">Arabic</language><language id="en">English</language><language id="fr">French</language><language id="de">German</language><language id="grc">Ancient Greek</language><language id="grc-Latn">Transliterated Greek</language><language id="el">Modern Greek</language><language id="he">Hebrew</language><language id="it">Italian</language><language id="la">Latin</language><language id="phn-LY">Punic</language><language id="ber-Latn">Native Libyan language in Latin script</language></langUsage><textClass/><textClass><keywords><term>
                  <geogName type="ancientRegion" key="Tripolitania">Tripolitania</geogName>
               </term><term>
                  <geogName type="modernCountry" key="LY">Libya</geogName>
               </term><term>
                  <placeName type="modernFindspot" key="http://www.geonames.org/2210247/tripoli.html">Tripoli</placeName>
               </term><term><rs type="textType">munera</rs></term></keywords></textClass></profileDesc><revisionDesc>
<change><date>2008-09-09</date><respStmt><name>ZA</name></respStmt><item>converted using CHET-C</item></change>
<change><date>2009-05-19</date><respStmt><name>RV</name></respStmt><item>Added Figures</item></change>
<change><date>2009-08-24</date><respStmt><name>RV</name></respStmt><item>Added Figures</item></change></revisionDesc></teiHeader><text><body>

<div type="description" subtype="monument">
<head>Description of Monument</head>
<p> Four inscribed <rs type="material" key="marmor">marble</rs> <rs type="objectType">block</rs>s 
               (lengths respectively, <measure unit="metre" type="length" dim="width">2.52</measure>, 
               <measure unit="metre" type="length" dim="width">2.13</measure>, 
               <measure unit="metre" type="length" dim="width">1.42</measure> (incomplete) and
               <measure unit="metre" type="length" dim="width">2.05</measure>
               <rs type="dimensions">
                  <measure unit="metre" type="length" dim="width" value="8.12">2.05</measure>
                  <measure unit="metre" type="length" dim="height">0.95</measure>
                  <measure unit="metre" type="length" dim="depth">0.90</measure></rs>) from the left-hand part of the architrave of a temple, 
               of which a large part of the pediment, with figures of the <rs type="decoration">Tyche of Oea</rs>, of 
               <rs type="decoration">Apollo</rs>, of <rs type="decoration">Minerva</rs>, and of the <rs type="decoration">Dioscuri</rs>, also survives. </p></div>

<div type="description" subtype="text">
<head>Description of Text</head>
<p>There are mouldings at 
               top and bottom, and centrally between the two lines of the inscription. There 
               were originally 5, or possibly 6, blocks to the complete architrave, those at the 
               ends being longer than those in the centre.</p></div>

<div type="description" subtype="letters">
<head>Description of Letters</head>
<p>Lapidary capitals: I. 1, <measure unit="metre" type="length" dim="height">0.155</measure>; 
               l. 2. <measure unit="metre" type="length" dim="height">0.085</measure> </p></div>

<div type="description" subtype="date">
<head>Date</head>
<p>
               <date type="textDate" notBefore="0183" notAfter="0185" exact="both">A.D. 183-185.</date>
                  (<rs type="criteria">titulature</rs>).
            </p></div>

<div type="history" subtype="locations">
<head>Locations</head>
<p>
               <rs type="found">
                  <placeName type="ancientFindspot" ref="http://atlantides.org/batlas/oea-35-f2" key="db657">Oea</placeName>:
                  <rs type="monuList" key="db805">Arch of Marcus Aurelius</rs>. Found during the isolation and restoration of the arch in Tripoli.</rs>
            </p>
<p>
               <rs type="origLocation">Unknown</rs>
            </p>
<p>
               <rs type="lastLocation">Findspot</rs>
            </p></div>



<div type="bibliography">
<head>Bibliography</head>
<p><bibl><xptr from="afrital"/>, <biblScope>VII: 35</biblScope>, figs. 2- 5</bibl>; 
               <bibl><xptr from="epigraphica"/>, <biblScope>III:292</biblScope> ff.</bibl>;
               <bibl><xptr from="ae"/>, <biblScope>1942-3:1</biblScope></bibl>;
            <bibl><xptr from="ae"/>, <biblScope>1945:68</biblScope></bibl></p></div>

<div type="history" subtype="text-constituted-from">
<head>Text constituted from</head>
<p>Transcription (Reynolds, Ward-Perkins)</p></div>

<div type="edition" lang="la">
<head lang="en">Text</head>
<ab>
               <lb n="1"/><w lemma="imperator"><expan><abbr>Imp</abbr><ex>eratori</ex></expan></w>
               <persName type="emperor">
                  <name reg="Caesar" type="cognomen"><expan><abbr>Caes</abbr><ex>ari</ex></expan></name>
                  <name reg="Marcus" type="praenomen"><expan><abbr>M</abbr><ex>arco</ex></expan></name> 
                  <name reg="Aurelius" type="gentilicium">Aurelio</name> 
                  <name reg="Commodus" type="cognomen">Commodo</name> 
                  <name reg="Antoninus" type="gentilicium">Antonino</name> 
                  <name reg="Augustus" type="cognomen"><expan><abbr>Aug</abbr><ex>usto</ex></expan></name> 
                  <name reg="Pius" type="cognomen">Pio</name> </persName>
                  <w lemma="pater"><expan><abbr>p</abbr><ex>atri</ex></expan></w>   
                  <w lemma="patria"><expan><abbr>p</abbr><ex>atriae</ex></expan></w>
               <persName type="attested">
                  <name type="praenomen" reg="Lucius"><expan><abbr>L</abbr><ex>ucius</ex></expan></name> 
                  <name type="gentilicium" reg="Aemilius">Aemilius</name>
                  <persName type="attested"><name reg="Lucius" type="praenomen"><expan><abbr>L</abbr><ex>uci</ex></expan></name></persName>
                  <w lemma="filius"><expan><abbr>fil</abbr><ex>ius</ex></expan></w> 
                  <name type="tribe" reg="Quirina"><w lemma="tribus"><expan><abbr>Quir</abbr><ex>ina tribu</ex></expan></w></name> 
                  <gap reason="lost" extent="unknown" unit="character"/></persName>
               <w lemma="consul"><expan><abbr><supplied reason="lost">c</supplied>o</abbr><ex>n</ex><abbr>s</abbr><ex>ul</ex></expan></w> 
               <w lemma="proconsul"><expan><abbr>proco</abbr><ex>n</ex><abbr>s</abbr><ex>ul</ex></expan></w>
               <placeName reg="Asia">Asiae</placeName> 
               <persName type="divine"><name reg="Genius">Genio</name> 
                  <w lemma="colonia">Co<supplied reason="lost">loniae</supplied></w></persName>
               <gap reason="lost" extent="unknown" unit="character"/>
               <lb n="2"/><w lemma="item">item</w> 
               <w lemma="sestertius"><expan><abbr><am><g type="sestertius"/></am></abbr><ex>sestertiis</ex></expan></w>
               <num value="10">X</num> 
               <w lemma="centeni">centena</w> 
               <w lemma="mille"><expan><abbr>mil</abbr><ex>ia</ex></expan></w>
               <w lemma="nummus"><expan><abbr>n</abbr><ex>ummum</ex></expan></w> 
               <w lemma="lego">legauit</w> 
               <w lemma="ex">ex</w> 
               <w lemma="qui">cu<supplied reason="lost">ius</supplied></w>
               <w lemma="usura"><expan><abbr><supplied reason="lost">usu</supplied>r</abbr><ex>is</ex></expan></w> 
               <w lemma="sportula">sportulae</w> 
               <w lemma="ciuis">ciuibus</w> 
               <w lemma="et">et</w> 
               <w lemma="ludus"><unclear>l</unclear>u<unclear>d</unclear><supplied reason="lost">i</supplied></w>
               <gap reason="lost" extent="unknown" unit="character"/>
               <w lemma="do"><supplied reason="lost">darent</supplied>ur</w> 
               <w lemma="qui">quod</w> 
               <w lemma="opus">opus</w> 
               <persName type="attested"><name reg="Sulla" type="cognomen">Sulla</name></persName> 
               <w lemma="frater">frater</w> 
               <w lemma="et">et</w> 
               <gap reason="lost" extent="unknown" unit="character"/>
            </ab></div>



                  <div type="translation">
<head>Translation</head>
<p>To Emperor Caesar Marcus Aurelius Commodus Antoninus Augustus Pius, Father of the Country; Lucius Aemilius <gap reason="lost"/>, 
                     son of Lucius, of the Roman voting tribe Quirina, consul, proconsul <note>i.e. governor</note> of Asia, to the Genius of the colony <gap reason="lost"/>; likewise he beqeathed 100,000 sesterces, from the interest of which food boxes should be provided for the citizens, and games <gap reason="lost"/>. This matter his brother Sulla and <gap reason="lost"/></p></div>

<div type="commentary">
<head>Commentary</head>
<p>
               <foreign lang="la">Pio</foreign> dates this text between 183 and 185.
               Commodus was <foreign lang="la">Pius</foreign> in 183; 
               <foreign lang="la">Felix</foreign> in 185. The Aemilius mentioned is probably 
               L. Aemilius Frontinus, cos. an. inc., procos. Asiae under Marcus or Commodus,
               see PIR (2) A 348.</p></div>

<div type="figure">
<head>Photographs</head>
<p>
<figure href="0282"><figDesc>Ward-Perkins Archive, BSR (Sopr. DTV 299 Leica)</figDesc></figure>
<figure href="0283"><figDesc>Ward-Perkins Archive, BSR (Sopr. DTV 302 Leica)</figDesc></figure>
<figure href="0284"><figDesc>Ward-Perkins Archive, BSR (Sopr. DTV 307 Leica)</figDesc></figure>
<figure href="0285"><figDesc>Ward-Perkins Archive, BSR (Sopr. DTV 306 Leica)</figDesc></figure></p></div></body></text></TEI.2>
