<?xml version="1.0" encoding="UTF-8"?>
<!DOCTYPE TEI.2 SYSTEM "http://www.stoa.org/epidoc/dtd/6/tei-epidoc.dtd">
<TEI.2 lang="en" id="IRT246"><teiHeader><fileDesc><titleStmt><title><rs type="textType">Dedication</rs> by Aurellius son of Epagrus </title><editor>J. M. Reynolds</editor><editor>J. B. Ward-Perkins</editor></titleStmt><publicationStmt>
<p>Creative Commons licence Attribution UK 2.0 (<xref>http://creativecommons.org/licenses/by/2.0/uk/</xref>). </p>
<p>All reuse or distribution of this work must contain somewhere a link back to the URL <xref>http://irt.kcl.ac.uk/</xref>
            </p></publicationStmt><sourceDesc>
<p>Republished from <bibl id="irt1952">
                  <author>J. M. Reynolds</author> and <author>J. B. Ward-Perkins</author>, <title level="m">The Inscriptions of Roman Tripolitania</title>, <pubPlace>Rome</pubPlace>: <publisher>British
                  School at Rome</publisher>, <date>1952</date>. </bibl>
            </p></sourceDesc></fileDesc><encodingDesc>
<p>Marked-up according to the EpiDoc Guidelines version 5 <xref>http://www.stoa.org/epidoc/gl/5/</xref>
         </p></encodingDesc><profileDesc><langUsage><language id="ar">Arabic</language><language id="en">English</language><language id="fr">French</language><language id="de">German</language><language id="grc">Ancient Greek</language><language id="grc-Latn">Transliterated Greek</language><language id="el">Modern Greek</language><language id="he">Hebrew</language><language id="it">Italian</language><language id="la">Latin</language><language id="phn-LY">Punic</language><language id="ber-Latn">Native Libyan language in Latin script</language></langUsage><textClass/><textClass><keywords><term>
                  <geogName type="ancientRegion" key="Tripolitania">Tripolitania</geogName>
               </term><term>
                  <geogName type="modernCountry" key="LY">Libya</geogName>
               </term><term>
                  <placeName type="modernFindspot" key="http://www.geonames.org/2210247/tripoli.html">Tripoli</placeName>
               </term></keywords></textClass></profileDesc><revisionDesc>
<change><date>2008-09-09</date><respStmt><name>ZA</name></respStmt><item>converted using CHET-C</item></change>
<change><date>2009-05-19</date><respStmt><name>RV</name></respStmt><item>Added Figures</item></change>
<change><date>2009-08-24</date><respStmt><name>RV</name></respStmt><item>Added Figures</item></change></revisionDesc></teiHeader><text><body>

<div type="description" subtype="monument">
<head>Description of Monument</head>
<p>Fragment from the upper right-hand corner of a rectangular <rs type="objectType">base</rs> 
               (<rs type="dimensions"><measure unit="metre" type="length" dim="width">0.50</measure>
               <measure unit="metre" type="length" dim="height">0.47</measure> 
               <measure unit="metre" type="length" dim="depth" precision="circa">0.50</measure></rs>) of <rs type="material">limestone</rs>.</p></div>

<div type="description" subtype="text">
<head>Description of Text</head>
<p>Inscribed on one face, within a moulded panel, is Latin and Neo- Punic
               (Neo- Punic 7. The text is fragmentary, and reads: 
               <foreign lang="phn-LY">Abdmel[qart ...]</foreign>). 
               Uniform with <xref type="inscription">229</xref>.</p></div>

<div type="description" subtype="letters">
<head>Description of Letters</head>
<p>Lapidary capitals: <measure unit="metre" type="length" dim="height">0.035</measure>.</p></div>

<div type="description" subtype="date">
<head>Date</head>
<p>
               <date type="textDate">Unknown</date>
            </p></div>

<div type="history" subtype="locations">
<head>Locations</head>
<p>
               <rs type="found">
                  <placeName type="ancientFindspot" ref="http://atlantides.org/batlas/oea-35-f2" key="db657">Oea</placeName>: 
                  The <rs type="monuList" key="db807">Lighthouse Fort</rs>, Tripoli. Found in 1915 during the demolition of the fort.</rs>
            </p>
<p>
               <rs type="origLocation">Unknown</rs>
            </p>
<p>
               <rs type="lastLocation"><rs type="monuList" key="db662">Tripoli Castle</rs>. </rs>
            </p></div>



<div type="bibliography">
<head>Bibliography</head>
<p><bibl><xptr from="notizarch"/>, <biblScope>II:39l</biblScope> ff., fig 8</bibl>;
               <bibl><xptr from="cagnatmerlin1923"/>, <biblScope>4</biblScope></bibl>.</p></div>

<div type="history" subtype="text-constituted-from">
<head>Text constituted from</head>
<p>Transcription (Reynolds, Ward-Perkins)</p></div>

<div type="edition" lang="la">
<head lang="en">Text</head>
<ab>
               <lb n="1"/>
               <gap reason="lost" extent="unknown" unit="character"/>
               <persName type="attested"><name reg="Aurellius" type="gentilicium"><supplied reason="lost">Aurellius</supplied></name> 
                  <persName type="attested"><name reg="Epagrus" type="cognomen">Epagri</name></persName></persName>
               <lb n="2"/>
               <supplied reason="lost"><w lemma="filius"><expan><abbr>f</abbr><ex>ilius</ex></expan></w> 
                  <w lemma="de"><expan><abbr>d</abbr><ex>e</ex></expan></w> 
                  <w lemma="suus"><expan><abbr>s</abbr><ex>ua</ex></expan></w></supplied>
               <w lemma="pecunia"><expan><abbr>p</abbr><ex>ecunia</ex></expan></w> 
               <w lemma="do"><expan><abbr>d</abbr><ex>edit</ex></expan></w>
            </ab></div>

<div type="apparatus">
<head>Apparatus</head>

<p>
               <app loc="2"><note>
         See <xref type="inscription">229</xref>. 
      </note></app>
            </p></div>

                  <div type="translation">
<head>Translation</head>
<p><gap reason="lost"/> <supplied reason="lost">Aurellius, son</supplied> of Epagrus, gave <supplied reason="subaudible">this</supplied> <supplied reason="lost">from his own</supplied> finances.</p></div>

<div type="commentary">
<head>Commentary</head>
<p>The dedicator also in <xref type="inscription">229</xref>  
      </p></div>

<div type="figure">
<head>Photographs</head>
<p>
<figure href="0296"><figDesc>Ward-Perkins Archive, BSR (Sopr. DTV 675 Leica)</figDesc></figure></p></div></body></text></TEI.2>
