<?xml version="1.0" encoding="UTF-8"?>
<!DOCTYPE TEI.2 SYSTEM "http://www.stoa.org/epidoc/dtd/6/tei-epidoc.dtd">
<TEI.2 lang="en" id="IRT263"><teiHeader><fileDesc><titleStmt><title><rs type="textType">Votive</rs> offering of building work  to Asclepius</title><editor>J. M. Reynolds</editor><editor>J. B. Ward-Perkins</editor></titleStmt><publicationStmt>
<p>Creative Commons licence Attribution UK 2.0 (<xref>http://creativecommons.org/licenses/by/2.0/uk/</xref>). </p>
<p>All reuse or distribution of this work must contain somewhere a link back to the URL <xref>http://irt.kcl.ac.uk/</xref>
            </p></publicationStmt><sourceDesc>
<p>Republished from <bibl id="irt1952">
                  <author>J. M. Reynolds</author> and <author>J. B. Ward-Perkins</author>, <title level="m">The Inscriptions of Roman Tripolitania</title>, <pubPlace>Rome</pubPlace>: <publisher>British
                  School at Rome</publisher>, <date>1952</date>. </bibl>
            </p></sourceDesc></fileDesc><encodingDesc>
<p>Marked-up according to the EpiDoc Guidelines version 5 <xref>http://www.stoa.org/epidoc/gl/5/</xref>
         </p></encodingDesc><profileDesc><langUsage><language id="ar">Arabic</language><language id="en">English</language><language id="fr">French</language><language id="de">German</language><language id="grc">Ancient Greek</language><language id="grc-Latn">Transliterated Greek</language><language id="el">Modern Greek</language><language id="he">Hebrew</language><language id="it">Italian</language><language id="la">Latin</language><language id="phn-LY">Punic</language><language id="ber-Latn">Native Libyan language in Latin script</language></langUsage><textClass/><textClass><keywords><term>
                  <geogName type="ancientRegion" key="Tripolitania">Tripolitania</geogName>
               </term><term>
                  <geogName type="modernCountry" key="LY">Libya</geogName>
               </term><term>
                  <placeName type="modernFindspot" key="http://www.geonames.org/2215692/leptis-magna.html">Leptis Magna</placeName>
               </term></keywords></textClass></profileDesc><revisionDesc>
<change><date>2008-09-09</date><respStmt><name>ZA</name></respStmt><item>converted using CHET-C</item></change>
<change><date>2009-05-19</date><respStmt><name>RV</name></respStmt><item>Added Figures</item></change>
<change><date>2009-08-24</date><respStmt><name>RV</name></respStmt><item>Added Figures</item></change></revisionDesc></teiHeader><text><body>

<div type="description" subtype="monument">
<head>Description of Monument</head>
<p>Moulded <rs type="objectType">base</rs> (<rs type="dimensions"><measure unit="metre" type="length" dim="width">0.50</measure>
               <measure unit="metre" type="length" dim="height">0.80</measure><measure unit="metre" type="length" dim="depth">0.50</measure></rs>) of compact <rs type="material">brown limestone</rs>, damaged above.</p></div>

<div type="description" subtype="text">
<head>Description of Text</head>
<p>Inscribed on one face (die, <rs type="dimensions"><measure unit="metre" type="length" dim="width">0.45</measure>
               <measure unit="metre" type="length" dim="height">0.45</measure></rs>). Line 8 is incised on the lower border.</p></div>

<div type="description" subtype="letters">
<head>Description of Letters</head>
<p>Mannered Rustic capitals, probably third century A.D.: <measure from="0.03" to="0.04" dim="height" unit="measure">0.03-0.04</measure>.
               </p></div>

<div type="description" subtype="date">
<head>Date</head>
<p>
               <date type="textDate" exact="none" notBefore="0201" notAfter="0300" cert="low">Probably third century A.D.</date>
            (<rs type="criteria">lettering</rs>)</p></div>

<div type="history" subtype="locations">
<head>Locations</head>
<p>
               <rs type="found">
                  <placeName type="ancientFindspot" ref="http://atlantides.org/batlas/neapolis-lepcis-magna-35-g2" key="db653">Lepcis Magna</placeName>:  <rs type="monuList" key="db725">Hadrianic Baths</rs> beside the Natatio, to the South.</rs>
            </p>
<p>
               <rs type="origLocation">Unknown</rs>
            </p>
<p>
               <rs type="lastLocation">Findspot</rs>
            </p></div>


<div type="bibliography">
<head>Bibliography</head>
<p><bibl><xptr from="romanelli1925"/>, <biblScope>125</biblScope></bibl>
               <bibl><xptr from="bartoccini1929"/>,  <biblScope>80</biblScope>, fig. 82;</bibl>
               <bibl><xptr from="rivtrip"/>, <biblScope>1:308</biblScope></bibl>
               <bibl><xptr from="ae"/>, <biblScope>1925:105</biblScope></bibl></p></div>

<div type="history" subtype="text-constituted-from">
<head>Text constituted from</head>
<p>Transcription (Reynolds, Ward-Perkins)</p></div>

<div type="edition" lang="la">
<head lang="en">Text</head>
<ab>
               <lb n="1"/>
               <persName type="attested"><name reg="Publius" type="praenomen"><expan><abbr>P</abbr><ex>ublius</ex></expan></name> <name reg="Cornelius" type="gentilicium">Cornelius</name> <name reg="Attax" type="cognomen">Attax</name>
               <lb n="2"/><name reg="Marcianus" type="cognomen">Marcianus</name></persName>
               <lb n="3"/><persName type="attested"><name reg="Lucius" type="praenomen"><expan><abbr>L</abbr><ex>ucius</ex></expan></name> <name reg="Appius" type="gentilicium">Appius</name> <name reg="Amicus" type="cognomen">Amicus</name>
               <lb n="4"/><name reg="Rufinianus" type="cognomen">Rufinianus</name></persName>
               <lb n="5"/><w lemma="curator"><expan><abbr>cur</abbr><ex>atores</ex></expan></w> <w lemma="reficio">refectionis</w>
               <lb n="6"/><w lemma="thermae">thermarum</w> <w lemma="tertius"><expan><abbr>tert</abbr><ex>ium</ex></expan></w> 
               <lb n="7"/><persName type="divine"><w lemma="deus">Deo</w> <name reg="Aesculapius">Aesculapio</name></persName>
               <lb n="8"/>
               <w lemma="uotum"><expan><abbr>u</abbr><ex>otum</ex></expan></w> 
               <w lemma="soluo"><expan><abbr>s</abbr><ex>oluerunt</ex></expan></w>
            </ab></div>

<div type="apparatus">
<head>Apparatus</head>
<p>
               <app loc="5"><note><foreign lang="la">CVRR</foreign> </note></app>
            </p>
<p>
               <app loc="6"><note> Better than <foreign lang="la"><expan><abbr>tert</abbr><ex>iae</ex></expan></foreign>, Romanelli, loc cit. </note></app>
            </p></div>

<div type="translation">
<head>Translation</head>
<p>Publius Cornelius Attax Marcianus <supplied reason="subaudible">and</supplied> Lucius Appius Amicus Rufinianus, in charge for the third time of the restoration of the baths, paid their vow to the god Aesculapius. </p></div>

<div type="commentary">
<head>Commentary</head>
<p>No comment.</p></div>

<div type="figure">
<head>Photographs</head>
<p>
<figure href="0309"><figDesc>Ward-Perkins Archive, BSR (Sopr. B 1082)</figDesc></figure></p></div></body></text></TEI.2>
