<?xml version="1.0" encoding="UTF-8"?>
<!DOCTYPE TEI.2 SYSTEM "http://www.stoa.org/epidoc/dtd/6/tei-epidoc.dtd">
<TEI.2 lang="en" id="IRT204"><teiHeader><fileDesc><titleStmt><title><rs type="textType">Christian</rs> <rs type="textType">funerary </rs> inscription of Georgius</title><editor>J. M. Reynolds</editor><editor>J. B. Ward-Perkins</editor></titleStmt><publicationStmt>
<p>Creative Commons licence Attribution UK 2.0 (<xref>http://creativecommons.org/licenses/by/2.0/uk/</xref>). </p>
<p>All reuse or distribution of this work must contain somewhere a link back to the URL <xref>http://irt.kcl.ac.uk/</xref>
            </p></publicationStmt><sourceDesc>
<p>Republished from <bibl id="irt1952">
                  <author>J. M. Reynolds</author> and <author>J. B. Ward-Perkins</author>, <title level="m">The Inscriptions of Roman Tripolitania</title>, <pubPlace>Rome</pubPlace>: <publisher>British
                  School at Rome</publisher>, <date>1952</date>. </bibl>
            </p></sourceDesc></fileDesc><encodingDesc>
<p>Marked-up according to the EpiDoc Guidelines version 5 <xref>http://www.stoa.org/epidoc/gl/5/</xref>
         </p></encodingDesc><profileDesc><langUsage><language id="ar">Arabic</language><language id="en">English</language><language id="fr">French</language><language id="de">German</language><language id="grc">Ancient Greek</language><language id="grc-Latn">Transliterated Greek</language><language id="el">Modern Greek</language><language id="he">Hebrew</language><language id="it">Italian</language><language id="la">Latin</language><language id="phn-LY">Punic</language><language id="ber-Latn">Native Libyan language in Latin script</language></langUsage><textClass/><textClass><keywords><term>
                  <geogName type="ancientRegion" key="Tripolitania">Tripolitania</geogName>
               </term><term>
                  <geogName type="modernCountry" key="LY">Libya</geogName>
               </term><term>
                  <placeName type="modernFindspot" key="http://www.geonames.org/2208578/marsa-zawaghah.html">Marsa Zawaghah</placeName>
               </term></keywords></textClass></profileDesc><revisionDesc>
<change><date>2008-09-09</date><respStmt><name>ZA</name></respStmt><item>converted using CHET-C</item></change>
<change><date>2009-05-19</date><respStmt><name>RV</name></respStmt><item>Added Figures</item></change>
<change><date>2009-08-24</date><respStmt><name>RV</name></respStmt><item>Added Figures</item></change></revisionDesc></teiHeader><text><body>

<div type="description" subtype="monument">
<head>Description of Monument</head>
<p> <rs type="objectType">Block</rs> of <rs type="material" key="marmor">marble</rs> (inscribed face 
               <rs type="dimensions">
                  <measure unit="metre" type="length" dim="width">0.56</measure>
                  <measure unit="metre" type="length" dim="height">0.34</measure></rs>), a re-used stair-tread of wedge-shaped section.</p></div>

<div type="description" subtype="text">
<head>Description of Text</head>
<p>Inscribed on the surviving face.</p></div>

<div type="description" subtype="letters">
<head>Description of Letters</head>
<p> <measure from="0.05" to="0.08" dim="height" unit="metre">0.05-0.08</measure>.</p></div>

<div type="description" subtype="date">
<head>Date</head>
<p>
               
               <date type="textDate" notAfter="0600" notBefore="0401">Fifth-sixth century A.D.</date>
            (<rs type="criteria">context</rs>)</p></div>

<div type="history" subtype="locations">
<head>Locations</head>
<p>
               <rs type="found">
                  <placeName type="ancientFindspot" ref="http://atlantides.org/batlas/abrotonum-sabratha-35-e2" key="db659">Sabratha</placeName>:
                  <rs type="monuList" key="db836">Cemetery east of Church I</rs>. Found loose.</rs>
            </p>
<p>
               <rs type="origLocation">Unknown</rs>
            </p>
<p>
               <rs type="lastLocation">Loose in the precinct of the Antonine Temple (1951).</rs>
            </p></div>



<div type="bibliography">
<head>Bibliography</head>
<p> <bibl><xptr from="basiliche"/>, <biblScope>16</biblScope>.</bibl></p></div>

<div type="history" subtype="text-constituted-from">
<head>Text constituted from</head>
<p>Transcription (Reynolds, Ward-Perkins)</p></div>

<div type="edition" lang="la">
<head lang="en">Text</head>
<ab>
               <lb n="1"/><g type="crux"/> 
               <w lemma="bonus"><expan><abbr>B</abbr><ex>onae</ex></expan></w> 
               <w lemma="memoria"><expan><abbr>m</abbr><ex>emoria</ex><abbr>e</abbr></expan></w> 
               <persName type="attested"><name reg="Georgius" type="cognomen">Geor<lb n="2" type="worddiv"/>gi</name></persName> 
               <w lemma="uiuo">bixit</w> 
               <w lemma="in">in</w> 
               <w lemma="pax"><expan><abbr>p</abbr><ex>ace</ex></expan></w> 
               <w lemma="annus"><expan><abbr>an</abbr><ex>no</ex><abbr>s</abbr></expan></w>
               <lb n="3"/>
               <w lemma="multus"><expan><abbr>pl</abbr><ex>us</ex></expan></w> 
               <w lemma="paruus"><expan><abbr>m</abbr><ex>inu</ex><abbr>s</abbr></expan></w> 
               <date dur="PY20"><num value="20">XX</num></date> 
               <w lemma="sub"><expan><abbr>s</abbr><ex>ub</ex></expan></w> 
               <w lemma="dies"><expan><abbr>d</abbr><ex>ie</ex></expan></w>
               <lb n="4"/>
               <num value="22">XXII</num> 
               <w lemma="mensis"><expan><abbr>me</abbr><ex>nsi</ex><abbr>s</abbr></expan></w> 
               <rs type="month" reg="Aprilis"><w lemma="aprilis"><expan><abbr>Apr</abbr><ex>ilis</ex></expan></w></rs>
               <w lemma="indictio"><expan><abbr>ind</abbr><ex>ictione</ex></expan></w> 
               <num value="11">XI</num>
            </ab></div>

<div type="translation">
<head>Translation</head>
<p><note> cross</note> To the good memory of George; he lived in peace for approximately 20 years <supplied reason="subaudible">and was laid to rest</supplied> on the 22nd April in indiction 11.</p></div>

<div type="commentary">
<head>Commentary</head>
<p>No comment.</p></div>

<div type="figure">
<head>Photographs</head>
<p>
<figure href="0241"><figDesc>Ward-Perkins Archive, BSR (BSR 46.VIII.24)</figDesc></figure>
<figure href="0242"><figDesc>Ward-Perkins Archive, BSR (BSR 47.VII.19)</figDesc></figure></p></div></body></text></TEI.2>
