<?xml version="1.0" encoding="UTF-8"?>
<!DOCTYPE TEI.2 SYSTEM "http://www.stoa.org/epidoc/dtd/6/tei-epidoc.dtd">
<TEI.2 lang="en" id="IRT217"><teiHeader><fileDesc><titleStmt><title><rs type="textType">Christian</rs> <rs type="textType">funerary</rs> inscription of  Segeddutis</title><editor>J. M. Reynolds</editor><editor>J. B. Ward-Perkins</editor></titleStmt><publicationStmt>
<p>Creative Commons licence Attribution UK 2.0 (<xref>http://creativecommons.org/licenses/by/2.0/uk/</xref>). </p>
<p>All reuse or distribution of this work must contain somewhere a link back to the URL <xref>http://irt.kcl.ac.uk/</xref>
            </p></publicationStmt><sourceDesc>
<p>Republished from <bibl id="irt1952">
                  <author>J. M. Reynolds</author> and <author>J. B. Ward-Perkins</author>, <title level="m">The Inscriptions of Roman Tripolitania</title>, <pubPlace>Rome</pubPlace>: <publisher>British
                  School at Rome</publisher>, <date>1952</date>. </bibl>
            </p></sourceDesc></fileDesc><encodingDesc>
<p>Marked-up according to the EpiDoc Guidelines version 5 <xref>http://www.stoa.org/epidoc/gl/5/</xref>
         </p></encodingDesc><profileDesc><langUsage><language id="ar">Arabic</language><language id="en">English</language><language id="fr">French</language><language id="de">German</language><language id="grc">Ancient Greek</language><language id="grc-Latn">Transliterated Greek</language><language id="el">Modern Greek</language><language id="he">Hebrew</language><language id="it">Italian</language><language id="la">Latin</language><language id="phn-LY">Punic</language><language id="ber-Latn">Native Libyan language in Latin script</language></langUsage><textClass/><textClass><keywords><term>
                  <geogName type="ancientRegion" key="Tripolitania">Tripolitania</geogName>
               </term><term>
                  <geogName type="modernCountry" key="LY">Libya</geogName>
               </term><term>
                  <placeName type="modernFindspot" key="http://www.geonames.org/2208578/marsa-zawaghah.html">Marsa Zawaghah</placeName>
               </term></keywords></textClass></profileDesc><revisionDesc>
<change><date>2008-09-09</date><respStmt><name>ZA</name></respStmt><item>converted using CHET-C</item></change>
<change><date>2009-05-19</date><respStmt><name>RV</name></respStmt><item>Added Figures</item></change>
<change><date>2009-08-24</date><respStmt><name>RV</name></respStmt><item>Added Figures</item></change></revisionDesc></teiHeader><text><body>

<div type="description" subtype="monument">
<head>Description of Monument</head>
<p> <rs type="material" key="marmor">Marble</rs> <rs type="objectType">panel</rs> 
               (<rs type="dimensions">
                  <measure unit="metre" type="length" dim="width">0.35</measure>
                  <measure unit="metre" type="length" dim="height">0.25</measure>
                  <measure unit="metre" type="length" dim="depth">0.25</measure></rs>).</p></div>

<div type="description" subtype="text">
<head>Description of Text</head>
<p>Inscribed one one face.</p></div>

<div type="description" subtype="letters">
<head>Description of Letters</head>
<p>Fourth century A.D.: <measure from="0.025" to="0.04" dim="height" unit="metre">0.025-0.04</measure>; uncial G.</p></div>

<div type="description" subtype="date">
<head>Date</head>
<p>
               
               <date type="textDate" notAfter="0400" notBefore="0301">Fourth century A.D.</date> (<rs type="criteria">lettering</rs>)</p></div>

<div type="history" subtype="locations">
<head>Locations</head>
<p>
               <rs type="found">
                  <placeName type="ancientFindspot" ref="http://atlantides.org/batlas/abrotonum-sabratha-35-e2" key="db659">Sabratha</placeName>:
                  <rs type="monuList" key="db833">Catacomb to the E of the Theatre</rs>.</rs>
            </p>
<p>
               <rs type="origLocation">Unknown</rs>
            </p>
<p>
               <rs type="lastLocation"><rs type="monuList" key="db660">Sabratha Museum</rs>.</rs>
            </p></div>



<div type="bibliography">
<head>Bibliography</head>
<p>Not previously published.</p></div>

<div type="history" subtype="text-constituted-from">
<head>Text constituted from</head>
<p>Transcription (Reynolds, Ward-Perkins)</p></div>

<div type="edition" lang="la">
<head lang="en">Text</head>
<ab>
               <lb n="1"/><w lemma="spiritus">Ispiritus</w>
               <w lemma="bonus"><expan><abbr>bon</abbr><ex>a</ex><abbr>e</abbr></expan></w>
               <w lemma="memoria"><expan><abbr>mem<lb n="2" type="worddiv"/>ori</abbr><ex>a</ex><abbr>e</abbr></expan></w> 
               <w lemma="tecum"><expan><abbr>tecu</abbr><ex>m</ex></expan></w> 
               <persName type="attested"><name reg="Segeddutis" type="cognomen">Segedd<lb n="3" type="worddiv"/>utis</name></persName> 
               <w lemma="qui">qui</w> 
               <w lemma="uiuo">bixit</w> 
               <date dur="PY60"><w lemma="annus">an<lb n="4" type="worddiv"/>nis</w> 
               <num value="60">LX</num></date> 
               <w lemma="multus">plus</w> <w lemma="paruus">mi<lb n="5" type="worddiv"/>nus</w>
            </ab></div>



<div type="translation">
<head>Translation</head>
<p>In the holy spirit. To the good memory with you of Segeddutis <note>? Segeddus</note> who lived approximately 60 years.</p></div>

<div type="commentary">
<head>Commentary</head>
<p>Line 1, see Diehl, <title>Inscr. Lat. Crist. Vet.</title> III. 409, s.v. spiritus A.</p></div>

<div type="figure">
<head>Photographs</head>
<p>
<figure href="0263"><figDesc>Ward-Perkins Archive, BSR (Sopr DS 859 Leica)</figDesc></figure></p></div></body></text></TEI.2>
