<?xml version="1.0" encoding="UTF-8"?>
<!DOCTYPE TEI.2 SYSTEM "http://www.stoa.org/epidoc/dtd/6/tei-epidoc.dtd">
<TEI.2 lang="en" id="IRT243"><teiHeader><fileDesc><titleStmt><title><rs type="textType">Funerary</rs> inscription </title><editor>J. M. Reynolds</editor><editor>J. B. Ward-Perkins</editor></titleStmt><publicationStmt>
<p>Creative Commons licence Attribution UK 2.0 (<xref>http://creativecommons.org/licenses/by/2.0/uk/</xref>). </p>
<p>All reuse or distribution of this work must contain somewhere a link back to the URL <xref>http://irt.kcl.ac.uk/</xref>
            </p></publicationStmt><sourceDesc>
<p>Republished from <bibl id="irt1952">
                  <author>J. M. Reynolds</author> and <author>J. B. Ward-Perkins</author>, <title level="m">The Inscriptions of Roman Tripolitania</title>, <pubPlace>Rome</pubPlace>: <publisher>British
                  School at Rome</publisher>, <date>1952</date>. </bibl>
            </p></sourceDesc></fileDesc><encodingDesc>
<p>Marked-up according to the EpiDoc Guidelines version 5 <xref>http://www.stoa.org/epidoc/gl/5/</xref>
         </p></encodingDesc><profileDesc><langUsage><language id="ar">Arabic</language><language id="en">English</language><language id="fr">French</language><language id="de">German</language><language id="grc">Ancient Greek</language><language id="grc-Latn">Transliterated Greek</language><language id="el">Modern Greek</language><language id="he">Hebrew</language><language id="it">Italian</language><language id="la">Latin</language><language id="phn-LY">Punic</language><language id="ber-Latn">Native Libyan language in Latin script</language></langUsage><textClass/><textClass><keywords><term>
                  <geogName type="ancientRegion" key="Tripolitania">Tripolitania</geogName>
               </term><term>
                  <geogName type="modernCountry" key="LY">Libya</geogName>
               </term><term>
                  <placeName type="modernFindspot" key="http://www.geonames.org/2210247/tripoli.html">Tripoli</placeName>
               </term></keywords></textClass></profileDesc><revisionDesc>
<change><date>2008-09-09</date><respStmt><name>ZA</name></respStmt><item>converted using CHET-C</item></change>
<change><date>2009-05-19</date><respStmt><name>RV</name></respStmt><item>Added Figures</item></change>
<change><date>2009-08-24</date><respStmt><name>RV</name></respStmt><item>Added Figures</item></change></revisionDesc></teiHeader><text><body>

<div type="description" subtype="monument">
<head>Description of Monument</head>
<p> Not seen.  </p></div>

<div type="description" subtype="text">
<head>Description of Text</head>
<p>Unknown.</p></div>

<div type="description" subtype="letters">
<head>Description of Letters</head>
<p>Not seen.  </p></div>

<div type="description" subtype="date">
<head>Date</head>
<p>
               <date type="textDate">Unknown</date>
            </p></div>

<div type="history" subtype="locations">
<head>Locations</head>
<p>
               <rs type="found">
                  <placeName type="ancientFindspot" ref="http://atlantides.org/batlas/oea-35-f2" key="db657">Oea</placeName>:
                  <rs type="monuList" key="db802">A rock-cut tomb near Tripoli City</rs>. Described in 1682. Since lost. </rs>
            </p>
<p>
               <rs type="origLocation">Unknown</rs>
            </p>
<p>
               <rs type="lastLocation">Findspot</rs>
            </p></div>



<div type="bibliography">
<head>Bibliography</head>
<p><bibl><xptr from="rivtrip"/>,<biblScope>II:155</biblScope>, <biblScope>II:164</biblScope>.</bibl></p></div>

<div type="history" subtype="text-constituted-from">
<head>Text constituted from</head>
<p>Previous publications</p></div>

<div type="edition" lang="la">
<head lang="en">Text</head>
<ab>
               <lb n="1"/>
               <w lemma="deus">Dis</w> 
               <w lemma="manes"><expan><abbr>manib</abbr><ex>us</ex></expan></w> 
               <lb n="2"/>
               <persName type="attested">
                  <name type="praenomen" reg="Marcus"><expan><abbr>M</abbr><ex>arcus</ex></expan></name>
                  <name type="gentilicium" reg="Aurelius">Aurelius</name>
                  <name type="cognomen" reg="Diodorus">Diodorus</name></persName> 
               <lb n="3"/>
               <persName type="attested">
                  <name reg="Aurelia" type="gentilicium">Aureliae</name> 
                  <name reg="Flaccilla" type="cognomen">Flaccillae</name></persName> 
               <lb n="4"/><w lemma="filia">filiae</w> 
               <w lemma="uiuo"><supplied reason="lost">uixit</supplied></w> 
               <date dur="PY17D17"><w lemma="annus"><expan><abbr>ann</abbr><ex>os</ex></expan></w> 
               <num value="17">XVII</num>  
               <lb n="5"/>
               <w lemma="mensis"><supplied reason="lost" cert="low">menses</supplied></w> 
               <w lemma="dies">dies</w> 
               <num value="17">XVII</num></date>
            </ab></div>

                  <div type="translation">
<head>Translation</head>
<p>To the gods below. Marcus Aurelius Diodorus for Aurelia Flaccilla his daughter; <supplied reason="lost">she lived</supplied><gap reason="lost"/> years, 17 <supplied reason="lost">months</supplied>, 17 days.</p></div>

<div type="commentary">
<head>Commentary</head>
<p>No comment.</p></div>

<div type="figure">
<head>Photographs</head><p>No photographs.</p></div></body></text></TEI.2>
