<?xml version="1.0" encoding="UTF-8"?>
<!DOCTYPE TEI.2 SYSTEM "http://www.stoa.org/epidoc/dtd/6/tei-epidoc.dtd">
<TEI.2 lang="en" id="IRT207"><teiHeader><fileDesc><titleStmt><title><rs type="textType">Christian</rs> <rs type="textType">funerary</rs> inscription of Ioanes </title><editor>J. M. Reynolds</editor><editor>J. B. Ward-Perkins</editor></titleStmt><publicationStmt>
<p>Creative Commons licence Attribution UK 2.0 (<xref>http://creativecommons.org/licenses/by/2.0/uk/</xref>). </p>
<p>All reuse or distribution of this work must contain somewhere a link back to the URL <xref>http://irt.kcl.ac.uk/</xref>
            </p></publicationStmt><sourceDesc>
<p>Republished from <bibl id="irt1952">
                  <author>J. M. Reynolds</author> and <author>J. B. Ward-Perkins</author>, <title level="m">The Inscriptions of Roman Tripolitania</title>, <pubPlace>Rome</pubPlace>: <publisher>British
                  School at Rome</publisher>, <date>1952</date>. </bibl>
            </p></sourceDesc></fileDesc><encodingDesc>
<p>Marked-up according to the EpiDoc Guidelines version 5 <xref>http://www.stoa.org/epidoc/gl/5/</xref>
         </p></encodingDesc><profileDesc><langUsage><language id="ar">Arabic</language><language id="en">English</language><language id="fr">French</language><language id="de">German</language><language id="grc">Ancient Greek</language><language id="grc-Latn">Transliterated Greek</language><language id="el">Modern Greek</language><language id="he">Hebrew</language><language id="it">Italian</language><language id="la">Latin</language><language id="phn-LY">Punic</language><language id="ber-Latn">Native Libyan language in Latin script</language></langUsage><textClass/><textClass><keywords><term>
                  <geogName type="ancientRegion" key="Tripolitania">Tripolitania</geogName>
               </term><term>
                  <geogName type="modernCountry" key="LY">Libya</geogName>
               </term><term>
                  <placeName type="modernFindspot" key="http://www.geonames.org/2208578/marsa-zawaghah.html">Marsa Zawaghah</placeName>
               </term></keywords></textClass></profileDesc><revisionDesc>
<change><date>2008-09-09</date><respStmt><name>ZA</name></respStmt><item>converted using CHET-C</item></change>
<change><date>2009-05-19</date><respStmt><name>RV</name></respStmt><item>Added Figures</item></change>
<change><date>2009-08-24</date><respStmt><name>RV</name></respStmt><item>Added Figures</item></change></revisionDesc></teiHeader><text><body>

<div type="description" subtype="monument">
<head>Description of Monument</head>
<p> Re-used <rs type="objectType">paving-slab</rs> 
               (<rs type="dimensions"><measure unit="metre" type="length" dim="width">0.54</measure>
                  <measure unit="metre" type="length" dim="height">0.69</measure></rs>) of <rs type="material">grey limestone</rs>.</p></div>

<div type="description" subtype="text">
<head>Description of Text</head>
<p>Inscribed on the surviving face.</p></div>

<div type="description" subtype="letters">
<head>Description of Letters</head>
<p> ll. 1-5, <measure from="0.055" to="0.065" dim="height" unit="metre">0.055-0.065</measure>; 
               l. 6 (minuscule), <measure from="0.03" to="0.04" dim="height" unit="metre">0.03-0.04</measure>.</p></div>

<div type="description" subtype="date">
<head>Date</head>
<p>
               <date type="textDate">No indication</date>
            </p></div>

<div type="history" subtype="locations">
<head>Locations</head>
<p>
               <rs type="found">
                  <placeName type="ancientFindspot" ref="http://atlantides.org/batlas/abrotonum-sabratha-35-e2" key="db659">Sabratha</placeName>: 
                  <rs type="monuList" key="db836">Cemetery east of Church I</rs>, loose.</rs>
            </p>
<p>
               <rs type="origLocation">Unknown</rs>
            </p>
<p>
               <rs type="lastLocation">Findspot</rs>
            </p></div>



<div type="bibliography">
<head>Bibliography</head>
<p> <bibl><xptr from="basiliche"/>, <biblScope>17</biblScope>.</bibl></p></div>

<div type="history" subtype="text-constituted-from">
<head>Text constituted from</head>
<p>Transcription (Reynolds, Ward-Perkins)</p></div>

<div type="edition" lang="la">
<head lang="en">Text</head>
<ab>
               <lb n="1"/><g type="tau-rho"/> 
               <w lemma="bonus"><expan><abbr>Bon</abbr><ex>a</ex><abbr>e</abbr></expan></w> 
               <w lemma="memoria"><expan><abbr>memo<lb n="2" type="worddiv"/>ri</abbr><ex>a</ex><abbr>e</abbr></expan></w> 
               <persName type="attested"><name reg="Ioanes" type="cognomen">Ioanes</name></persName> 
               <lb n="3"/><w lemma="uiuo">bixit</w> 
               <w lemma="in">in</w> 
               <w lemma="pax">pac<lb n="4" type="worddiv"/>e</w> 
               <date dur="PY85"><w lemma="annus">an<supplied reason="omitted">n</supplied>os</w> 
               <num value="85">LXXXV</num></date>
               <lb n="5"/>
               <w lemma="multus"><expan><abbr>p</abbr><ex>lu</ex><abbr>s</abbr></expan></w>
               <w lemma="paruus"><expan><abbr>m</abbr><ex>i</ex><abbr>n</abbr><ex>us</ex></expan></w> 
               <w lemma="sub"><expan><abbr>s<choice><sic>y</sic><corr>u</corr></choice></abbr><ex>b</ex></expan></w>  
               <w lemma="dies"><expan><abbr>d</abbr><ex>ie</ex></expan></w> 
               <num value="27">XX<hi rend="ligature">VI</hi>I</num>
               <lb n="6"/>
               <w lemma="mensis"><expan><abbr>me</abbr><ex>nsis</ex></expan></w> 
               <rs type="month" reg="Ianuarius"><w lemma="Ianuarius"><expan><abbr>Ianuar</abbr><ex>i</ex></expan></w></rs> 
               <w lemma="indictio"><expan><abbr>ind</abbr><ex>ictione</ex></expan></w> 
               <num value="5">V</num>
               <lb n="7"/><g type="tau-rho"/>
            </ab></div>

<div type="apparatus">
<head>Apparatus</head>
<p>
               <app loc="5"><lem lang="la"><expan><abbr>su</abbr><ex>b</ex></expan></lem><note>Written <foreign lang="la">SY</foreign>.</note></app>
            </p></div>

<div type="translation">
<head>Translation</head>
<p><note> monogram cross</note> Of good memory, Joanes lived in peace for approximately 85 years <supplied reason="subaudible">and died</supplied> on the 27th January in the fifth indiction. <note> monogram cross</note></p></div>

<div type="commentary">
<head>Commentary</head>
<p>No comment.</p></div>

<div type="figure">
<head>Photographs</head>
<p>
<figure href="0250"><figDesc>Ward-Perkins Archive, BSR (BSR 47.VIII.34)</figDesc></figure>
<figure href="0251"><figDesc>Ward-Perkins Archive, BSR (BSR 47.VIII.34)</figDesc></figure></p></div></body></text></TEI.2>
