<?xml version="1.0" encoding="UTF-8"?>
<!DOCTYPE TEI.2 SYSTEM "http://www.stoa.org/epidoc/dtd/6/tei-epidoc.dtd">
<TEI.2 lang="en" id="IRT208"><teiHeader><fileDesc><titleStmt><title><rs type="textType">Christian</rs> <rs type="textType">funerary</rs> inscription of Iohannes </title><editor>J. M. Reynolds</editor><editor>J. B. Ward-Perkins</editor></titleStmt><publicationStmt>
<p>Creative Commons licence Attribution UK 2.0 (<xref>http://creativecommons.org/licenses/by/2.0/uk/</xref>). </p>
<p>All reuse or distribution of this work must contain somewhere a link back to the URL <xref>http://irt.kcl.ac.uk/</xref>
            </p></publicationStmt><sourceDesc>
<p>Republished from <bibl id="irt1952">
                  <author>J. M. Reynolds</author> and <author>J. B. Ward-Perkins</author>, <title level="m">The Inscriptions of Roman Tripolitania</title>, <pubPlace>Rome</pubPlace>: <publisher>British
                  School at Rome</publisher>, <date>1952</date>. </bibl>
            </p></sourceDesc></fileDesc><encodingDesc>
<p>Marked-up according to the EpiDoc Guidelines version 5 <xref>http://www.stoa.org/epidoc/gl/5/</xref>
         </p></encodingDesc><profileDesc><langUsage><language id="ar">Arabic</language><language id="en">English</language><language id="fr">French</language><language id="de">German</language><language id="grc">Ancient Greek</language><language id="grc-Latn">Transliterated Greek</language><language id="el">Modern Greek</language><language id="he">Hebrew</language><language id="it">Italian</language><language id="la">Latin</language><language id="phn-LY">Punic</language><language id="ber-Latn">Native Libyan language in Latin script</language></langUsage><textClass/><textClass><keywords><term>
                  <geogName type="ancientRegion" key="Tripolitania">Tripolitania</geogName>
               </term><term>
                  <geogName type="modernCountry" key="LY">Libya</geogName>
               </term><term>
                  <placeName type="modernFindspot" key="http://www.geonames.org/2208578/marsa-zawaghah.html">Marsa Zawaghah</placeName>
               </term></keywords></textClass></profileDesc><revisionDesc>
<change><date>2008-09-09</date><respStmt><name>ZA</name></respStmt><item>converted using CHET-C</item></change>
<change><date>2009-05-19</date><respStmt><name>RV</name></respStmt><item>Added Figures</item></change>
<change><date>2009-08-24</date><respStmt><name>RV</name></respStmt><item>Added Figures</item></change></revisionDesc></teiHeader><text><body>

<div type="description" subtype="monument">
<head>Description of Monument</head>
<p> Re-used <rs type="objectType">paving-slab</rs> 
               (<rs type="dimensions">
                  <measure unit="metre" type="length" dim="width">0.50</measure>
                  <measure unit="metre" type="length" dim="height">0.50</measure></rs>) of <rs type="material">grey limestone</rs>.</p></div>

<div type="description" subtype="text">
<head>Description of Text</head>
<p>Inscribed on the surviving face.</p></div>

<div type="description" subtype="letters">
<head>Description of Letters</head>
<p><measure from="0.035" to="0.045" dim="height" unit="metre">0.035-0.045</measure>.</p></div>

<div type="description" subtype="date">
<head>Date</head>
<p>
               <date type="textDate">Fifth-sixth century A.D.</date>
            (<rs type="criteria">context</rs>)</p></div>

<div type="history" subtype="locations">
<head>Locations</head>
<p>
               <rs type="found">
                  <placeName type="ancientFindspot" ref="http://atlantides.org/batlas/abrotonum-sabratha-35-e2" key="db659">Sabratha</placeName>:
                  <rs type="monuList" key="db837">Church I</rs>, loose in the adjoining baptistry.</rs>
            </p>
<p>
               <rs type="origLocation">Unknown</rs>
            </p>
<p>
               <rs type="lastLocation">Findspot</rs>
            </p></div>



<div type="bibliography">
<head>Bibliography</head>
<p> <bibl><xptr from="basiliche"/>, <biblScope>18</biblScope>.</bibl></p></div>

<div type="history" subtype="text-constituted-from">
<head>Text constituted from</head>
<p>Transcription (Reynolds, Ward-Perkins)</p></div>

<div type="edition" lang="la">
<head lang="en">Text</head>
<ab>
               <lb n="1"/><g type="crux"/> 
               <w lemma="bonus"><expan><abbr>B</abbr><ex>onae</ex></expan></w> 
               <w lemma="memoria"><expan><abbr>m</abbr><ex>emoriae</ex></expan></w> 
               <persName type="attested"><name reg="Iohannes" type="cognomen">Iohannes</name></persName>
               <lb n="2"/><w lemma="in">in</w> 
               <orig>XPO</orig> 
               <w lemma="requiesco">requieuit</w>
               <lb n="3"/>
               <w lemma="uiuo">uixit</w> 
              <date dur="PY1M9D20"> <w lemma="annus"><expan><abbr>annu</abbr><ex>m</ex></expan></w> 
               <w lemma="unus"><expan><abbr>unu</abbr><ex>m</ex></expan></w>
               <lb n="4"/>
               <w lemma="mensis"><expan><abbr>m</abbr><ex>enses</ex></expan></w> 
               <num value="8">VIIII</num> 
               <w lemma="dies"><expan><abbr>d</abbr><ex>ies</ex></expan></w> 
               <num value="20">XX</num> 
               <w lemma="subdiu"><expan><abbr>s</abbr><ex>ub die</ex></expan></w>
               <num value="13">XIII</num></date> 
               <w lemma="mensis"><expan><abbr>m</abbr><ex>ensis</ex></expan></w>
               <lb n="5"/>
               <rs type="month" reg="Aprilis"><w lemma="aprilis"><expan><abbr>Apr</abbr><ex>ilis</ex></expan></w></rs> 
               <w lemma="indictio"><expan><abbr>ind</abbr><ex>ictione</ex></expan></w> 
               <num value="8">VIII</num>
               <lb n="6"/><g type="crux"/>
            </ab></div>

<div type="translation">
<head>Translation</head>
<p><note>cross</note> Of good memory, Joanes went to rest in Christ. He lived one year, nine months and twenty days <supplied reason="subaudible">and was laid to rest</supplied> on the 13th April in indiction 8. <note>cross.</note></p></div>

<div type="commentary">
<head>Commentary</head>
<p>No comment.</p></div>

<div type="figure">
<head>Photographs</head>
<p>
<figure href="0252"><figDesc>Ward-Perkins Archive, BSR (Sopr. CS 167)</figDesc></figure></p></div></body></text></TEI.2>
