<?xml version="1.0" encoding="UTF-8"?>
<!DOCTYPE TEI.2 SYSTEM "http://www.stoa.org/epidoc/dtd/6/tei-epidoc.dtd">
<TEI.2 lang="en" id="IRT317"><teiHeader><fileDesc><titleStmt><title><rs type="textType">Title</rs>s for images of  Venus and Juno</title><editor>J. M. Reynolds</editor><editor>J. B. Ward-Perkins</editor></titleStmt><publicationStmt>
<p>Creative Commons licence Attribution UK 2.0 (<xref>http://creativecommons.org/licenses/by/2.0/uk/</xref>). </p>
<p>All reuse or distribution of this work must contain somewhere a link back to the URL <xref>http://irt.kcl.ac.uk/</xref>
            </p></publicationStmt><sourceDesc>
<p>Republished from <bibl id="irt1952">
                  <author>J. M. Reynolds</author> and <author>J. B. Ward-Perkins</author>, <title level="m">The Inscriptions of Roman Tripolitania</title>, <pubPlace>Rome</pubPlace>: <publisher>British
                  School at Rome</publisher>, <date>1952</date>. </bibl>
            </p></sourceDesc></fileDesc><encodingDesc>
<p>Marked-up according to the EpiDoc Guidelines version 5 <xref>http://www.stoa.org/epidoc/gl/5/</xref>
         </p></encodingDesc><profileDesc><langUsage><language id="ar">Arabic</language><language id="en">English</language><language id="fr">French</language><language id="de">German</language><language id="grc">Ancient Greek</language><language id="grc-Latn">Transliterated Greek</language><language id="el">Modern Greek</language><language id="he">Hebrew</language><language id="it">Italian</language><language id="la">Latin</language><language id="phn-LY">Punic</language><language id="ber-Latn">Native Libyan language in Latin script</language></langUsage><textClass/><textClass><keywords><term>
                  <geogName type="ancientRegion" key="Tripolitania">Tripolitania</geogName>
               </term><term>
                  <geogName type="modernCountry" key="LY">Libya</geogName>
               </term><term>
                  <placeName type="modernFindspot" key="http://www.geonames.org/2215692/leptis-magna.html">Leptis Magna</placeName>
               </term></keywords></textClass></profileDesc><revisionDesc>
<change><date>2008-09-09</date><respStmt><name>ZA</name></respStmt><item>converted using CHET-C</item></change>
<change><date>2009-05-19</date><respStmt><name>RV</name></respStmt><item>Added Figures</item></change>
<change><date>2009-08-24</date><respStmt><name>RV</name></respStmt><item>Added Figures</item></change></revisionDesc></teiHeader><text><body>

<div type="description" subtype="monument">
<head>Description of Monument</head>
<p>Two moulded <rs type="objectType">base</rs>s of <rs type="material">grey limestone</rs>.
               a) Height of base, <measure unit="metre" type="length" dim="height">1.10</measure>.
               b) Height of base, <measure unit="metre" type="length" dim="height">0.94</measure>.</p></div>

<div type="description" subtype="text">
<head>Description of Text</head>
<p>Each inscribed on one face; 
               a) Measurements: die, <rs type="dimensions"><measure unit="metre" type="length" dim="width">0.47</measure><measure unit="metre" type="length" dim="height">0.70</measure></rs>.
               b) Measurements: die, <rs type="dimensions"><measure unit="metre" type="length" dim="width">0.47</measure><measure unit="metre" type="length" dim="height">0.54</measure></rs>.</p></div>

<div type="description" subtype="letters">
<head>Description of Letters</head>
<p> a) Lettering (of good period): <measure unit="metre" type="length" dim="height">0.05</measure>.</p>
<p>b) Unstated. </p></div>

<div type="description" subtype="date">
<head>Date</head>
<p>
               <date type="textDate">Unknown</date>
            </p></div>

<div type="history" subtype="locations">
<head>Locations</head>
<p>
               <rs type="found">
                  <placeName type="ancientFindspot" ref="http://atlantides.org/batlas/neapolis-lepcis-magna-35-g2" key="db653">Lepcis Magna</placeName>:  
                  Along the presumed line of a  <rs type="monuList" key="db701">road from the Circus to the Port</rs>.  
                  Seen by Aurigemma in 1912, about 100 m. West of the Circus and 30 m. from the sea. 
                  A third base of the same type was found near- by, but no inscription was legible on it. Since lost. Not seen. </rs>
            </p>
<p>
               <rs type="origLocation">Unknown</rs>
            </p>
<p>
               <rs type="lastLocation">Findspot</rs>
            </p></div>



<div type="bibliography">
<head>Bibliography</head>
<p><bibl><xptr from="romanelli1925"/>, <biblScope>152</biblScope></bibl>; 
               <bibl><xptr from="ae"/> <biblScope>1926:165-6</biblScope></bibl>; 
               <bibl><author>Aurigemma</author>, <xptr from="afrital"/> <biblScope>III:76</biblScope> ff., fig. 1</bibl>.</p></div>

<div type="history" subtype="text-constituted-from">
<head>Text constituted from</head>
<p>Previous publications</p></div>

<div type="edition" lang="la">
<head lang="en">Text</head>

<div type="textpart" n="a">
<ab>
                  <lb n="1"/><persName type="divine"><name reg="Venus"><unclear>V</unclear>e<unclear>n</unclear>u<unclear>s</unclear></name>
                  <lb n="2"/><name reg="Cassiana" type="cognomen">Cassian<unclear>a</unclear></name></persName>
               </ab></div>

<div type="textpart" n="b">
<ab>
                  <lb n="1"/><persName type="divine"><name reg="Iuno"><unclear>I</unclear>u<unclear>no</unclear></name>
                  <lb n="2"/><name reg="Cassiana" type="cognomen">Ca<unclear>s</unclear>siana</name></persName>
               </ab></div></div>

<div type="translation">
<head>Translation</head>
<p>a. Venus Cassiana b. Juno Cassiana <note>nominative cases</note></p></div>

<div type="commentary">
<head>Commentary</head>
<p>No comment.</p></div>

<div type="figure">
<head>Photographs</head><p>No photographs.</p></div></body></text></TEI.2>
