<?xml version="1.0" encoding="UTF-8"?>
<!DOCTYPE TEI.2 SYSTEM "http://www.stoa.org/epidoc/dtd/6/tei-epidoc.dtd">
<TEI.2 lang="en" id="IRT312">
   <teiHeader>
      <fileDesc>
         <titleStmt>
            <title>
               <rs type="textType">Dedication</rs> to the Gods dwelling with Sarapis </title>
            <editor>J. M. Reynolds</editor><editor>J. B. Ward-Perkins</editor>
         </titleStmt>
         <publicationStmt>
            <p>Creative Commons licence Attribution UK 2.0
                  (<xref>http://creativecommons.org/licenses/by/2.0/uk/</xref>). </p>
            <p>All reuse or distribution of this work must contain somewhere a link back to the URL
                  <xref>http://irt.kcl.ac.uk/</xref>
            </p>
         </publicationStmt>
         <sourceDesc>
            <p>Republished from <bibl id="irt1952">
                  <author>J. M. Reynolds</author> and <author>J. B. Ward-Perkins</author>, <title level="m">The Inscriptions of Roman Tripolitania</title>,
                  <pubPlace>Rome</pubPlace>: <publisher>British School at Rome</publisher>,
                     <date>1952</date>.</bibl>
            </p>
         </sourceDesc>
      </fileDesc>
      <encodingDesc>
         <p>Marked-up according to the EpiDoc Guidelines version 5
               <xref>http://www.stoa.org/epidoc/gl/5/</xref>
         </p>
      </encodingDesc>
      <profileDesc>
         <langUsage>
            <language id="ar">Arabic</language>
            <language id="en">English</language>
            <language id="fr">French</language>
            <language id="de">German</language>
            <language id="grc">Ancient Greek</language>
            <language id="grc-Latn">Transliterated Greek</language>
            <language id="el">Modern Greek</language>
            <language id="he">Hebrew</language>
            <language id="it">Italian</language>
            <language id="la">Latin</language>
            <language id="phn-LY">Punic</language>
            <language id="ber-Latn">Native Libyan language in Latin script</language>
         </langUsage>
         <textClass/>
         <textClass>
            <keywords>
               <term>
                  <geogName type="ancientRegion" key="Tripolitania">Tripolitania</geogName>
               </term>
               <term>
                  <geogName type="modernCountry" key="LY">Libya</geogName>
               </term>
               <term>
                  <placeName type="modernFindspot" key="http://www.geonames.org/2215692/leptis-magna.html">Leptis
                  Magna</placeName>
               </term>
            </keywords>
         </textClass>
      </profileDesc>
      <revisionDesc>
         <change>
            <date>2008-09-09</date>
            <respStmt>
               <name>ZA</name>
            </respStmt>
            <item>converted using CHET-C</item>
         </change>
         <change>
            <date>2009-05-19</date>
            <respStmt>
               <name>RV</name>
            </respStmt>
            <item>Added Figures</item>
         </change>
         <change>
            <date>2009-08-24</date>
            <respStmt>
               <name>RV</name>
            </respStmt>
            <item>Added Figures</item>
         </change>
      </revisionDesc>
   </teiHeader>
   <text>
      <body>

         <div type="description" subtype="monument">
            <head>Description of Monument</head>
            <p>
               <rs type="material">Marble</rs>
               <rs type="objectType">column</rs>-drum (<rs type="dimensions">
                  <measure unit="metre" type="length" dim="diameter" from="0.36" to="0.30">0.36-0.30</measure>
                  <measure unit="metre" type="length" dim="height">0.83</measure>
               </rs>). </p>
         </div>

         <div type="description" subtype="text">
            <head>Description of Text</head>
            <p>Inscribed on the surviving face.</p>
         </div>

         <div type="description" subtype="letters">
            <head>Description of Letters</head>
            <p>Lettering: <measure unit="metre" type="length" dim="height">0.029-0.22</measure>; l.
               7 (set well below the main text), <measure unit="metre" type="length" dim="height">0.04</measure>.</p>
         </div>

         <div type="description" subtype="date">
            <head>Date</head>
            <p>
               <date type="textDate" notBefore="0138" notAfter="0301">Second to third centuries
               A.D.</date> (<rs type="criteria">nomenclature</rs>)</p>
         </div>

         <div type="history" subtype="locations">
            <head>Locations</head>
            <p>
               <rs type="found">
                  <placeName type="ancientFindspot" ref="http://atlantides.org/batlas/neapolis-lepcis-magna-35-g2" key="db653">Lepcis Magna</placeName>: Findspot unrecorded</rs>
            </p>
            <p>
               <rs type="origLocation">Unknown</rs>
            </p>
            <p>
               <rs type="lastLocation">
                  <rs type="monuList" key="db654">Lepcis Museum</rs>. </rs>
            </p>
         </div>

         <div type="bibliography">
            <head>Bibliography</head>
            <p>Not previously published.</p>
         </div>

         <div type="history" subtype="text-constituted-from">
            <head>Text constituted from</head>
            <p>Transcription (Reynolds, Ward-Perkins)</p>
         </div>
         
         <div type="edition" lang="grc">
            <head lang="en">Text</head>
            <ab>
               <lb n="1"/><persName type="divine"><w lemma="σύνναος"><expan><abbr>συν</abbr><ex>νάοις</ex></expan></w> <w lemma="θεός">θεοῖς</w> <w lemma="ὁ">τοῦ</w>
               <lb n="2"/><w lemma="μέγας">μεγάλου</w> 
               <name reg="Sarapis">Σαρά<lb n="3" type="worddiv"/>πιδος</name></persName> <w lemma="εὐχή">εὐχὴν</w>
               <lb n="4"/><w lemma="ἀνατίθημι">ἀνέθηκεν</w>
               <lb n="5"/><persName type="attested"><name reg="Aurelius" type="gentilicium">Αὐρήλιος</name><name reg="Ἄτταλος" type="cognomen"> Ἄτταλος</name></persName>
               <lb n="6"/><w lemma="πανοικί">πανοικὶ</w>
               <lb n="7"/><w lemma="ἐπί">ἐπ’</w> <w lemma="ἀγαθός">ἀγαθῷ</w></ab></div>

         <div type="translation">
            <head>Translation</head>
            <p>To the gods who dwell in the temple of the great Sarapis; Aurelius Attalus dedicated
               this offering with his whole household in the hope of good fortune. </p>
         </div>

         <div type="commentary">
            <head>Commentary</head>
            <p>No comment.</p>
         </div>

         <div type="figure">
            <head>Photographs</head>
            <p>
               <figure href="0378">
                  <figDesc>Ward-Perkins Archive, BSR (Sopr. CLM 331)</figDesc>
               </figure>
            </p>
         </div>
      </body>
   </text>
</TEI.2>
