<?xml version="1.0" encoding="UTF-8"?>
<!DOCTYPE TEI.2 SYSTEM "http://www.stoa.org/epidoc/dtd/6/tei-epidoc.dtd">
<TEI.2 lang="en" id="IRT306"><teiHeader><fileDesc><titleStmt><title>Fragmentary <rs type="textType">building</rs> inscription</title><editor>J. M. Reynolds</editor><editor>J. B. Ward-Perkins</editor></titleStmt><publicationStmt>
<p>Creative Commons licence Attribution UK 2.0 (<xref>http://creativecommons.org/licenses/by/2.0/uk/</xref>). </p>
<p>All reuse or distribution of this work must contain somewhere a link back to the URL <xref>http://irt.kcl.ac.uk/</xref>
            </p></publicationStmt><sourceDesc>
<p>Republished from <bibl id="irt1952">
                  <author>J. M. Reynolds</author> and <author>J. B. Ward-Perkins</author>, <title level="m">The Inscriptions of Roman Tripolitania</title>, <pubPlace>Rome</pubPlace>: <publisher>British
                  School at Rome</publisher>, <date>1952</date>. </bibl>
            </p></sourceDesc></fileDesc><encodingDesc>
<p>Marked-up according to the EpiDoc Guidelines version 5 <xref>http://www.stoa.org/epidoc/gl/5/</xref>
         </p></encodingDesc><profileDesc><langUsage><language id="ar">Arabic</language><language id="en">English</language><language id="fr">French</language><language id="de">German</language><language id="grc">Ancient Greek</language><language id="grc-Latn">Transliterated Greek</language><language id="el">Modern Greek</language><language id="he">Hebrew</language><language id="it">Italian</language><language id="la">Latin</language><language id="phn-LY">Punic</language><language id="ber-Latn">Native Libyan language in Latin script</language></langUsage><textClass/><textClass><keywords><term>
                  <geogName type="ancientRegion" key="Tripolitania">Tripolitania</geogName>
               </term><term>
                  <geogName type="modernCountry" key="LY">Libya</geogName>
               </term><term>
                  <placeName type="modernFindspot" key="http://www.geonames.org/2215692/leptis-magna.html">Leptis Magna</placeName>
               </term></keywords></textClass></profileDesc><revisionDesc>
<change><date>2008-09-09</date><respStmt><name>ZA</name></respStmt><item>converted using CHET-C</item></change>
<change><date>2009-05-19</date><respStmt><name>RV</name></respStmt><item>Added Figures</item></change>
<change><date>2009-08-24</date><respStmt><name>RV</name></respStmt><item>Added Figures</item></change></revisionDesc></teiHeader><text><body>

<div type="description" subtype="monument">
<head>Description of Monument</head>
<p> <rs type="objectType">Architrave</rs> block
               (<rs type="dimensions"><measure unit="metre" type="length" dim="width">1.12</measure>
                  <measure unit="metre" type="length" dim="height">0.55</measure></rs>
                  <measure unit="metre" type="length" dim="depth" precision="circa">0.55</measure>) of compact <rs type="material">grey limestone</rs>,
               with a <rs type="decoration">moulding</rs> along the lower edge and sockets for beams at the back; inscribed on the face, considerably weathered. </p></div>

<div type="description" subtype="text">
<head>Description of Text</head>
<p>Inscribed on the surviving face.</p></div>

<div type="description" subtype="letters">
<head>Description of Letters</head>
<p> First century lapidary capitals: from top of block l. 1, <measure unit="metre" type="length" dim="height">0.04-0.20</measure>;
               I. 2, <measure unit="metre" type="length" dim="height">0.28-0.40</measure>: moulding <measure unit="metre" type="length" dim="height">0.475-0.55</measure>.</p></div>

<div type="description" subtype="date">
<head>Date</head>
<p>
               <date type="textDate" notBefore="0001" notAfter="0101" exact="none">First century A.D. </date>
            (<rs type="criteria">lettering</rs>)</p></div>

<div type="history" subtype="locations">
<head>Locations</head>
<p>
               <rs type="found">
                  <placeName type="ancientFindspot" ref="http://atlantides.org/batlas/neapolis-lepcis-magna-35-g2" key="db653">Lepcis Magna</placeName>:
                  On the sea-shore West of the <rs type="monuList" key="db720">Forum Vetus</rs>, beside the remains of an early Imperial structure. </rs>
            </p>
<p>
               <rs type="origLocation">Unknown</rs>
            </p>
<p>
               <rs type="lastLocation">Findspot</rs>
            </p></div>


<div type="bibliography">
<head>Bibliography</head>
<p><bibl><xptr from="romanelli1925"/><biblScope>134</biblScope></bibl>; 
               <bibl><xptr from="ae"/><biblScope>1926:162</biblScope></bibl></p></div>

<div type="history" subtype="text-constituted-from">
<head>Text constituted from</head>
<p>Transcription (Reynolds, Ward-Perkins)</p></div>

<div type="edition" lang="la">
<head lang="en">Text</head>
<ab>
               <lb n="1"/><gap reason="lost" extent="unknown" unit="character"/>
               <persName type="attested"><name reg="Cornutus" type="cognomen"><supplied reason="lost">C</supplied>ornut</name><gap reason="lost" extent="unknown" unit="character"/></persName>
               <lb n="2"/><gap reason="lost" extent="unknown" unit="character"/><w lemma="templum"><supplied reason="lost">templu</supplied>m</w> 
               <persName type="divine"><name reg="Neptunus" type="cognomen">Neptun<supplied reason="lost">i</supplied></name></persName>
               <gap reason="lost" extent="unknown" unit="character"/>
            </ab></div>

<div type="translation">
   <head>Translation</head><p><gap reason="lost"/> Cornutus <note>case unknown</note> <gap reason="lost"/><supplied reason="lost" cert="low">templ</supplied>e of Neptune <gap reason="lost"/></p></div>

<div type="commentary">
<head>Commentary</head>
<p>No comment.</p></div>

<div type="figure">
<head>Photographs</head>
<p>
<figure href="0368"><figDesc>Ward-Perkins Archive, BSR (BSR 48.X.11)</figDesc></figure></p></div></body></text></TEI.2>
