<?xml version="1.0" encoding="UTF-8"?>
<!DOCTYPE TEI.2 SYSTEM "http://www.stoa.org/epidoc/dtd/6/tei-epidoc.dtd">
<TEI.2 lang="en" id="IRT323"><teiHeader><fileDesc><titleStmt><title><rs type="textType">Dedication</rs> to Augustus by Annobal Rufus </title><editor>J. M. Reynolds</editor><editor>J. B. Ward-Perkins</editor></titleStmt><publicationStmt>
<p>Creative Commons licence Attribution UK 2.0
                  (<xref>http://creativecommons.org/licenses/by/2.0/uk/</xref>). </p>
<p>All reuse or distribution of this work must contain somewhere a link back to the URL
                  <xref>http://irt.kcl.ac.uk/</xref>
            </p></publicationStmt><sourceDesc>
<p>Republished from <bibl id="irt1952">
                  <author>J. M. Reynolds</author> and <author>J. B. Ward-Perkins</author>, <title level="m">The Inscriptions of Roman Tripolitania</title>,
                     <pubPlace>Rome</pubPlace>: <publisher>British School at Rome</publisher>,
                     <date>1952</date>. </bibl>
            </p></sourceDesc></fileDesc><encodingDesc>
<p>Marked-up according to the EpiDoc Guidelines version 5
               <xref>http://www.stoa.org/epidoc/gl/5/</xref>
         </p></encodingDesc><profileDesc><langUsage><language id="ar">Arabic</language><language id="en">English</language><language id="fr">French</language><language id="de">German</language><language id="grc">Ancient Greek</language><language id="grc-Latn">Transliterated Greek</language><language id="el">Modern Greek</language><language id="he">Hebrew</language><language id="it">Italian</language><language id="la">Latin</language><language id="phn-LY">Punic</language><language id="ber-Latn">Native Libyan language in Latin script</language></langUsage><textClass/><textClass><keywords><term>
                  <geogName type="ancientRegion" key="Tripolitania">Tripolitania</geogName>
               </term><term>
                  <geogName type="modernCountry" key="LY">Libya</geogName>
               </term><term>
                  <placeName type="modernFindspot" key="http://www.geonames.org/2215692/leptis-magna.html">Leptis Magna</placeName>
               </term></keywords></textClass></profileDesc><revisionDesc>
<change><date>2008-09-09</date><respStmt><name>ZA</name></respStmt><item>converted using CHET-C</item></change>
<change><date>2009-05-19</date><respStmt><name>RV</name></respStmt><item>Added Figures</item></change>
<change><date>2009-08-24</date><respStmt><name>RV</name></respStmt><item>Added Figures</item></change></revisionDesc></teiHeader><text><body>

<div type="description" subtype="monument">
<head>Description of Monument</head>
<p><rs type="objectType">Lintel</rs> of <rs type="material">grey limestone</rs>, 
               (<rs type="dimensions">
                  <measure unit="metre" type="length" dim="width">4.64</measure>
                  <measure unit="metre" type="length" dim="height">1.03</measure>
                  <measure unit="metre" type="length" dim="depth" from="0.54" to="0.29">0.54-0.29</measure></rs>).
               </p></div>

<div type="description" subtype="text">
<head>Description of Text</head>
<p>Inscribed on one face within a moulded <rs type="decoration">tabella ansata</rs> 
               (die, <rs type="dimensions">
                  <measure unit="metre" type="length" dim="width">4.00</measure>
                  <measure unit="metre" type="length" dim="height">0.64</measure>
               </rs>). Uniform with <xref type="inscription">321</xref> and <xref type="inscription">322</xref>; the text is identical with that of <xref type="inscription">322</xref>.</p></div>

<div type="description" subtype="letters">
<head>Description of Letters</head>
<p>Lapidary capitals: <measure unit="metre" type="length" dim="height" from="0.157" to="0.12">0.157-0.12</measure>.</p></div>

<div type="description" subtype="date">
<head>Date</head>
<p>
               <date type="textDate" notBefore="0001" notAfter="0002" exact="both">A.D. 1-2 </date>
            (<rs type="criteria">reign</rs>, <rs type="criteria">titulature</rs>)</p></div>

<div type="history" subtype="locations">
<head>Locations</head>
<p>
               <rs type="found">
                  <placeName type="ancientFindspot" ref="http://atlantides.org/batlas/neapolis-lepcis-magna-35-g2" key="db653">Lepcis Magna</placeName>: 
                  <rs type="monuList" key="db756">Theatre</rs>,
                  found re-used and now replaced above the street door of the East dressing room.
               </rs>
            </p>
<p>
               <rs type="origLocation">Unknown</rs>
            </p>
<p>
               <rs type="lastLocation">now replaced above the street door of the East dressing room</rs>
            </p></div>



<div type="bibliography">
<head>Bibliography</head>
<p><bibl><author>Caputo</author>, <xptr from="epigraphica"/> <biblScope>II:l99</biblScope>.ff, fig. 16</bibl>.</p></div>

<div type="history" subtype="text-constituted-from">
<head>Text constituted from</head>
<p>Transcription (Reynolds, Ward-Perkins)</p></div>

<div type="edition" lang="la">
<head lang="en">Text</head>
<ab>
               <lb n="1"/>
               <persName type="emperor">
                  <w lemma="imperator">
                     <expan><abbr>Imp</abbr><ex>eratore</ex></expan>
                  </w>
                  <name reg="Caesar" type="cognomen">Caesare</name>
                  <name>Diui</name>
                  <w lemma="filius">
                     <expan><abbr>f</abbr><ex>ilio</ex></expan>
                  </w>
                  <name reg="Augustus" type="cognomen">
                     <expan><abbr>Aug</abbr><ex>usto</ex></expan>
                  </name>
                  <w lemma="pontifex">
                     <expan><abbr>pont</abbr><ex>ifice</ex></expan>
                  </w>
                  <w lemma="magnus">
                     <expan><abbr>max</abbr><ex>imo</ex></expan>
                  </w>
                  <w lemma="tribunicius">
                     <expan><abbr>tr</abbr><ex>ibunicia</ex></expan>
                  </w>
                  <w lemma="potestas">
                     <expan><abbr>pot</abbr><ex>estate</ex></expan>
                  </w>
                  <num value="24">XXIV</num>
                  <lb n="2"/>
                  <w lemma="consul">
                     <expan><abbr>co</abbr><ex>n</ex><abbr>s</abbr><ex>ule</ex></expan>
                  </w>
                  <num value="13">XIII</num>
                  <w lemma="pater">patre</w>
                  <w lemma="patria">
                     <expan><abbr>patr</abbr><ex>iae</ex></expan>
                  </w>
               </persName>
               <lb n="3"/>
               <persName type="attested">
                  <name reg="Annobal" type="cognomen">Annobal</name>
                  <w lemma="ornator">ornator</w>
                  <w lemma="patria">patriae</w>
                  <w lemma="amator">amator</w>
                  <w lemma="concordia">concordiae</w>
                  <w lemma="flamen">flamen</w>
                  <lb n="4"/>
                  <w lemma="sufes">sufes</w>
                  <w lemma="praefectus">
                     <expan><abbr>praef</abbr><ex>ectus</ex></expan>
                  </w>
                  <w lemma="sacer">
                     <expan><abbr>sacr</abbr><ex>orum</ex></expan>
                  </w>
                  <persName type="attested">
                     <name reg="Himilcho" type="cognomen">Himilchonis</name>
                     <name reg="Tapapius" type="cognomen">Tapapi</name>
                  </persName>
                  <w lemma="filius">
                     <supplied reason="lost"><expan><abbr>f</abbr><ex>ilius</ex></expan></supplied>
                  </w>
                  <name reg="Rufus" type="cognomen">Rufu<supplied reason="lost">s</supplied></name></persName>
               <w lemma="de">
                  <expan><abbr>d</abbr><ex>e</ex></expan>
               </w>
               <w lemma="suus">
                  <expan><abbr>s</abbr><ex>ua</ex></expan>
               </w>
               <w lemma="pecunia">
                  <expan><abbr>p</abbr><ex>ecunia</ex></expan>
               </w>
               <w lemma="facio">
                  <expan><abbr>fac</abbr><ex>iendum</ex></expan>
               </w>
               <w lemma="coepio">
                  <expan><abbr>coer</abbr><ex>auit</ex></expan>
               </w>
               <w lemma="idem">
                  <expan><abbr>idemq</abbr><ex>ue</ex></expan>
               </w>
               <w lemma="dedico">dedicauit</w>
            </ab></div>



   <div type="translation">
      <head>Translation</head>
      <p>When Emperor Caesar Augustus, son of the deified <supplied reason="subaudible">Caesar</supplied>, chief priest, <supplied reason="subaudible">was</supplied> holding tribunician power for the twentyfourth time, consul for the thirteenth, father of the country, Annobal, adorner of his country, lover of concord, flamen <note>local priest</note>, sufete, in charged of sacred things, son of Himilcho Tapapius Rufus, saw to the construction at his own expense and also dedicated it. </p></div>
   
<div type="commentary">
<head>Commentary</head>
<p>l. 1. trib. pot. XXIV - 1 July A.D. 1 - 30 June 2. </p>
<p>l. 4. Annobal Tapapius Rufus. See <xref type="inscription">319</xref> , n. 8.</p></div>

<div type="figure">
<head>Photographs</head>
<p>
<figure href="0398"><figDesc>Ward-Perkins Archive, BSR (Sopr. DLM 270 Lastre)</figDesc></figure></p></div></body></text></TEI.2>
