<?xml version="1.0" encoding="UTF-8"?>
<!DOCTYPE TEI.2 SYSTEM "http://www.stoa.org/epidoc/dtd/6/tei-epidoc.dtd">
<TEI.2 lang="en" id="IRT319"><teiHeader><fileDesc><titleStmt><title><rs type="textType">Building</rs> <rs type="textType">dedication</rs> of the Market to Augustus</title><editor>J. M. Reynolds</editor><editor>J. B. Ward-Perkins</editor></titleStmt><publicationStmt>
<p>Creative Commons licence Attribution UK 2.0 (<xref>http://creativecommons.org/licenses/by/2.0/uk/</xref>). </p>
<p>All reuse or distribution of this work must contain somewhere a link back to the URL <xref>http://irt.kcl.ac.uk/</xref>
            </p></publicationStmt><sourceDesc>
<p>Republished from <bibl id="irt1952">
                  <author>J. M. Reynolds</author> and <author>J. B. Ward-Perkins</author>, <title level="m">The Inscriptions of Roman Tripolitania</title>, <pubPlace>Rome</pubPlace>: <publisher>British
                  School at Rome</publisher>, <date>1952</date>. </bibl>
            </p></sourceDesc></fileDesc><encodingDesc>
<p>Marked-up according to the EpiDoc Guidelines version 5 <xref>http://www.stoa.org/epidoc/gl/5/</xref>
         </p></encodingDesc><profileDesc><langUsage><language id="ar">Arabic</language><language id="en">English</language><language id="fr">French</language><language id="de">German</language><language id="grc">Ancient Greek</language><language id="grc-Latn">Transliterated Greek</language><language id="el">Modern Greek</language><language id="he">Hebrew</language><language id="it">Italian</language><language id="la">Latin</language><language id="phn-LY">Punic</language><language id="ber-Latn">Native Libyan language in Latin script</language></langUsage><textClass/><textClass><keywords><term>
                  <geogName type="ancientRegion" key="Tripolitania">Tripolitania</geogName>
               </term><term>
                  <geogName type="modernCountry" key="LY">Libya</geogName>
               </term><term>
                  <placeName type="modernFindspot" key="http://www.geonames.org/2215692/leptis-magna.html">Leptis Magna</placeName>
               </term></keywords></textClass></profileDesc><revisionDesc>
<change><date>2008-09-09</date><respStmt><name>ZA</name></respStmt><item>converted using CHET-C</item></change>
<change><date>2009-05-19</date><respStmt><name>RV</name></respStmt><item>Added Figures</item></change>
<change><date>2009-08-24</date><respStmt><name>RV</name></respStmt><item>Added Figures</item></change></revisionDesc></teiHeader><text><body>

<div type="description" subtype="monument">
<head>Description of Monument</head>
<p> Thirty-one <rs type="objectType">block</rs>s of <rs type="material">sandstone</rs> 
               (width varying <rs type="dimensions"><measure unit="metre" type="length" dim="width">0.50</measure><measure unit="metre" type="length" dim="height">0.52</measure></rs>), originally <rs type="decoration">stuccoed</rs>.
               The blocks were in most cases found plastered over.
               </p></div>

<div type="description" subtype="text">
<head>Description of Text</head>
<p>Inscribed on one face with a monumental inscription.
               a) Single line over the original Augustan south doorway:
               b) l. 1, in continuation of a)
               c) l. 2, underneath b)</p></div>

<div type="description" subtype="letters">
<head>Description of Letters</head>
<p>Lapidary capitals: av. <measure unit="metre" type="length" dim="height">0.15</measure>.</p></div>

<div type="description" subtype="date">
<head>Date</head>
<p>
               <date type="textDate" value="-0008" precision="exact">8 B.C.</date>
            (<rs type="criteria">reign</rs>, <rs type="criteria">titulature</rs>)</p></div>

<div type="history" subtype="locations">
<head>Locations</head>
<p>
               <rs type="found">
                  <placeName type="ancientFindspot" ref="http://atlantides.org/batlas/neapolis-lepcis-magna-35-g2" key="db653">Lepcis Magna</placeName>:  
                  <rs type="monuList" key="db729">Punic Market</rs>. It had fallen from the South West precinct wall of the market but has now been replaced.</rs>
            </p>
<p>
               <rs type="origLocation">Unknown</rs>
            </p>
<p>
               <rs type="lastLocation">Findspot.</rs>
            </p></div>


<div type="bibliography">
<head>Bibliography</head>
<p><bibl id="goodchild1950"><author>Goodchild</author>, <xptr from="pbsr"/>, <biblScope>XVIII:72- 77</biblScope></bibl>.</p></div>

<div type="history" subtype="text-constituted-from">
<head>Text constituted from</head>
<p>Transcription (Reynolds, Ward-Perkins)</p></div>

<div type="edition" lang="la">
<head lang="en">Text</head>

<div type="textpart" n="a">
<ab>
                  <lb n="1"/><persName type="emperor"><w lemma="imperator"><supplied reason="lost"><expan><abbr>Imp</abbr><ex>erator</ex></expan></supplied></w> 
                  <name reg="Caesar" type="cognomen"><supplied reason="lost">Caesar</supplied></name> 
                     <persName type="emperor"><name><supplied reason="lost">Diui</supplied></name></persName>
                  <name><supplied reason="lost"><expan><abbr>f</abbr><ex>ilius</ex></expan></supplied></name> 
                     <name reg="Augustus" type="cognomen"><supplied reason="lost">Augustus</supplied></name></persName>
                  <w lemma="consul"><expan><abbr>co</abbr><ex>n</ex><abbr>s</abbr><ex>ul</ex></expan></w> <num value="11">XI</num> 
                  <w lemma="imperator"><expan><abbr>imp</abbr><ex>erator</ex></expan></w> <num value="14">XIIII</num> 
                  <w lemma="tribunicius"><expan><abbr>trib</abbr><ex>unicia</ex></expan></w> 
                  <w lemma="potestas"><expan><abbr>pot</abbr><ex>estate</ex></expan></w> <num value="15">XV</num> 
                  <w lemma="pontifex"><expan><abbr>pont</abbr><ex>ifex</ex></expan></w> <w lemma="magnus">m<supplied reason="lost">axi</supplied>mus</w>
               </ab></div>

<div type="textpart" n="b">
<ab>
                  <lb n="1"/><persName type="attested"><name reg="Marcus" type="praenomen"><expan><abbr>M</abbr><ex>arco</ex></expan></name> <name reg="Licinius" type="gentilicium">Licinio</name> <name reg="Marcus" type="praenomen"><expan><abbr>M</abbr><ex>arci</ex></expan></name> 
                  <w lemma="filius"><expan><abbr>f</abbr><ex>ilio</ex></expan></w> <name reg="Crassus" type="cognomen">Crasso</name> <name reg="Frugi" type="cognomen">Frugi</name></persName> 
                  <w lemma="consul"><expan><abbr>co</abbr><ex>n</ex><abbr>s</abbr><ex>ule</ex></expan></w> <w lemma="augur">augure</w> 
                  <w lemma="proconsul"><expan><abbr>proco</abbr><ex>n</ex><abbr>s</abbr><ex>ule</ex></expan></w> <w lemma="patronus">patrono</w> 
                  <w lemma="flamen"><expan><abbr>flaminib</abbr><ex>us</ex></expan></w> 
                  <persName type="emperor"><name reg="Augustus" type="cognomen"><expan><abbr>August</abbr><ex>i</ex></expan></name> <name reg="Caesar" type="cognomen">Caesaris</name></persName> <persName type="attested"><name reg="Iddibal" type="cognomen">Iddib<supplied reason="lost">a</supplied>le</name> <name reg="Aris" type="cognomen">Arinis</name> 
                  <w lemma="filius"><expan><abbr>f</abbr><ex>ilio</ex></expan></w></persName>
                  <gap reason="lost" extent="3" unit="character" extentmax="4"/><w part="F">one</w> 
                  <w lemma="et"><supplied reason="lost">et</supplied></w><gap reason="lost" extent="unknown" unit="character"/>
                  <persName type="attested"><name reg="Annobal" type="cognomen"><supplied reason="lost">A</supplied>nnobalis</name> 
                  <w lemma="filius"><supplied reason="lost"><expan><abbr>f</abbr><ex>ilio</ex></expan></supplied></w></persName>
                  <gap reason="lost" unit="character" extent="3" extentmax="4"/><w part="M">on</w><gap reason="lost" extent="1" unit="character" extentmax="2"/>
                  <w lemma="sufes"><expan><abbr><supplied reason="lost">su</supplied>fetib</abbr><ex>us</ex></expan></w> 
                  <persName type="attested"><name reg="Muttun" type="cognomen">M<supplied reason="lost">uttun</supplied></name> <persName type="attested"><name reg="Anno" type="cognomen"><supplied reason="lost">Annonis</supplied></name></persName> <w lemma="filius"><supplied reason="lost"><expan><abbr>f</abbr><ex>ilio</ex></expan></supplied></w></persName>
                  <gap reason="lost" extent="unknown" unit="character"/>
               </ab></div>

<div type="textpart" n="c">
<ab>
                  <lb n="1"/><persName type="attested"><name reg="Annobal" type="cognomen">Annobal</name> <persName type="attested"><name type="cognomen" reg="Himilcho"><subst><del rend="erasure">Imilchonis</del><add place="overstrike">Himilcho</add></subst></name></persName> 
                  <w lemma="filius"><expan><abbr>f</abbr><ex>ilius</ex></expan></w> <name reg="Tapapius" type="cognomen">Tapapius</name> <name reg="Rufus" type="cognomen">Rufus</name></persName> <w lemma="sufes">sufes</w> <w lemma="flamen">flamen</w> <w lemma="praefectus">praefectus</w> <w lemma="sacer">sacrorum</w> 
                  <w lemma="de">de</w> <w lemma="suus">sua</w> <w lemma="pecunia">pequ<supplied reason="lost">nia</supplied></w> 
                  <w lemma="facio">faciun<supplied reason="lost">dum</supplied></w> <w lemma="coepio"><supplied reason="lost">coe</supplied>rauit</w> <w lemma="idem">idem<supplied reason="lost">que</supplied></w> 
                  <w lemma="dedico">de<supplied reason="lost">d</supplied>icauit</w>
               </ab></div></div>

<div type="apparatus">
<head>Apparatus</head>
<p>
               <app loc="b 1"><lem>M<supplied reason="lost">uttun Annonis <expan><abbr>f</abbr><ex>ilio</ex></expan></supplied></lem><note> The initial M, after sufetib(us), is all that survives of the name of the first sufes. Muttun son of Hanno, recorded in the Neo-Punic text. The name of the second sufes is lost in both texts </note></app>
            </p>
<p>
               <app loc="c 1"><note> The letters HIMILCHO are cut over the first eight letters of IMILCHONIS. The remaining letters were presumably plastered over at the time of this correction. </note></app>
            </p></div>

<div type="translation">
<head>Translation</head>
   <p>a. Emperor Caesar Augustus, son of deified <supplied reason="subaudible">Caesar</supplied>, consul for the eleventh time, acclaimed victor fourteen times, holding tribunician power for the fifteenth time, chief priest.  </p><p>b. When Marcus Licinius Crassus  Frugi, son of Marcus, consul, augur, was proconsul and patron and the flamines of Augustus Caesar were Iddibal <gap reason="lost"/>on son of Arin and <gap reason="lost"/> son of Annobal <gap reason="lost"/>, and the sufetes were Muttur son of Anno<supplied reason="lost">and</supplied><gap reason="lost"/> </p><p><note>c. </note> Annobal Tapapius Rufus son of Imilcho <note>corrected to Himilcho</note>, sufete, flamen <note>local priest</note>, prefect in charge of  sacred things, saw to its construction and also dedicated it. </p></div>

<div type="commentary">
<head>Commentary</head>
<p>The text is clearly the Latin version of NeoPunic 27, also found in the Market.
               The Latin follows the Neo- Punic word for word, omitting only the phrase &lt;&lt; son of Arim &gt;&gt; after praefectus sacrorum in l. 2. 
               The name of the proconsul is lost in the Neo- Punic text.</p>
<p>a) l. 1. imp. XIII - 8 B.C.. </p>
<p>a) l. 1. trib. pot. XV - 1 July 9 B.C. - 30 June 8 B.C..  </p>
<p>b) l. 1.  M. Licinius Crassus Frugi - cos. 14 B.C. = <title level="m">PW</title> XIII. 285, 59 where the cognomen Frugi is rejected for him. 
            He was not previously known to have been procos. Africae. </p>
<p>b) l. 1. The name of the second flamen, lost in the Latin text, appears as Abdmelqart in the Neo-Punic. </p>
<p>c) l. 1. For Annobal Tapapius Rufus. s. of Himilcho Tapapius. see also  <xref type="inscription">321</xref>, <xref type="inscription">322</xref> and <xref type="inscription">323</xref> . Other recorded members of this wealthy local family (Tabahpi, latinized as Tapapii or Tapafli) are:
               a) Bodmelqart ben Bodmelqart Tabahpi Griq.1 (Graeculus ?) from the door(s) of the Tiberian. Temple of Rome and Augustus in the Forum Vetus. <xref type="inscription">Neo- Punic 28</xref>.
               b) Iddibal Magonis f. Tapapius, <xref type="inscription">273</xref> (A.D. 42- 3),
               c) Ithymbal Arinis f. Sabinus Tapapius. <xref type="inscription">341</xref> (A.D. 61- 2); also in <xref type="inscription">Neo- Punic 29</xref> (not dated). and probably in <xref type="inscription">Neo- Punic 33</xref> (not dated).
               d) Abdemelqart Tabahpi, <xref type="inscription">Neo- Punic 12</xref>, 1. (not dated). 
               [e) ...] Arinis f. Tapafius Diodorus Nizaz. <xref type="inscription">745</xref> (not dated). </p></div>

<div type="figure">
<head>Photographs</head>
<p>
<figure href="0386"><figDesc>Ward-Perkins Archive, BSR (Sopr. DLM 299 Lastre)</figDesc></figure>
<figure href="0387"><figDesc>Ward-Perkins Archive, BSR (Sopr. DLM 298 Lastre)</figDesc></figure>
<figure href="0388"><figDesc>Ward-Perkins Archive, BSR (BSR 47.XI.24)</figDesc></figure>
<figure href="0389"><figDesc>Ward-Perkins Archive, BSR (Sopr. DLM 1515)</figDesc></figure>
<figure href="0390"><figDesc>Ward-Perkins Archive, BSR (Sopr. DLM 1516)</figDesc></figure>
<figure href="0391"><figDesc>Ward-Perkins Archive, BSR (BSR 47.X.34)</figDesc></figure>
<figure href="0392"><figDesc>Ward-Perkins Archive, BSR (BSR 47.XI.23)</figDesc></figure></p></div></body></text></TEI.2>
