<?xml version="1.0" encoding="UTF-8"?>
<!DOCTYPE TEI.2 SYSTEM "http://www.stoa.org/epidoc/dtd/6/tei-epidoc.dtd">
<TEI.2 lang="en" id="IRT332"><teiHeader><fileDesc><titleStmt><title>Fragmentary <rs type="textType">building</rs> <rs type="textType">dedication</rs> to Tiberius </title><editor>J. M. Reynolds</editor><editor>J. B. Ward-Perkins</editor></titleStmt><publicationStmt>
<p>Creative Commons licence Attribution UK 2.0 (<xref>http://creativecommons.org/licenses/by/2.0/uk/</xref>). </p>
<p>All reuse or distribution of this work must contain somewhere a link back to the URL <xref>http://irt.kcl.ac.uk/</xref>
            </p></publicationStmt><sourceDesc>
<p>Republished from <bibl id="irt1952">
                  <author>J. M. Reynolds</author> and <author>J. B. Ward-Perkins</author>, <title level="m">The Inscriptions of Roman Tripolitania</title>, <pubPlace>Rome</pubPlace>: <publisher>British
                  School at Rome</publisher>, <date>1952</date>. </bibl>
            </p></sourceDesc></fileDesc><encodingDesc>
<p>Marked-up according to the EpiDoc Guidelines version 5 <xref>http://www.stoa.org/epidoc/gl/5/</xref>
         </p></encodingDesc><profileDesc><langUsage><language id="ar">Arabic</language><language id="en">English</language><language id="fr">French</language><language id="de">German</language><language id="grc">Ancient Greek</language><language id="grc-Latn">Transliterated Greek</language><language id="el">Modern Greek</language><language id="he">Hebrew</language><language id="it">Italian</language><language id="la">Latin</language><language id="phn-LY">Punic</language><language id="ber-Latn">Native Libyan language in Latin script</language></langUsage><textClass/><textClass><keywords><term>
                  <geogName type="ancientRegion" key="Tripolitania">Tripolitania</geogName>
               </term><term>
                  <geogName type="modernCountry" key="LY">Libya</geogName>
               </term><term>
                  <placeName type="modernFindspot" key="http://www.geonames.org/2215692/leptis-magna.html">Leptis Magna</placeName>
               </term></keywords></textClass></profileDesc><revisionDesc>
<change><date>2008-09-09</date><respStmt><name>ZA</name></respStmt><item>converted using CHET-C</item></change>
<change><date>2009-05-19</date><respStmt><name>RV</name></respStmt><item>Added Figures</item></change>
<change><date>2009-08-24</date><respStmt><name>RV</name></respStmt><item>Added Figures</item></change></revisionDesc></teiHeader><text><body>

<div type="description" subtype="monument">
<head>Description of Monument</head>
<p>Eleven <rs type="objectType">block</rs>s of compact <rs type="material">grey limestone</rs>, the successive courses of a monumental inscription. 
               a) Eight blocks, total length: <measure unit="metre" type="length" dim="height">7.64</measure>.
               b) Three blocks, total length: <measure unit="metre" type="length" dim="height">2.67</measure>.</p></div>

<div type="description" subtype="text">
<head>Description of Text</head>
<p>Inscribed on the surviving faces.</p></div>

<div type="description" subtype="letters">
<head>Description of Letters</head>
<p>Lapidary capitals.</p>
<p>a) Lettering from top of block: l. 1, <measure unit="metre" type="length" dim="height" from="0.07" to="0.22">0.07-0.22</measure>; 
               I. 2, <measure unit="metre" type="length" dim="height" from="0.28" to="0.41">0.28-0.41</measure>; to bottom, <measure unit="metre" type="length" dim="height">0.48</measure>.</p>
<p>b) Lettering: from top of block: l. 1 (decapitated) <measure unit="metre" type="length" dim="height">0.13</measure>; 
               l. 2, <measure unit="metre" type="length" dim="height" from="0.19" to="0.31">0.19-0.31</measure>; to bottom, <measure unit="metre" type="length" dim="height">0.33</measure>.</p></div>

<div type="description" subtype="date">
<head>Date</head>
<p>
               <date type="textDate" notBefore="0031" notAfter="0037" exact="both">A.D. 31-37</date>
            (<rs type="criteria">titulature</rs>)</p></div>

<div type="history" subtype="locations">
<head>Locations</head>
<p>
               <rs type="found">
                  <placeName type="ancientFindspot" ref="http://atlantides.org/batlas/neapolis-lepcis-magna-35-g2" key="db653">Lepcis Magna</placeName>:
                  <rs type="monuList" key="db729">Punic Market</rs>.  Found re-used in the stylobate of the north-eastern colonnade of the surrounding portico and now reconstituted nearby.</rs>
            </p>
<p>
               <rs type="origLocation">Unknown</rs>
            </p>
<p>
               <rs type="lastLocation">Reconstituted near the surrounding portico of the Market.</rs>
            </p></div>


<div type="bibliography">
<head>Bibliography</head>
<p>Not previously published.</p></div>

<div type="history" subtype="text-constituted-from">
<head>Text constituted from</head>
<p>Transcription (Reynolds, Ward-Perkins)</p></div>

<div type="edition" lang="la">
<head lang="en">Text</head>

<div type="textpart" subtype="section" n="a">
<ab>
                  <lb n="1"/><persName type="emperor"><name reg="Tiberius" type="praenomen"><expan><abbr>Ti</abbr><ex>berio</ex></expan></name> <name reg="Caesar" type="cognomen">Caesari</name> 
                     <persName type="emperor"><w lemma="diuus">diui</w> <name reg="Augustus" type="cognomen"><expan><abbr>Aug</abbr><ex>usti</ex></expan></name></persName> 
                  <w lemma="filius"><expan><abbr>f</abbr><ex>ilio</ex></expan></w> <name reg="Augustus" type="cognomen">Augusto</name> 
                     <persName type="emperor"><w lemma="diuus">d<supplied reason="lost">i</supplied>ui</w> <name reg="Iulius" type="gentilicium">Iuli</name></persName> 
                  <w lemma="nepos"><supplied reason="lost">nepo</supplied>ti</w> <name reg="Augustus" type="cognomen">Augus<supplied reason="lost">to</supplied></name></persName>
                  <w lemma="pontifex"><expan><abbr><supplied reason="lost">p</supplied>ont</abbr><ex>ifici</ex></expan></w> 
                  <w lemma="magnus"><expan><abbr>max</abbr><supplied reason="lost"><ex>imo</ex></supplied></expan></w> 
                  <w lemma="consul"><supplied reason="lost"><expan><abbr>co</abbr><ex>n</ex><abbr>s</abbr><ex>uli</ex></expan></supplied></w> <num value="5">V</num>
                  <lb n="2"/><w lemma="imperator"><expan><abbr>imp</abbr><ex>eratori</ex></expan></w> <num value="8">VIII</num> 
                  <w lemma="tribunicius"><supplied reason="lost">tribu</supplied>nicia</w> <w lemma="potestas">p<supplied reason="lost">otestate</supplied></w> <num value="30">XXX</num>
                  <gap reason="lost" extent="unknown" unit="character"/>
               </ab></div>

<div type="textpart" subtype="section" n="b">
<ab>
                  <lb n="1"/><gap reason="lost" extent="unknown" unit="character"/> 
                  <w lemma="proconsul"><expan><abbr>proco</abbr><ex>n</ex><abbr>s</abbr><ex>ul</ex></expan></w> 
                  <gap reason="lost" extent="unknown" unit="character"/> 
                  <w lemma="patronus">patronus</w> <w part="I">fac<supplied reason="lost">iend</supplied></w>
                  <gap reason="lost" extent="unknown" unit="character"/>
                  <lb n="2"/><gap reason="lost" extent="unknown" unit="character"/> <w lemma="dedico">dedicauit</w>
               </ab></div></div>


   <div type="translation">
      <head>Translation</head><p><note> a.</note>To Tiberius Caesar Augustus, son of the deified Augustus, grandson of deified Julius, chief priest, consul <supplied reason="lost">for the fifth time</supplied>, acclaimed victor for the eighth, holding tribunician power for the thirty-seventh, <gap reason="lost"/></p><p>b. <gap reason="lost"/>proconsul<gap reason="lost"/> patron <supplied reason="lost">saw to it</supplied><gap reason="lost"/><gap reason="lost"/></p></div>
   
<div type="commentary">
<head>Commentary</head>
<p>a) l. 1. cos. V - from 1 Jan. 31. </p></div>

<div type="figure">
<head>Photographs</head>
<p>
<figure href="0413"><figDesc>Ward-Perkins Archive, BSR (Sopr. CLM 325)</figDesc></figure></p></div></body></text></TEI.2>
