<?xml version="1.0" encoding="UTF-8"?>
<!DOCTYPE TEI.2 SYSTEM "http://www.stoa.org/epidoc/dtd/6/tei-epidoc.dtd">
<TEI.2 lang="en" id="IRT310"><teiHeader><fileDesc><titleStmt><title>Fragmentary <rs type="textType">dedication</rs> to Sarapis </title><editor>J. M. Reynolds</editor><editor>J. B. Ward-Perkins</editor></titleStmt><publicationStmt>
<p>Creative Commons licence Attribution UK 2.0
                  (<xref>http://creativecommons.org/licenses/by/2.0/uk/</xref>). </p>
<p>All reuse or distribution of this work must contain somewhere a link back to the URL
                  <xref>http://irt.kcl.ac.uk/</xref>
            </p></publicationStmt><sourceDesc>
<p>Republished from <bibl id="irt1952">
                  <author>J. M. Reynolds</author> and <author>J. B. Ward-Perkins</author>, <title level="m">The Inscriptions of Roman Tripolitania</title>,
                  <pubPlace>Rome</pubPlace>: <publisher>British School at Rome</publisher>,
                     <date>1952</date></bibl>; with addenda from <bibl id="reynolds1955"><author>J. M. Reynolds</author>, <title level="a">Inscriptions of Roman Tripolitania: A Supplement</title>, <title level="j">Proceedings of the British School at Rome</title> <biblScope type="volume">23</biblScope> (<date>1955</date>), <biblScope type="pages">124-147</biblScope></bibl>.</p></sourceDesc></fileDesc><encodingDesc>
<p>Marked-up according to the EpiDoc Guidelines version 5
               <xref>http://www.stoa.org/epidoc/gl/5/</xref>
         </p></encodingDesc><profileDesc><langUsage><language id="ar">Arabic</language><language id="en">English</language><language id="fr">French</language><language id="de">German</language><language id="grc">Ancient Greek</language><language id="grc-Latn">Transliterated Greek</language><language id="el">Modern Greek</language><language id="he">Hebrew</language><language id="it">Italian</language><language id="la">Latin</language><language id="phn-LY">Punic</language><language id="ber-Latn">Native Libyan language in Latin script</language></langUsage><textClass/><textClass><keywords><term>
                  <geogName type="ancientRegion" key="Tripolitania">Tripolitania</geogName>
               </term><term>
                  <geogName type="modernCountry" key="LY">Libya</geogName>
               </term><term>
                  <placeName type="modernFindspot" key="http://www.geonames.org/2215692/leptis-magna.html">Leptis Magna</placeName>
               </term></keywords></textClass></profileDesc><revisionDesc>
<change><date>2008-09-09</date><respStmt><name>ZA</name></respStmt><item>converted using CHET-C</item></change>
<change><date>2009-05-19</date><respStmt><name>RV</name></respStmt><item>Added Figures</item></change>
<change><date>2009-08-24</date><respStmt><name>RV</name></respStmt><item>Added Figures</item></change></revisionDesc></teiHeader><text><body>

<div type="description" subtype="monument">
<head>Description of Monument</head>
<p><rs type="material">Marble</rs> <rs type="objectType">base</rs> 
               (<rs type="dimensions"><measure unit="metre" type="length" dim="width">0.31</measure><measure unit="metre" type="length" dim="height">0.315</measure><measure unit="metre" type="length" dim="depth">0.045</measure></rs>) in the form of a low table, bevelled below, with a
               <rs type="decoration">circular, grooved recess</rs> in the centre of the upper face; inscribed consecutively on
               the front and on the right- hand edge, and separately on the left-hand edge.</p></div>

<div type="description" subtype="text">
<head>Description of Text</head>
<p>Inscribed on the surviving faces.</p></div>

<div type="description" subtype="letters">
<head>Description of Letters</head>
<p>Lettering <measure unit="metre" type="length" dim="height">0.013</measure>:</p></div>

<div type="description" subtype="date">
<head>Date</head>
<p>
               <date type="textDate">Unknown</date>
            </p></div>

<div type="history" subtype="locations">
<head>Locations</head>
<p>
               <rs type="found">
                  <placeName type="ancientFindspot" ref="http://atlantides.org/batlas/neapolis-lepcis-magna-35-g2" key="db653">Lepcis Magna</placeName>: Findspot unrecorded</rs>
            </p>
<p>
               <rs type="origLocation">Unknown</rs>
            </p>
<p>
               <rs type="lastLocation">Findspot</rs>
            </p></div>


<div type="bibliography">
<head>Bibliography</head>
<p><bibl id="robert1953"><author>L. <name>Robert</name></author>, <title level="j">Rev. Et. Gr.</title>, LXVI (1953) 203-4.</bibl></p></div>

<div type="history" subtype="text-constituted-from">
<head>Text constituted from</head>
<p>Transcription (Reynolds, Ward-Perkins)</p></div>

<div type="edition" lang="grc">
<head lang="en">Text</head>

<div type="textpart" subtype="section" n="a">

<div type="textpart"><note> On front edge, continued on to the right-hand edge: </note>
<ab>
                     <lb n="1"/><persName type="divine"><name reg="Iuppiter">Διὶ</name> <w lemma="μέγας">μεγάλῳ</w>
                        <name reg="Sarapis">Σαράπιδι</name></persName>
                     <persName type="attested"><name reg="Πόπλιος"><expan><abbr>Π</abbr><ex>όπλιος</ex></expan></name>
                     <name reg="Servius" type="gentilicium"><expan><abbr>Σέρ</abbr><ex>ουιος</ex></expan></name>
                     <name type="cognomen"><seg part="I"><orig>η</orig></seg><gap reason="lost" extent="4" unit="line" extentmax="5"/></name></persName><w part="F">οχοος</w> </ab></div>

<div type="textpart"><note>On front bevel:</note>
<ab>
                     <lb n="2"/><w lemma="ἀπό">ἀπὸ</w> <w lemma="κοινωνία">κοινωνίας</w> <w lemma="εὐχή">εὐχὴν</w>
                     <w lemma="ἀνατίθημι"><expan><abbr>ἀ</abbr><ex>νέθηκε</ex></expan></w>
                     <w lemma="καί"><expan><abbr>κ</abbr><ex>αὶ</ex></expan></w> <w lemma="ἀποδίδωμι">ἀποδω</w>
                  </ab></div></div>

<div type="textpart" subtype="section" n="b"><note>On left-hand edge </note>
<ab>
                  <lb n="1"/><w part="F">τύχους</w> <w lemma="σύν">σὺν</w> <w lemma="λύχνος">λύχνοις</w> <w lemma="δύο">δυσί</w> </ab></div></div>

<div type="apparatus">
<head>Apparatus</head>
<p>
               <app loc="a 1"><rdg resp="robert1953">ΣΕΡΗ might be taken together giving, e.g., Σερή<supplied reason="lost">νιος χρυσ</supplied>οχόος</rdg><note>.  There is in fact a stop after ΣΕΡ so that H must be the first letter of the
                     cognomen. The number of letters (4 or 5) given (in 1952) as missing between H and
                     ΟΧΟΟΣ was calculated without allowing for the possibility of ligatures, which
                     are fairly freely used in this inscription: it could in fact be 7 or 8. Even so
                     the cognomen must have been a short one, if space must be allowed for ΧΡΥΣ as well. </note></app>
            </p>
<p>
               
               <app loc="a 2"><lem>ἀποδω</lem><note>Perhaps for <foreign lang="grc">ἀπέδωκεν</foreign> or <foreign lang="grc">ἀποδίδωσι</foreign>. </note></app>
            </p>
<p>
               <app loc="b 1"><rdg resp="robert1953"><supplied reason="lost">τοὺς (or τὰς) διπ (or
                     τριπ)</supplied> τύχους</rdg><note>. The stone is chipped before ΤΥΧΟΥΣ. It would be just possible to fit in two letters here - perhaps, but with difficulty, three; but not more. There is no room for another line.</note></app>
            </p></div>

<div type="translation">
<head>Translation</head>
   <p><note>a</note> To Zeus the great god Sarapis; Publius Servius <gap reason="lost"/>ochoos dedicated and <supplied reason="subaudible">set up</supplied> his offering from the ?common stock .</p><p><note>b</note>. . . ?with two lamps.</p></div>

<div type="commentary">
<head>Commentary</head>
<p>No comment.</p></div>

<div type="figure">
<head>Photographs</head>
<p>
<figure href="0373"><figDesc>Ward-Perkins Archive, BSR (BSR 48.XIII.30)</figDesc></figure>
<figure href="0374"><figDesc>Ward-Perkins Archive, BSR (BSR 48.XXIV.31)</figDesc></figure>
<figure href="0375"><figDesc>Ward-Perkins Archive, BSR (BSR 48.XIII.29)</figDesc></figure></p></div></body></text></TEI.2>
