<?xml version="1.0" encoding="UTF-8"?>
<!DOCTYPE TEI.2 SYSTEM "http://www.stoa.org/epidoc/dtd/6/tei-epidoc.dtd">
<TEI.2 lang="en" id="IRT334"><teiHeader><fileDesc><titleStmt><title><rs type="textType">Dedication</rs> to Germanicus</title><editor>J. M. Reynolds</editor><editor>J. B. Ward-Perkins</editor></titleStmt><publicationStmt>
<p>Creative Commons licence Attribution UK 2.0 (<xref>http://creativecommons.org/licenses/by/2.0/uk/</xref>). </p>
<p>All reuse or distribution of this work must contain somewhere a link back to the URL <xref>http://irt.kcl.ac.uk/</xref>
            </p></publicationStmt><sourceDesc>
<p>Republished from <bibl id="irt1952">
                  <author>J. M. Reynolds</author> and <author>J. B. Ward-Perkins</author>, <title level="m">The Inscriptions of Roman Tripolitania</title>, <pubPlace>Rome</pubPlace>: <publisher>British
                  School at Rome</publisher>, <date>1952</date>. </bibl>
            </p></sourceDesc></fileDesc><encodingDesc>
<p>Marked-up according to the EpiDoc Guidelines version 5 <xref>http://www.stoa.org/epidoc/gl/5/</xref>
         </p></encodingDesc><profileDesc><langUsage><language id="ar">Arabic</language><language id="en">English</language><language id="fr">French</language><language id="de">German</language><language id="grc">Ancient Greek</language><language id="grc-Latn">Transliterated Greek</language><language id="el">Modern Greek</language><language id="he">Hebrew</language><language id="it">Italian</language><language id="la">Latin</language><language id="phn-LY">Punic</language><language id="ber-Latn">Native Libyan language in Latin script</language></langUsage><textClass/><textClass><keywords><term>
                  <geogName type="ancientRegion" key="Tripolitania">Tripolitania</geogName>
               </term><term>
                  <geogName type="modernCountry" key="LY">Libya</geogName>
               </term><term>
                  <placeName type="modernFindspot" key="http://www.geonames.org/2215692/leptis-magna.html">Leptis Magna</placeName>
               </term></keywords></textClass></profileDesc><revisionDesc>
<change><date>2008-09-09</date><respStmt><name>ZA</name></respStmt><item>converted using CHET-C</item></change>
<change><date>2009-05-19</date><respStmt><name>RV</name></respStmt><item>Added Figures</item></change>
<change><date>2009-08-24</date><respStmt><name>RV</name></respStmt><item>Added Figures</item></change></revisionDesc></teiHeader><text><body>

<div type="description" subtype="monument">
<head>Description of Monument</head>
<p>Seven damaged <rs type="objectType">block</rs>s of <rs type="material">grey limestone</rs>, with mouldings top and bottom, 
               one of them an angle-block with <rs type="decoration">mouldings</rs> continued on the left-hand face also 
               (lengths varying × <measure unit="metre" type="length" dim="height">0.51</measure>);
               part of a low rectangular base with <rs type="decoration">sockets</rs> on the upper face for a statue or for a group of statuary. 
               a) Five blocks, part of a single text.
               b) Two blocks, apparently from a duplicate text.</p></div>

<div type="description" subtype="text">
<head>Description of Text</head>
<p>Inscribed on the surviving faces.</p></div>

<div type="description" subtype="letters">
<head>Description of Letters</head>
<p>Lapidary capitals, rather irregular: <measure unit="metre" type="length" dim="height" from="0.075" to="0.09">0.075-0.09</measure>.</p></div>

<div type="description" subtype="date">
<head>Date</head>
<p>
               <date type="textDate" notBefore="0018" notAfter="0019" exact="both">c.  A.D. 18-19 </date> (<rs type="criteria">titulature</rs>)
            </p></div>

<div type="history" subtype="locations">
<head>Locations</head>
<p>
               <rs type="found">
                  <placeName type="ancientFindspot" ref="http://atlantides.org/batlas/neapolis-lepcis-magna-35-g2" key="db653">Lepcis Magna</placeName>:
                  <rs type="monuList" key="db720">Forum Vetus</rs>.</rs>
            </p>
<p>
               <rs type="origLocation">Unknown</rs>
            </p>
<p>
               <rs type="lastLocation">Findspot</rs>
            </p></div>


<div type="bibliography">
<head>Bibliography</head>
<p>Aurigemma, <title level="j">Afr. Ital</title>, VIII (1940) 27 ff., fig. 14; <title level="j">L'Ann Ep.</title> 1948, 10</p></div>

<div type="history" subtype="text-constituted-from">
<head>Text constituted from</head>
<p>Transcription (Reynolds, Ward-Perkins)</p></div>

<div type="edition" lang="la">
<head lang="en">Text</head>

<div type="textpart" subtype="section" n="a">
<ab>
                  <lb n="1"/><persName type="emperor"><name reg="Germanicus" type="cognomen">Germanico</name> <name reg="Caesar" type="cognomen">Cae<supplied reason="lost">sari</supplied></name> 
                     <persName type="emperor"><name reg="Tiberius" type="praenomen"><supplied reason="lost"><expan><abbr>Ti</abbr><ex>beri</ex></expan></supplied></name>
                  <name reg="Augustus" type="cognomen"><expan><abbr>Aug</abbr><ex>usti</ex></expan></name></persName> 
                  <w lemma="filius"><expan><abbr>f</abbr><ex>ilio</ex></expan></w></persName> 
                  <w lemma="pontifex"><expan><abbr>pont</abbr><ex>ifici</ex></expan></w>  
                  <w lemma="augur"><supplied reason="lost"><expan><abbr>augur</abbr><ex>i</ex></expan></supplied></w> 
                  <w lemma="consul"><expan><abbr>co</abbr><ex>n</ex><abbr>s</abbr><ex>uli</ex></expan></w> 
                  <w lemma="iterum"><expan><abbr>iter</abbr><ex>um</ex></expan></w> 
                  <w lemma="imperator"><expan><abbr>imp</abbr><ex>eratori</ex></expan></w> 
                  <w lemma="iterum"><expan><abbr>iter</abbr><ex>um</ex></expan></w> 
                  <w lemma="flamen">flamini</w> <w lemma="augustalis">au<supplied reason="lost">gustali</supplied></w> 
                  <lb n="2"/><placeName type="ethnic" reg="Lepcitanus"><expan><abbr>Lepcit</abbr><ex>ani</ex></expan></placeName> <w lemma="publice">publice</w>
               </ab></div>

<div type="textpart" subtype="section" n="b">

<div type="textpart" subtype="fragment" n="i">
<ab>
                  <lb n="1"/><gap reason="lost" extent="unknown" unit="character"/>
                  <persName type="emperor"><name reg="Caesar" type="cognomen"><supplied reason="lost">Ca</supplied>esari</name> 
                  <persName type="emperor"><name reg="Tiberius" type="praenomen"><expan><abbr><unclear>T</unclear><supplied reason="lost">i</supplied></abbr><supplied reason="lost"><ex>beri</ex></supplied></expan></name>
                  <name reg="Augustus" type="cognomen"><supplied reason="lost"><expan><abbr>Aug</abbr><ex>usti</ex></expan></supplied></name></persName> 
                     <w lemma="filius"><supplied reason="lost"><expan><abbr>f</abbr><ex>ilio</ex></expan></supplied></w></persName>
                  <gap reason="lost" extent="unknown" unit="character"/>
               </ab></div>

<div type="textpart" subtype="fragment" n="ii">
<ab>
                     <lb n="1"/>
                     <gap reason="lost" extent="unknown" unit="character"/><w lemma="consul"><supplied reason="lost"><expan><abbr>co</abbr><ex>n</ex></expan></supplied><expan><abbr>s</abbr><ex>uli</ex></expan></w> 
                     <w lemma="iterum"><expan><abbr>iter</abbr><ex>um</ex></expan></w> 
                     <gap reason="lost" extent="unknown" unit="character"/>
                  </ab></div></div></div>


   
   <div type="translation">
      <head>Translation</head><p><note>a. </note> To Germanicus Caesar, son of <supplied reason="lost">Tiberius</supplied> Augustus, pontifex, <supplied reason="lost">augur</supplied>, consul for the second time, acclaimed victor twice, flamen <note>priest</note> of Augustus, the Lepcitanians publicly. b.:   <gap reason="lost"/> Caesar <gap reason="lost"/> consul for the second time <gap reason="lost"/></p></div>
   
<div type="commentary">
<head>Commentary</head>
<p><expan><abbr>co</abbr><ex>n</ex><abbr>s</abbr><ex>ul</ex></expan> <expan><abbr>iter</abbr><ex>um</ex></expan>: From 18.</p><p>b: apparently from a duplicate text rather than from a companion base in honour of Drusus, 
               who was not cos. iterum until 21, after the death of Germanicus.</p></div>

<div type="figure">
<head>Photographs</head>
<p>
<figure href="0415"><figDesc>Ward-Perkins Archive, BSR</figDesc></figure>
<figure href="0416"><figDesc>Ward-Perkins Archive, BSR (BSR 48.XXIII.12)</figDesc></figure>
<figure href="0417"><figDesc>Ward-Perkins Archive, BSR (BSR 47.XII.19)</figDesc></figure>
<figure href="0418"><figDesc>Ward-Perkins Archive, BSR (BSR 48.XVII.7)</figDesc></figure></p></div></body></text></TEI.2>
