<?xml version="1.0" encoding="UTF-8"?>
<!DOCTYPE TEI.2 SYSTEM "http://www.stoa.org/epidoc/dtd/6/tei-epidoc.dtd">
<TEI.2 lang="en" id="IRT318"><teiHeader><fileDesc><titleStmt><title>Fragmentary <rs type="textType">dedication</rs> of an altar</title><editor>J. M. Reynolds</editor><editor>J. B. Ward-Perkins</editor></titleStmt><publicationStmt>
<p>Creative Commons licence Attribution UK 2.0 (<xref>http://creativecommons.org/licenses/by/2.0/uk/</xref>). </p>
<p>All reuse or distribution of this work must contain somewhere a link back to the URL <xref>http://irt.kcl.ac.uk/</xref>
            </p></publicationStmt><sourceDesc>
<p>Republished from <bibl id="irt1952">
                  <author>J. M. Reynolds</author> and <author>J. B. Ward-Perkins</author>, <title level="m">The Inscriptions of Roman Tripolitania</title>, <pubPlace>Rome</pubPlace>: <publisher>British
                  School at Rome</publisher>, <date>1952</date>. </bibl>
            </p></sourceDesc></fileDesc><encodingDesc>
<p>Marked-up according to the EpiDoc Guidelines version 5 <xref>http://www.stoa.org/epidoc/gl/5/</xref>
         </p></encodingDesc><profileDesc><langUsage><language id="ar">Arabic</language><language id="en">English</language><language id="fr">French</language><language id="de">German</language><language id="grc">Ancient Greek</language><language id="grc-Latn">Transliterated Greek</language><language id="el">Modern Greek</language><language id="he">Hebrew</language><language id="it">Italian</language><language id="la">Latin</language><language id="phn-LY">Punic</language><language id="ber-Latn">Native Libyan language in Latin script</language></langUsage><textClass/><textClass><keywords><term>
                  <geogName type="ancientRegion" key="Tripolitania">Tripolitania</geogName>
               </term><term>
                  <geogName type="modernCountry" key="LY">Libya</geogName>
               </term><term>
                  <placeName type="modernFindspot" key="http://www.geonames.org/2215692/leptis-magna.html">Leptis Magna</placeName>
               </term></keywords></textClass></profileDesc><revisionDesc>
<change><date>2008-09-09</date><respStmt><name>ZA</name></respStmt><item>converted using CHET-C</item></change>
<change><date>2009-05-19</date><respStmt><name>RV</name></respStmt><item>Added Figures</item></change>
<change><date>2009-08-24</date><respStmt><name>RV</name></respStmt><item>Added Figures</item></change></revisionDesc></teiHeader><text><body>

<div type="description" subtype="monument">
<head>Description of Monument</head>
<p>Octagonal <rs type="objectType">altar</rs> of <rs type="material">grey limestone</rs>, comprising three separate pieces: 
               a square, moulded plinth (<rs type="dimensions"><measure unit="metre" type="length" dim="width">0.77</measure><measure unit="metre" type="length" dim="height">0.77</measure><measure unit="metre" type="length" dim="depth">0.28</measure></rs>) with a <rs type="decoration">circular socket</rs> in the centre of the upper face; 
               an octagonal shaft,  from face to opposite face; <rs type="dimensions"><measure unit="metre" type="length" dim="width">0.45</measure><measure unit="metre" type="length" dim="height">0.80</measure></rs>), moulded at the foot and mortised into the socket of the plinth; 
               and an octagonal cornice-block, now much damaged (<rs type="dimensions"><measure unit="metre" type="length" dim="height">0.30</measure></rs>), of which <rs type="dimensions"><measure unit="metre" type="length" dim="height">0.55</measure></rs>, below the mouldings, is flush with, and forms part of, the face of the shaft below.
              </p></div>

<div type="description" subtype="text">
<head>Description of Text</head>
<p>Inscribed on three faces of the octagonal shaft, on the front and right- hand faces in Latin, and on the left- hand face in Neo-Punic. 
               Texts b) and c) are closely related to <xref type="inscription">347</xref>, inscribed on the parapet which bounds the platform.
               a) On the front (die, <rs type="dimensions"><measure unit="metre" type="length" dim="width">0.19</measure><measure unit="metre" type="length" dim="height">0.68</measure></rs>). l. 1, carved on the upper block, is missing, and ll. 2,3 and 6 overlap on to the adjacent face.
               b) On the right- hand face (die,<rs type="dimensions"><measure unit="metre" type="length" dim="width">0.185</measure><measure unit="metre" type="length" dim="height">0.33</measure></rs>; about half of the text missing).
               c) On the left- hand face, Neo-Punic 32. The Neo-Punic text is a faithful transcription of the Latin of <xref type="inscription">318</xref> and <xref type="inscription">347</xref>.</p></div>

<div type="description" subtype="letters">
<head>Description of Letters</head>
<p>a) Capitals with incipient Rustic forms: <measure unit="metre" type="length" dim="height" from="0.05" to="0.045">0.05-0.045</measure>.</p>
<p>b) Capitals with incipient Rustic forms: <measure unit="metre" type="length" dim="height" from="0.035" to="0.018">0.035-0.018</measure>.</p>
<p>c) Neo-Punic </p></div>

<div type="description" subtype="date">
<head>Date</head>
<p>
               <date type="textDate" value="0092" precision="circa"> Probably A.D. 92 </date>
            (<rs type="criteria">context</rs>)</p></div>

<div type="history" subtype="locations">
<head>Locations</head>
<p>
               <rs type="found">
                  <placeName type="ancientFindspot" ref="http://atlantides.org/batlas/neapolis-lepcis-magna-35-g2" key="db653">Lepcis Magna</placeName>:  
                  The plinth was found in position in the <rs type="monuList" key="db756">Theatre</rs>, 
                  near the centre of the raised limestone paving of the Orchestra, and the shaft and cornice, dispersed in late antiquity, have been recomposed in position. </rs>
            </p>
<p>
               <rs type="origLocation">Findspot</rs>
            </p>
<p>
               <rs type="lastLocation">Findspot</rs>
            </p></div>


<div type="bibliography">
<head>Bibliography</head>
<p><bibl><author>Caputo</author>, <xptr from="dioniso"/> <biblScope>XII:83- 91</biblScope>, pls. I, II</bibl>; 
               <bibl><xptr from="ae"/> <biblScope>1949:159,160</biblScope></bibl></p></div>

<div type="history" subtype="text-constituted-from">
<head>Text constituted from</head>
<p>Transcription (Reynolds, Ward-Perkins)</p></div>

<div type="edition" lang="la">
<head lang="en">Text</head>

<div type="textpart" n="a">
<ab>
                  <lb n="1"/><gap reason="lost" extent="unknown" unit="line"/>
                  <lb n="2"/><persName type="emperor"><name reg="Augustus" type="cognomen"><supplied reason="lost">Augu</supplied>sto</name></persName>
                  <lb n="3"/><w lemma="sacer"><supplied reason="lost">sac</supplied>rum</w>
                  <lb n="4"/><persName type="attested"><name reg="Asprenas" type="cognomen"><unclear>Asp</unclear><supplied reason="lost">r</supplied>enas</name></persName>
                  <lb n="5"/><w lemma="proconsul"><expan><abbr>proco</abbr><ex>n</ex><abbr>s</abbr><ex>ul</ex></expan></w>
                  <lb n="6"/><w lemma="dedico">dedicauit</w>
               </ab></div>

<div type="textpart" n="b">
<ab>
                  <lb n="1"/><gap reason="lost" extent="unknown" unit="line"/> 
                  <lb n="2"/><w lemma="ornator">orna<unclear>tor</unclear></w> <w lemma="patria"><unclear>pat</unclear><supplied reason="lost">riae</supplied></w>
                  <lb n="3"/><w lemma="amator">amator </w> 
                  <w lemma="concordia">concor<lb n="4" type="worddiv"/>diae</w> <w lemma="qui">cui</w> <w lemma="primus">primo</w>
                  <lb n="5"/><w lemma="ordo">ordo</w> <w lemma="et">et</w> <w lemma="populus">populus</w>
                  <lb n="6"/><w lemma="ob">ob</w> <w lemma="mereo">merita</w> 
                  <w lemma="magnus">maio<lb n="7" type="worddiv"/>rum</w> <w lemma="is">eius</w> <w lemma="et">et</w> <w lemma="ipse">ipsius</w>
                  <lb n="8"/><w lemma="fero">lato</w> <w lemma="clauus">clauo</w> 
                  <w lemma="semper">sem<lb n="9" type="worddiv"/>per</w> <w lemma="uti">uti</w> <w lemma="concedo">concessit</w>
                  <lb n="10"/><w lemma="ara">aram</w> <w lemma="et">et</w> <w lemma="podium"><expan><abbr>podi</abbr><ex>um</ex></expan></w>
                  <lb n="11"/><w lemma="de"><expan><abbr>d</abbr><ex>e</ex></expan></w> 
                  <w lemma="suus"><expan><abbr>s</abbr><ex>ua</ex></expan></w> 
                  <w lemma="pecunia"><expan><abbr>p</abbr><ex>ecunia</ex></expan></w> 
                  <w lemma="facio"><expan><abbr>f</abbr><ex>acienda</ex></expan></w> 
                  <w lemma="curo"><expan><abbr>c</abbr><ex>urauit</ex></expan></w> 
               </ab></div>

<div type="textpart" n="c"><note lang="en">Neo-punic</note></div></div>



<div type="translation">
<head>Translation</head>
               <p>a. Sacred to <gap reason="lost"/> Augustus; Asprenas, proconsul, dedicated <supplied reason="subaudible">this</supplied>
                              </p><p>b. <gap reason="lost"/> adorner of his country, lover of concord, the first person whom the town council and the people allowed to wear the broad band permanently, on account of his merit and those of his ancestors. He organised the making of the altar and the paved base at his own expense.</p></div>

<div type="commentary">
<head>Commentary</head>
<p>a) l. 4. There is no indication that the altar is earlier than the paving (dated to 92, see <xref type="inscription">347</xref>) on which it stands; 
            Asprenas is therefore presumably to be distinguished from L. Nonius Asprenas, procos. Africae in 82- 3 (<xref type="inscription">346</xref>).</p>
<p>b) l. 1. Ti. Claudius Sestius, see  <xref type="inscription">347</xref>. The surviving text is identical with that of  <xref type="inscription">347</xref>, dated in 92, with the exception of the order of the words in l. 9.  </p>
<p>b) l. 9. Referring presumably to the raised limestone paving on which the altar stood. </p></div>

<div type="figure">
<head>Photographs</head>
<p>
<figure href="0382"><figDesc>Ward-Perkins Archive, BSR (Sopr. DLM 259 Leica)</figDesc></figure>
<figure href="0383"><figDesc>Ward-Perkins Archive, BSR (Sopr. DLM 260 Leica)</figDesc></figure>
<figure href="0384"><figDesc>Ward-Perkins Archive, BSR (Sopr. DLM 261 Leica)</figDesc></figure>
<figure href="0385"><figDesc>Ward-Perkins Archive, BSR (BSR 48.XXI.25)</figDesc></figure></p></div></body></text></TEI.2>
