<?xml version="1.0" encoding="UTF-8"?>
<!DOCTYPE TEI.2 SYSTEM "http://www.stoa.org/epidoc/dtd/6/tei-epidoc.dtd">
<TEI.2 lang="en" id="IRT315a"><teiHeader><fileDesc><titleStmt><title><rs type="textType">Dedication</rs> to Venus</title><editor>J. M. Reynolds</editor><editor>J. B. Ward-Perkins</editor></titleStmt><publicationStmt>
<p>Creative Commons licence Attribution UK 2.0 (<xref>http://creativecommons.org/licenses/by/2.0/uk/</xref>). </p>
<p>All reuse or distribution of this work must contain somewhere a link back to the URL <xref>http://irt.kcl.ac.uk/</xref>
            </p></publicationStmt><sourceDesc>
<p>Republished from <bibl id="irt1952">
                  <author>J. M. Reynolds</author> and <author>J. B. Ward-Perkins</author>, <title level="m">The Inscriptions of Roman Tripolitania</title>, <pubPlace>Rome</pubPlace>: <publisher>British
                  School at Rome</publisher>, <date>1952</date>. </bibl>
            </p></sourceDesc></fileDesc><encodingDesc>
<p>Marked-up according to the EpiDoc Guidelines version 5 <xref>http://www.stoa.org/epidoc/gl/5/</xref>
         </p></encodingDesc><profileDesc><langUsage><language id="ar">Arabic</language><language id="en">English</language><language id="fr">French</language><language id="de">German</language><language id="grc">Ancient Greek</language><language id="grc-Latn">Transliterated Greek</language><language id="el">Modern Greek</language><language id="he">Hebrew</language><language id="it">Italian</language><language id="la">Latin</language><language id="phn-LY">Punic</language><language id="ber-Latn">Native Libyan language in Latin script</language></langUsage><textClass/><textClass><keywords><term>
                  <geogName type="ancientRegion" key="Tripolitania">Tripolitania</geogName>
               </term><term>
                  <geogName type="modernCountry" key="LY">Libya</geogName>
               </term><term>
                  <placeName type="modernFindspot" key="http://www.geonames.org/2215692/leptis-magna.html">Leptis Magna</placeName>
               </term></keywords></textClass></profileDesc><revisionDesc>
<change><date>2008-10-03</date><respStmt><name>GB</name></respStmt><item>Hand-coded (missing in BSR HTML)</item></change>
<change><date>2009-05-19</date><respStmt><name>RV</name></respStmt><item>Added Figures</item></change>
<change><date>2009-08-24</date><respStmt><name>RV</name></respStmt><item>Added Figures</item></change></revisionDesc></teiHeader><text><body>

<div type="description" subtype="monument">
<head>Description of Monument</head>
<p>Hexagonal <rs type="objectType">base</rs> of <rs type="material">grey limestone</rs> (faces <rs type="dimensions"><measure unit="metre" type="length" dim="height">0.20</measure><measure unit="metre" type="length" dim="height">0.66</measure></rs>) of 
               which the crowning feature has been roughly cut back.</p></div>

<div type="description" subtype="text">
<head>Description of Text</head>
<p>Inscribed on one face within a recessed panel, <rs type="decoration">curved</rs> at the top and <rs type="decoration">squared</rs> at the foot
               (die <rs type="dimensions">
                  <measure unit="metre" type="length" dim="width">0.14</measure>
                  <measure unit="metre" type="length" dim="height">0.52</measure></rs>). Each of the remaining five faces is <rs type="decoration">ornamented with a recessed panel</rs>, 
               <rs type="decoration">curved</rs> at the top and <rs type="decoration">shaped</rs> at the foot, within which is carved in relief one of the following symbols (from right to left, starting at the inscribed face):
               a <rs type="decoration">caduceus</rs>; a group of <rs type="decoration">three flagella</rs>(?); a <rs type="decoration">jug</rs>; a <rs type="decoration">folded flagellum</rs> (?); and a <rs type="decoration">purse</rs> (?).</p></div>

<div type="description" subtype="letters">
<head>Description of Letters</head>
<p>Second century A.D.; <measure from="0.04" to="0.025" unit="metre" dim="height">0.04-0.025</measure>.</p></div>

<div type="description" subtype="date">
<head>Date</head>
<p>
               <date type="textDate" exact="none" notBefore="0101" notAfter="0200">Second century A.D.</date>
            (<rs type="criteria">lettering</rs>)</p></div>

<div type="history" subtype="locations">
<head>Locations</head>
<p>
               <rs type="found">
                  <placeName type="ancientFindspot" ref="http://atlantides.org/batlas/neapolis-lepcis-magna-35-g2" key="db653">Lepcis Magna</placeName>: 
                  <rs type="monuList" key="db698">House in Homs</rs>, formerly the Carabinieri Barracks. Found during restorations in 1949-1950. It had been re-used to support an arch in the house.</rs>
            </p>
<p>
               <rs type="origLocation">Unknown</rs>
            </p>
<p>
               <rs type="lastLocation"><rs type="monuList" key="db654">Lepcis Museum</rs>.</rs>
            </p></div>



<div type="bibliography">
<head>Bibliography</head>
<p><bibl id="caputo1949"><author>Caputo</author>, <title level="j">Fasti Archaeologici</title> IV (<date>1949</date>) <biblScope>3985</biblScope></bibl>.</p></div>

<div type="history" subtype="text-constituted-from">
<head>Text constituted from</head>
<p>Transcription (Reynolds, Ward-Perkins)</p></div>

<div type="edition" lang="la">
<head lang="en">Text</head>
<ab>
               <lb n="1"/><persName type="divine"><name reg="Numen"><expan><abbr>Num</abbr><ex>ini</ex></expan></name>
               <lb n="2"/><name reg="Venus">Veneris</name> <name reg="Adquisitrix">Ad<lb n="3" type="worddiv"/>quisitricis</name>
               <lb n="4"/><name reg="Augusta" type="cognomen"><expan><abbr>Aug</abbr><ex>ustae</ex></expan></name></persName> <w lemma="sacer">sacrum</w>
               <lb n="5"/><persName type="attested"><name reg="Iucundus" type="cognomen">Iucundus</name></persName>
               <lb n="6"/><persName type="emperor"><name reg="Augustus" type="cognomen"><expan><abbr>Aug</abbr><ex>usti</ex></expan></name></persName> 
               <w lemma="nos"><expan><abbr>n</abbr><ex>ostri</ex></expan></w> <w lemma="uerna">uer<lb n="7" type="worddiv"/>na</w> <w lemma="uectigal">uegtigalis</w> <note>sic</note>
               <lb n="8"/><num value="4">IIII</num> <w lemma="publicus"><expan><abbr>p</abbr><ex>ublicorum</ex></expan></w>
               <placeName><expan><abbr>A</abbr><ex>fricae</ex></expan></placeName>
               <w lemma="uilicus"><expan><abbr>uil</abbr><ex>icus</ex></expan></w>
               <lb n="9"/><placeName type="ethnic" reg="Lepcis Magna">Lepcis</placeName> <w lemma="magnus"><expan><abbr>mag</abbr><ex>nae</ex></expan></w>
               <lb n="10"/><w lemma="terrestris">terrestris</w>
               <lb n="11"/><w lemma="de"><expan><abbr>d</abbr><ex>e</ex></expan></w>
               <w lemma="suus"><expan><abbr>s</abbr><ex>uo</ex></expan></w>
               <w lemma="pono"><expan><abbr>p</abbr><ex>osuit</ex></expan></w>
            </ab></div>


<div type="translation">
<head>Translation</head><p>Sacred to the divine power of Venus the Acquirer, Augusta; Jucundus, home-born slave of our Augustus, in charge of the collection of the four public revenues of Africa for land-borne goods, set this up at his own expense. </p></div>

<div type="commentary">
<head>Commentary</head>
<p>On <foreign lang="la">publicorum Africae</foreign>, see also
               <xref type="inscription">432</xref>.</p>
<p>To <foreign lang="la">vilicus terrestris</foreign>, compare
               <foreign lang="la">vilicus maritimus</foreign>,
               <xref type="inscription">302</xref></p></div>

<div type="figure">
<head>Photographs</head><p>No photographs.</p></div></body></text></TEI.2>
