<?xml version="1.0" encoding="UTF-8"?>
<!DOCTYPE TEI.2 SYSTEM "http://www.stoa.org/epidoc/dtd/6/tei-epidoc.dtd">
<TEI.2 lang="en" id="IRT314"><teiHeader><fileDesc><titleStmt><title><rs type="textType">Building</rs> <rs type="textType">dedication</rs>  of a cistern to Venus</title><editor>J. M. Reynolds</editor><editor>J. B. Ward-Perkins</editor></titleStmt><publicationStmt>
<p>Creative Commons licence Attribution UK 2.0 (<xref>http://creativecommons.org/licenses/by/2.0/uk/</xref>). </p>
<p>All reuse or distribution of this work must contain somewhere a link back to the URL <xref>http://irt.kcl.ac.uk/</xref>
            </p></publicationStmt><sourceDesc>
<p>Republished from <bibl id="irt1952">
                  <author>J. M. Reynolds</author> and <author>J. B. Ward-Perkins</author>, <title level="m">The Inscriptions of Roman Tripolitania</title>, <pubPlace>Rome</pubPlace>: <publisher>British
                  School at Rome</publisher>, <date>1952</date>. </bibl>
            </p></sourceDesc></fileDesc><encodingDesc>
<p>Marked-up according to the EpiDoc Guidelines version 5 <xref>http://www.stoa.org/epidoc/gl/5/</xref>
         </p></encodingDesc><profileDesc><langUsage><language id="ar">Arabic</language><language id="en">English</language><language id="fr">French</language><language id="de">German</language><language id="grc">Ancient Greek</language><language id="grc-Latn">Transliterated Greek</language><language id="el">Modern Greek</language><language id="he">Hebrew</language><language id="it">Italian</language><language id="la">Latin</language><language id="phn-LY">Punic</language><language id="ber-Latn">Native Libyan language in Latin script</language></langUsage><textClass/><textClass><keywords><term>
                  <geogName type="ancientRegion" key="Tripolitania">Tripolitania</geogName>
               </term><term>
                  <geogName type="modernCountry" key="LY">Libya</geogName>
               </term><term>
                  <placeName type="modernFindspot" key="http://www.geonames.org/2215692/leptis-magna.html">Leptis Magna</placeName>
               </term></keywords></textClass></profileDesc><revisionDesc>
<change><date>2008-09-09</date><respStmt><name>ZA</name></respStmt><item>converted using CHET-C</item></change>
<change><date>2009-05-19</date><respStmt><name>RV</name></respStmt><item>Added Figures</item></change>
<change><date>2009-08-24</date><respStmt><name>RV</name></respStmt><item>Added Figures</item></change></revisionDesc></teiHeader><text><body>

<div type="description" subtype="monument">
<head>Description of Monument</head>
<p> <rs type="objectType">Block</rs> (<rs type="dimensions"><measure unit="metre" type="length" dim="width">0.93</measure><measure unit="metre" type="length" dim="height">0.44</measure><measure unit="metre" type="length" dim="depth">0.30</measure></rs>) of <rs type="material">grey limestone</rs> inscribed on one face within a <rs type="decoration">moulded panel</rs> (die, <rs type="dimensions"><measure unit="metre" type="length" dim="width">0.76</measure><measure unit="metre" type="length" dim="height">0.30</measure></rs>).  </p></div>

<div type="description" subtype="text">
<head>Description of Text</head>
<p>Inscribed on one face.</p></div>

<div type="description" subtype="letters">
<head>Description of Letters</head>
<p>First century A.D. capitals l. 1, <measure unit="metre" type="length" dim="height">0.045</measure>; ll. 2- 3. <measure unit="metre" type="length" dim="height">0.04</measure>.</p></div>

<div type="description" subtype="date">
<head>Date</head>
<p>
               <date type="textDate" notBefore="0001" notAfter="0100" exact="none">First century A.D.</date>
            (<rs type="criteria">lettering</rs>)</p></div>

<div type="history" subtype="locations">
<head>Locations</head>
<p>
               <rs type="found">
                  <placeName type="ancientFindspot" ref="http://atlantides.org/batlas/neapolis-lepcis-magna-35-g2" key="db653">Lepcis Magna</placeName>:
                  <rs type="monuList" key="db739">Ras el-Mergheb</rs>. Formerly in Homs Museum</rs>
            </p>
<p>
               <rs type="origLocation">Unknown</rs>
            </p>
<p>
               <rs type="lastLocation"> <rs type="monuList" key="db654">Lepcis Museum</rs>.</rs>
            </p></div>


<div type="bibliography">
<head>Bibliography</head>
<p><bibl><xptr from="cagnatmerlin1923"/> <biblScope>7</biblScope></bibl>;
               <bibl id="calonghi1913"><author>Calonghi</author>, <xptr from="athenaeum"/>, I  <date>1913</date> <biblScope>73</biblScope>ff.</bibl>; 
               <bibl><xptr from="ae"/> <biblScope>1914:25</biblScope></bibl>;
               <bibl id="aurigemma1949"><author>Aurigemma</author>, <title level="j">Annali dell'Istituto Universitario Orientate di Napoli</title>, <biblScope>n. s III:55</biblScope></bibl>.</p></div>

<div type="history" subtype="text-constituted-from">
<head>Text constituted from</head>
<p>Transcription (Reynolds, Ward-Perkins)</p></div>

<div type="edition" lang="la">
<head lang="en">Text</head>
<ab>
               <lb n="1"/><persName type="attested"><name reg="Lucius" type="praenomen"><expan><abbr>L</abbr><ex>ucius</ex></expan></name> <name reg="Tettius" type="gentilicium">Tettius</name> <name reg="Eutychus" type="cognomen">Eutychus</name></persName> <w lemma="in">in</w> <w lemma="suus">suo</w> <w lemma="suus">sua</w>
               <lb n="2"/><w lemma="pecunia"><expan><abbr>pecun</abbr><ex>ia</ex></expan></w> <w lemma="cisterna"><expan><abbr>cistern</abbr><ex>am</ex></expan></w> <persName type="divine"><name reg="Venus">Veneri</name></persName> <w lemma="et">et</w> 
               <placeName type="ethnic"><expan><abbr>Lepcit</abbr><ex cert="low"/></expan></placeName>
               <lb n="3"/><w lemma="dono">donui</w> <w lemma="cura">cura</w> <persName type="attested"><name reg="Lucius" type="praenomen"><expan><abbr>L</abbr><ex>uci</ex></expan></name> <name reg="Tettius" type="gentilicium">Tetti</name> <name reg="Comus" type="cognomen">Comi</name></persName> 
               <w lemma="libertus"><expan><abbr>I</abbr><ex>iberti</ex></expan></w> 
               <w lemma="facio"><expan><abbr>f</abbr><ex>aciendam</ex></expan></w> 
               <w lemma="curo"><expan><abbr>c</abbr><ex>urauit</ex></expan></w> 
            </ab></div>

<div type="apparatus">
<head>Apparatus</head>

<p>
               <app loc="3"><note>Aurigemma, loc. cit., suggests a local form of Adonis (not otherwise recorded) and reads Veneri et Lepcit(ano) Donui; or (so Cagnat-Merlin) Veneri et Lepcit(anis) donui (for dono).</note></app>
            </p></div>

<div type="translation">
<head>Translation</head>
<p>Lucius Tettius Eutychus, on his own land and with his own money, made the gift of a cistern to Venus and the Lepcitanians <note> or gave to Venus and the Lepcitanian Adonis</note>, arranging for its construction under the supervision of Lucius Tettius Comus, his freedman.</p></div>

<div type="commentary">
<head>Commentary</head>
<p>l. 1.  L.Tettius Eutychus also in <xref type="inscription">746</xref>, ll.1- 2.</p><p>l.2 . Perhaps connected with the cult of Caelestis established at Mergheb; so <bibl><xptr from="romanelli1925"/>, <biblScope>27</biblScope></bibl>, and Aurigemma, loc. cit. </p>
<p>l. 3.  L.Tettius Comus also in <xref type="inscription">746</xref>, l.4.</p></div>

<div type="figure">
<head>Photographs</head>
<p>
<figure href="0379"><figDesc>Ward-Perkins Archive, BSR (Sopr. B. 832)</figDesc></figure>
<figure href="0869"><figDesc>Ward-Perkins Archive, BSR (Sopr. B. 804)</figDesc></figure></p></div></body></text></TEI.2>
