<?xml version="1.0" encoding="UTF-8"?>
<!DOCTYPE TEI.2 SYSTEM "http://www.stoa.org/epidoc/dtd/6/tei-epidoc.dtd">
<TEI.2 lang="en" id="IRT316"><teiHeader><fileDesc><titleStmt><title><rs type="textType">Dedication</rs> of a statue of Cupid </title><editor>J. M. Reynolds</editor><editor>J. B. Ward-Perkins</editor></titleStmt><publicationStmt>
<p>Creative Commons licence Attribution UK 2.0 (<xref>http://creativecommons.org/licenses/by/2.0/uk/</xref>). </p>
<p>All reuse or distribution of this work must contain somewhere a link back to the URL <xref>http://irt.kcl.ac.uk/</xref>
            </p></publicationStmt><sourceDesc>
<p>Republished from <bibl id="irt1952">
                  <author>J. M. Reynolds</author> and <author>J. B. Ward-Perkins</author>, <title level="m">The Inscriptions of Roman Tripolitania</title>, <pubPlace>Rome</pubPlace>: <publisher>British
                  School at Rome</publisher>, <date>1952</date>. </bibl>
            </p></sourceDesc></fileDesc><encodingDesc>
<p>Marked-up according to the EpiDoc Guidelines version 5 <xref>http://www.stoa.org/epidoc/gl/5/</xref>
         </p></encodingDesc><profileDesc><langUsage><language id="ar">Arabic</language><language id="en">English</language><language id="fr">French</language><language id="de">German</language><language id="grc">Ancient Greek</language><language id="grc-Latn">Transliterated Greek</language><language id="el">Modern Greek</language><language id="he">Hebrew</language><language id="it">Italian</language><language id="la">Latin</language><language id="phn-LY">Punic</language><language id="ber-Latn">Native Libyan language in Latin script</language></langUsage><textClass/><textClass><keywords><term>
                  <geogName type="ancientRegion" key="Tripolitania">Tripolitania</geogName>
               </term><term>
                  <geogName type="modernCountry" key="LY">Libya</geogName>
               </term><term>
                  <placeName type="modernFindspot" key="http://www.geonames.org/2215692/leptis-magna.html">Leptis Magna</placeName>
               </term></keywords></textClass></profileDesc><revisionDesc>
<change><date>2008-09-09</date><respStmt><name>ZA</name></respStmt><item>converted using CHET-C</item></change>
<change><date>2009-05-19</date><respStmt><name>RV</name></respStmt><item>Added Figures</item></change>
<change><date>2009-08-24</date><respStmt><name>RV</name></respStmt><item>Added Figures</item></change></revisionDesc></teiHeader><text><body>

<div type="description" subtype="monument">
<head>Description of Monument</head>
<p> Moulded <rs type="objectType">base</rs> (<rs type="dimensions"><measure unit="metre" type="length" dim="width">0.49</measure><measure unit="metre" type="length" dim="height">1.31</measure><measure unit="metre" type="length" dim="depth">0.45</measure></rs>) of <rs type="material">brown limestone</rs>.</p></div>

<div type="description" subtype="text">
<head>Description of Text</head>
<p>Inscribed on one face within a <rs type="decoration">moulded panel</rs> (die, <rs type="dimensions"><measure unit="metre" type="length" dim="width">0.20</measure><measure unit="metre" type="length" dim="height">0.60</measure></rs>).</p></div>

<div type="description" subtype="letters">
<head>Description of Letters</head>
<p>Rustic capitals: <measure unit="metre" type="length" dim="height">0.05-0.04</measure>.</p></div>

<div type="description" subtype="date">
<head>Date</head>
<p>
               <date type="textDate" notBefore="0138" notAfter="0161" exact="both">A.D. 138-161 </date>
            (<rs type="criteria">reign</rs>)</p></div>

<div type="history" subtype="locations">
<head>Locations</head>
<p>
               <rs type="found">
                  <placeName type="ancientFindspot" ref="http://atlantides.org/batlas/neapolis-lepcis-magna-35-g2" key="db653">Lepcis Magna</placeName>: 
                  <rs type="monuList" key="db709">Chalcidicum</rs>, beside the central gable. </rs>
            </p>
<p>
               <rs type="origLocation">Unknown</rs>
            </p>
<p>
               <rs type="lastLocation">Findspot</rs>
            </p></div>


<div type="bibliography">
<head>Bibliography</head>
<p><bibl id="aurigemma1949"><author>Aurigemma</author>, <title level="j">Annali dell'Istituto Universitario Orientale di Napoli</title>, ns. III <date>1949</date> <biblScope>58</biblScope></bibl>.</p></div>

<div type="history" subtype="text-constituted-from">
<head>Text constituted from</head>
<p>Transcription (Reynolds, Ward-Perkins)</p></div>

<div type="edition" lang="la">
<head lang="en">Text</head>
<ab>
               <lb n="1"/><w lemma="pro">Pro</w> 
               <w lemma="salus">salu<lb n="2" type="worddiv"/>te</w> <persName type="emperor"><w lemma="imperator"><expan><abbr>Imp</abbr><ex>eratoris</ex></expan></w> 
                  <name reg="Antoninus" type="gentilicium">An<lb n="3" type="worddiv"/>tonini</name> <name reg="Augustus" type="cognomen"><expan><abbr>Aug</abbr><ex>usti</ex></expan></name>
               <lb n="4"/><name reg="Pius" type="cognomen">Pii</name></persName> 
               <w lemma="liber"><expan><abbr>libero<lb n="5" type="worddiv"/>rumq</abbr><ex>ue</ex></expan></w> <w lemma="is">eius</w>
               <lb n="6"/><persName type="divine"><name reg="Venus" type="cognomen">Veneri</name>
               <lb n="7"/><name reg="Calchidica" type="cognomen">Calchidicae</name></persName>
               <lb n="8"/><persName type="divine"><name reg="Cupido">Cupidinis</name></persName>
               <lb n="9"/><w lemma="statua">statuam</w>
               <lb n="10"/><persName type="attested"><name reg="Caius" type="praenomen"><expan><abbr>C</abbr><ex>aius</ex></expan></name> 
               <name reg="Claudius" type="gentilicium"><expan><abbr>Cl</abbr><ex>audius</ex></expan></name> 
                  <name reg="Septimius" type="gentilicium">Septimi<lb n="11" type="worddiv"/>us</name> <name reg="Afer" type="cognomen"><supplied reason="lost">A</supplied><unclear>f</unclear>er</name></persName> 
               <w lemma="dono"><expan><abbr>d</abbr><ex>ono</ex></expan></w> 
               <w lemma="do"><expan><abbr>d</abbr><ex>edit</ex></expan></w> 
               <w lemma="dedico"><expan><abbr>d</abbr><ex>edicauit</ex></expan></w> 
               <w lemma="pono"><expan><abbr>p</abbr><ex>osuit</ex></expan></w></ab></div>

<div type="translation">
<head>Translation</head>
<p>Fro the safety of the emperor Antoninus Augustus Pius and his children; Caius Claudius Septimius Afer gave as a gift, dedicated and set up a statue of Cupid to Venus Calchidica.</p></div>

<div type="commentary">
<head>Commentary</head>
<p>No comment.</p></div>

<div type="figure">
<head>Photographs</head>
<p>
<figure href="0381"><figDesc>Ward-Perkins Archive, BSR (BSR 47.XVI.14)</figDesc></figure></p></div></body></text></TEI.2>
