<?xml version="1.0" encoding="UTF-8"?>
<!DOCTYPE TEI.2
  SYSTEM "http://www.stoa.org/epidoc/dtd/6/tei-epidoc.dtd">
<TEI.2 lang="en" id="IRT335"><teiHeader><fileDesc><titleStmt><title><rs type="textType">Dedication</rs> to Drusus </title><editor>J. M. Reynolds</editor><editor>J. B. Ward-Perkins</editor></titleStmt><publicationStmt>
<p>Creative Commons licence Attribution UK 2.0 (<xref>http://creativecommons.org/licenses/by/2.0/uk/</xref>). </p>
<p>All reuse or distribution of this work must contain somewhere a link back to the URL <xref>http://irt.kcl.ac.uk/</xref>
            </p></publicationStmt><sourceDesc>
<p>Republished from <bibl id="irt1952">
                  <author>J. M. Reynolds</author> and <author>J. B. Ward-Perkins</author>, <title level="m">The Inscriptions of Roman Tripolitania</title>, <pubPlace>Rome</pubPlace>: <publisher>British
                  School at Rome</publisher>, <date>1952</date>. </bibl>
            </p></sourceDesc></fileDesc><encodingDesc>
<p>Marked-up according to the EpiDoc Guidelines version 5 <xref>http://www.stoa.org/epidoc/gl/5/</xref>
         </p></encodingDesc><profileDesc><langUsage><language id="ar">Arabic</language><language id="en">English</language><language id="fr">French</language><language id="de">German</language><language id="grc">Ancient Greek</language><language id="grc-Latn">Transliterated Greek</language><language id="el">Modern Greek</language><language id="he">Hebrew</language><language id="it">Italian</language><language id="la">Latin</language><language id="phn-LY">Punic</language><language id="ber-Latn">Native Libyan language in Latin script</language></langUsage><textClass/><textClass><keywords><term>
                  <geogName type="ancientRegion" key="Tripolitania">Tripolitania</geogName>
               </term><term>
                  <geogName type="modernCountry" key="LY">Libya</geogName>
               </term><term>
                  <placeName type="modernFindspot" key="http://www.geonames.org/2215692/leptis-magna.html">Leptis Magna</placeName>
               </term></keywords></textClass></profileDesc><revisionDesc>
<change><date>2008-09-09</date><respStmt><name>ZA</name></respStmt><item>converted using CHET-C</item></change>
<change><date>2009-05-19</date><respStmt><name>RV</name></respStmt><item>Added Figures</item></change>
<change><date>2009-08-24</date><respStmt><name>RV</name></respStmt><item>Added Figures</item></change></revisionDesc></teiHeader><text><body>

<div type="description" subtype="monument">
<head>Description of Monument</head>
<p>Rectangular <rs type="material">marble</rs> <rs type="objectType">base</rs>
               (<rs type="dimensions">
                  <measure unit="metre" type="length" dim="width">0.59</measure>
                  <measure unit="metre" type="length" dim="height">0.07</measure>
                  <measure unit="metre" type="length" dim="depth">0.23</measure></rs>).</p></div>

<div type="description" subtype="text">
<head>Description of Text</head>
<p>Inscribed on one face</p></div>

<div type="description" subtype="letters">
<head>Description of Letters</head>
<p>Irregular capitals: av. <measure unit="metre" type="length" dim="height">0.025</measure>.</p></div>

<div type="description" subtype="date">
<head>Date</head>
<p>
               <date type="textDate" notBefore="0014" notAfter="0023" exact="none">14-23 A.D. </date>
            (<rs type="criteria">prosopography</rs>)</p></div>

<div type="history" subtype="locations">
<head>Locations</head>
<p>
               <rs type="found">
                  <placeName type="ancientFindspot" ref="http://atlantides.org/batlas/neapolis-lepcis-magna-35-g2" key="db653">Lepcis Magna</placeName>:
                  Found in the <rs type="monuList" key="db720">Forum Vetus</rs>, <rs type="monuList" key="db754">Temple of Rome and Augustus</rs>.</rs>
            </p>
<p>
               <rs type="origLocation">Unknown</rs>
            </p>
<p>
               <rs type="lastLocation"> <rs type="monuList" key="db654">Lepcis Museum</rs>.</rs>
            </p></div>


<div type="bibliography">
<head>Bibliography</head>
<p><bibl><author>Aurigemma</author>, <xptr from="afrital"/> <biblScope>VIII:29</biblScope>ff.</bibl>; 
               <bibl><xptr from="ae"/> <biblScope>1948:11</biblScope></bibl>;
               <bibl><xptr from="relscav"/> <biblScope>30.7.33</biblScope></bibl>.</p></div>

<div type="history" subtype="text-constituted-from">
<head>Text constituted from</head>
<p>Transcription (Reynolds, Ward-Perkins)</p></div>

<div type="edition" lang="la">
<head lang="en">Text</head>
<ab>
               <lb n="1"/><persName type="emperor"><name reg="Drusus" type="praenomen">Druso</name> <name reg="Caesar" type="cognomen">Caesari</name>
               <lb n="2"/><persName type="emperor"><w lemma="imperator"><supplied reason="lost">I</supplied><expan><abbr>mp</abbr><ex>eratoris</ex></expan></w> 
               <name reg="Tiberius" type="praenomen"><expan><abbr>Ti</abbr><ex>beri</ex></expan></name> <name reg="Caesar" type="cognomen">Caesaris</name> 
                  <name reg="Augustus" type="cognomen"><expan><abbr>A<supplied reason="lost">u</supplied>g</abbr><ex>usti</ex></expan></name></persName> 
               <w lemma="filius"><expan><abbr>f</abbr><ex>ilio</ex></expan></w>  
                  <persName type="emperor"><w lemma="diuus">diui</w> <name reg="Augustus" type="cognomen"><expan><abbr>Aug</abbr><ex>usti</ex></expan></name></persName> 
               <w lemma="nepos"><expan><abbr>ne</abbr><ex>poti</ex></expan></w></persName> 
               <persName type="attested"><name reg="Perperna" type="cognomen">Perperna</name> <placeName type="ethnic" reg="Lepcitanus"><name reg="Lepcitanus" type="cognomen">Lepcitanus</name></placeName></persName> </ab></div>
   
   <div type="translation">
      <head>Translation</head><p>To Drusus Caesar, son of emperor Tiberius Caesar Agustus, grandson of deified Augustus; Perperna of Lepcis <supplied reason="subaudible">set this up</supplied>. </p></div>
   
<div type="commentary">
<head>Commentary</head><p>No comment.</p></div>

<div type="figure">
<head>Photographs</head>
<p>
<figure href="0419"><figDesc>Ward-Perkins Archive, BSR (BSR 47.XII.13)</figDesc></figure></p></div></body></text></TEI.2>