<?xml version="1.0" encoding="UTF-8"?>
<!DOCTYPE TEI.2 SYSTEM "http://www.stoa.org/epidoc/dtd/6/tei-epidoc.dtd">
<TEI.2 lang="en" id="IRT313"><teiHeader><fileDesc><titleStmt><title> <rs type="textType">Dedication</rs> to the Gods dwelling with Sarapis </title><editor>J. M. Reynolds</editor><editor>J. B. Ward-Perkins</editor></titleStmt><publicationStmt>
<p>Creative Commons licence Attribution UK 2.0 (<xref>http://creativecommons.org/licenses/by/2.0/uk/</xref>). </p>
<p>All reuse or distribution of this work must contain somewhere a link back to the URL <xref>http://irt.kcl.ac.uk/</xref>
            </p></publicationStmt><sourceDesc>
<p>Republished from <bibl id="irt1952">
                  <author>J. M. Reynolds</author> and <author>J. B. Ward-Perkins</author>, <title level="m">The Inscriptions of Roman Tripolitania</title>, <pubPlace>Rome</pubPlace>: <publisher>British
                  School at Rome</publisher>, <date>1952</date></bibl>; with addenda from <bibl id="reynolds1955"><author>J. M. Reynolds</author>, <title level="a">Inscriptions of Roman Tripolitania: A Supplement</title>, <title level="j">Proceedings of the British School at Rome</title> <biblScope type="volume">23</biblScope> (<date>1955</date>), <biblScope type="pages">124-147</biblScope></bibl>.</p></sourceDesc></fileDesc><encodingDesc>
<p>Marked-up according to the EpiDoc Guidelines version 5 <xref>http://www.stoa.org/epidoc/gl/5/</xref>
         </p></encodingDesc><profileDesc><langUsage><language id="ar">Arabic</language><language id="en">English</language><language id="fr">French</language><language id="de">German</language><language id="grc">Ancient Greek</language><language id="grc-Latn">Transliterated Greek</language><language id="el">Modern Greek</language><language id="he">Hebrew</language><language id="it">Italian</language><language id="la">Latin</language><language id="phn-LY">Punic</language><language id="ber-Latn">Native Libyan language in Latin script</language></langUsage><textClass/><textClass><keywords><term>
                  <geogName type="ancientRegion" key="Tripolitania">Tripolitania</geogName>
               </term><term>
                  <geogName type="modernCountry" key="LY">Libya</geogName>
               </term><term>
                  <placeName type="modernFindspot" key="http://www.geonames.org/2215692/leptis-magna.html">Leptis Magna</placeName>
               </term></keywords></textClass></profileDesc><revisionDesc>
<change><date>2008-09-09</date><respStmt><name>ZA</name></respStmt><item>converted using CHET-C</item></change>
<change><date>2009-05-19</date><respStmt><name>RV</name></respStmt><item>Added Figures</item></change>
<change><date>2009-08-24</date><respStmt><name>RV</name></respStmt><item>Added Figures</item></change></revisionDesc></teiHeader><text><body>

<div type="description" subtype="monument">
<head>Description of Monument</head>
<p> Lower part of a rectangular <rs type="objectType">base</rs> 
               (<rs type="dimensions"><measure unit="metre" type="length" dim="width">0.24</measure><measure unit="metre" type="length" dim="height">0.365</measure><measure unit="metre" type="length" dim="depth">0.205</measure></rs>) 
               of fine-grained <rs type="material">brown limestone</rs>.</p></div>

<div type="description" subtype="text">
<head>Description of Text</head>
<p>Inscribed on one face within a <rs type="decoration">moulded panel</rs> (die, <rs type="dimensions"><measure unit="metre" type="length" dim="width">0.102</measure><measure unit="metre" type="length" dim="height">0.285</measure></rs>). </p></div>

<div type="description" subtype="letters">
<head>Description of Letters</head>
<p> Lettering: <measure unit="metre" type="length" dim="height">0.022</measure>- <measure unit="metre" type="length" dim="height">0.018</measure>. </p></div>

<div type="description" subtype="date">
<head>Date</head>
<p>
               <date type="textDate" notBefore="0138" notAfter="0301">Second to third centuries A.D.</date>
            (<rs type="criteria">nomenclature</rs>)</p></div>

<div type="history" subtype="locations">
<head>Locations</head>
<p>
               <rs type="found">
                  <placeName type="ancientFindspot" ref="http://atlantides.org/batlas/neapolis-lepcis-magna-35-g2" key="db653">Lepcis Magna</placeName>:  Findspot unrecorded. </rs>
            </p>
<p>
               <rs type="origLocation">Unknown</rs>
            </p>
<p>
               <rs type="lastLocation"><rs type="monuList" key="db654">Lepcis Museum</rs>.</rs>
            </p></div>


<div type="bibliography">
<head>Bibliography</head>
<p><bibl id="robert1953"><author>L. <name>Robert</name></author>, <title level="j">Rev. Et. Gr.</title>, LXVI (1953) 203.</bibl></p></div>

<div type="history" subtype="text-constituted-from">
<head>Text constituted from</head>
<p>Transcription (Reynolds, Ward-Perkins)</p></div>

<div type="edition" lang="grc">
<head lang="en">Text</head>
<ab>
               <lb n="1"/><w lemma="σύνναος">συννά<supplied reason="lost">ο</supplied>ι<supplied reason="lost">ς</supplied></w>
               <lb n="2"/><w lemma="θεός">θεοῖς</w>
               <lb n="3"/><persName type="attested"><name reg="Aurelius" type="gentilicium">Αὐρήλιος</name>
               <lb n="4"/><name reg="Ὠριγένης" type="cognomen">Ὠριγένης</name></persName>
               <lb n="5"/><w lemma="ὁ">ὁ</w> <w lemma="καί"><unclear>καὶ</unclear></w>
               <lb n="6"/><persName type="attested"><name reg="Ἀθηνόδωρος" type="signum"><expan><abbr>Ἀθη<supplied reason="lost">νόδ</supplied>ωρ</abbr><ex>ος</ex></expan></name></persName>
               <lb n="7"/><w lemma="σύν">σὺν</w> <w lemma="ὁ">τῇ</w> <w lemma="θυγάτηρ">θυγα<lb n="8" type="worddiv"/>τρὶ</w> <persName type="attested"><name reg="Πρωτάρη" type="cognomen">Πρωτάρ<lb n="9" type="worddiv"/>ῃ</name></persName>
               <lb n="10"/><w lemma="εὐχαριστήριον">εὐχαριστήριον</w></ab></div>

<div type="apparatus">
<head>Apparatus</head>
<p><app loc="8-9"><rdg resp="robert1953">Πρωτάρχῃ</rdg>  <note>  : this is probably correct ; it gives a better lay-out for l. 9, and in fact some faint traces of χ seem visible.</note></app></p></div>

<div type="translation">
<head>Translation</head>
<p>To the gods who dwell in the same temple, Aurelius Origenes, also known as Athenodoros, together with his daughter, Protare, <supplied reason="subaudible">made this</supplied> offering.</p></div>

<div type="commentary">
<head>Commentary</head>
<p>No comment.</p></div>

<div type="figure">
<head>Photographs</head>
<p>
<figure href="0377"><figDesc>Ward-Perkins Archive, BSR (Sopr. DLM 1527 Leica)</figDesc></figure></p></div></body></text></TEI.2>
