<?xml version="1.0" encoding="UTF-8"?>
<!DOCTYPE TEI.2 SYSTEM "http://www.stoa.org/epidoc/dtd/6/tei-epidoc.dtd">
<TEI.2 lang="en" id="IRT328"><teiHeader><fileDesc><titleStmt><title><rs type="textType">Dedication</rs> to Gaius Caesar</title><editor>J. M. Reynolds</editor><editor>J. B. Ward-Perkins</editor></titleStmt><publicationStmt>
<p>Creative Commons licence Attribution UK 2.0 (<xref>http://creativecommons.org/licenses/by/2.0/uk/</xref>). </p>
<p>All reuse or distribution of this work must contain somewhere a link back to the URL <xref>http://irt.kcl.ac.uk/</xref>
            </p></publicationStmt><sourceDesc>
<p>Republished from <bibl id="irt1952">
                  <author>J. M. Reynolds</author> and <author>J. B. Ward-Perkins</author>, <title level="m">The Inscriptions of Roman Tripolitania</title>, <pubPlace>Rome</pubPlace>: <publisher>British
                  School at Rome</publisher>, <date>1952</date>. </bibl>
            </p></sourceDesc></fileDesc><encodingDesc>
<p>Marked-up according to the EpiDoc Guidelines version 5 <xref>http://www.stoa.org/epidoc/gl/5/</xref>
         </p></encodingDesc><profileDesc><langUsage><language id="ar">Arabic</language><language id="en">English</language><language id="fr">French</language><language id="de">German</language><language id="grc">Ancient Greek</language><language id="grc-Latn">Transliterated Greek</language><language id="el">Modern Greek</language><language id="he">Hebrew</language><language id="it">Italian</language><language id="la">Latin</language><language id="phn-LY">Punic</language><language id="ber-Latn">Native Libyan language in Latin script</language></langUsage><textClass/><textClass><keywords><term>
                  <geogName type="ancientRegion" key="Tripolitania">Tripolitania</geogName>
               </term><term>
                  <geogName type="modernCountry" key="LY">Libya</geogName>
               </term><term>
                  <placeName type="modernFindspot" key="http://www.geonames.org/2215692/leptis-magna.html">Leptis Magna</placeName>
               </term></keywords></textClass></profileDesc><revisionDesc>
<change><date>2008-09-09</date><respStmt><name>ZA</name></respStmt><item>converted using CHET-C</item></change>
<change><date>2009-05-19</date><respStmt><name>RV</name></respStmt><item>Added Figures</item></change>
<change><date>2009-08-24</date><respStmt><name>RV</name></respStmt><item>Added Figures</item></change></revisionDesc></teiHeader><text><body>

<div type="description" subtype="monument">
<head>Description of Monument</head>
<p><rs type="objectType">Base</rs> of <rs type="material">grey limestone</rs>
              (<rs type="dimensions">
                 <measure unit="metre" type="length" dim="width">0.77</measure>
                 <measure unit="metre" type="length" dim="height">0.39</measure>
                 <measure unit="metre" type="length" dim="depth">0.44</measure></rs>) formerly moulded top and bottom but later mutilated. 
               The whole inscribed surface is badly abraded. 
               Uniform with <xref type="inscription">320</xref> and thus dated to 3 B.C.. </p></div>

<div type="description" subtype="text">
<head>Description of Text</head>
<p>Inscribed on one face</p></div>

<div type="description" subtype="letters">
<head>Description of Letters</head>
<p>Irregular capitals: <measure unit="metre" type="length" dim="height">0.04</measure>.</p></div>

<div type="description" subtype="date">
<head>Date</head>
<p>
               <date type="textDate" value="-0003" precision="exact">3 B.C.</date>
            (see <xref type="inscription">320</xref>)</p></div>

<div type="history" subtype="locations">
<head>Locations</head>
<p>
               <rs type="found">
                  <placeName type="ancientFindspot" ref="http://atlantides.org/batlas/neapolis-lepcis-magna-35-g2" key="db653">Lepcis Magna</placeName>: 
                  <rs type="monuList" key="db720">Forum Vetus</rs>,  loose in the Temple of Rome and Augustus.</rs>
            </p>
<p>
               <rs type="origLocation">Unknown</rs>
            </p>
<p>
               <rs type="lastLocation">Findspot</rs>
            </p></div>


<div type="bibliography">
<head>Bibliography</head>
<p>Not previously published.</p></div>

<div type="history" subtype="text-constituted-from">
<head>Text constituted from</head>
<p>Transcription (Reynolds, Ward-Perkins)</p></div>

<div type="edition" lang="la">
<head lang="en">Text</head>
<ab>
               <lb n="1"/><persName type="emperor"><name reg="Caius" type="praenomen"><expan><abbr>C</abbr><ex>aio</ex></expan></name> 
               <persName type="emperor"><name reg="Caesar" type="cognomen"><supplied reason="lost">Cae</supplied>s<supplied reason="lost">a</supplied>ri</name>
                  <name reg="Augustus" type="cognomen">Augusti</name></persName> 
               <w lemma="filius"><expan><abbr>f</abbr><ex>ilio</ex></expan></w> 
               <w lemma="consul"><expan><abbr>co</abbr><ex>n</ex><abbr>s</abbr><ex>uli</ex></expan></w>
               <lb n="2"/><w lemma="designo"><expan><abbr><supplied reason="lost">d</supplied><unclear>es</unclear><supplied reason="lost">ig</supplied></abbr><supplied reason="lost"><ex>nato</ex></supplied></expan></w> 
               <w lemma="pontifex"><expan><abbr><supplied reason="lost">p</supplied>o<unclear>n</unclear>t</abbr><ex>ifici</ex></expan></w>
               <w lemma="princeps">princi<supplied reason="lost">pi</supplied></w> <w lemma="iuuentus"><supplied reason="lost">iu</supplied>uentuti<unclear>s</unclear></w></persName>
               <lb n="3"/><persName type="attested"><name reg="Fuluius" type="gentilicium">Fuluii</name> <placeName type="ethnic" reg="Lepcitanus">Lepc<supplied reason="lost">i</supplied>t<supplied reason="lost">a</supplied>n<supplied reason="lost">i</supplied></placeName></persName> 
               <w lemma="dono"><supplied reason="lost"><expan><abbr>d</abbr><ex>ono</ex></expan></supplied></w> <w lemma="do"><supplied reason="lost"><expan><abbr>d</abbr><ex>ederunt</ex></expan></supplied></w> 
            </ab></div>



   <div type="translation">
      <head>Translation</head><p>To Caius Caesar, son of Augustus, designated consul, pontifex <note>priest</note>, chief of the youth; the Fulvii of Lepcis gave this as a gift.</p></div>
   
<div type="commentary">
<head>Commentary</head>
<p>l. 3. Fuluii Lepcitani. Also in  <xref type="inscription">320</xref> , l. 4; see also <xref type="inscription">596</xref>, l. 1.</p></div>

<div type="figure">
<head>Photographs</head>
<p>
<figure href="0405"><figDesc>Ward-Perkins Archive, BSR (BSR 47.XVII.22)</figDesc></figure></p></div></body></text></TEI.2>
