<?xml version="1.0" encoding="UTF-8"?>
<!DOCTYPE TEI.2 SYSTEM "http://www.stoa.org/epidoc/dtd/6/tei-epidoc.dtd">
<TEI.2 lang="en" id="IRT301"><teiHeader><fileDesc><titleStmt><title><rs type="textType">Dedication</rs> to Mars Augustus</title><editor>J. M. Reynolds</editor><editor>J. B. Ward-Perkins</editor></titleStmt><publicationStmt>
<p>Creative Commons licence Attribution UK 2.0 (<xref>http://creativecommons.org/licenses/by/2.0/uk/</xref>). </p>
<p>All reuse or distribution of this work must contain somewhere a link back to the URL <xref>http://irt.kcl.ac.uk/</xref>
            </p></publicationStmt><sourceDesc>
<p>Republished from <bibl id="irt1952">
                  <author>J. M. Reynolds</author> and <author>J. B. Ward-Perkins</author>, <title level="m">The Inscriptions of Roman Tripolitania</title>, <pubPlace>Rome</pubPlace>: <publisher>British
                  School at Rome</publisher>, <date>1952</date>. </bibl>
            </p></sourceDesc></fileDesc><encodingDesc>
<p>Marked-up according to the EpiDoc Guidelines version 5 <xref>http://www.stoa.org/epidoc/gl/5/</xref>
         </p></encodingDesc><profileDesc><langUsage><language id="ar">Arabic</language><language id="en">English</language><language id="fr">French</language><language id="de">German</language><language id="grc">Ancient Greek</language><language id="grc-Latn">Transliterated Greek</language><language id="el">Modern Greek</language><language id="he">Hebrew</language><language id="it">Italian</language><language id="la">Latin</language><language id="phn-LY">Punic</language><language id="ber-Latn">Native Libyan language in Latin script</language></langUsage><textClass/><textClass><keywords><term>
                  <geogName type="ancientRegion" key="Tripolitania">Tripolitania</geogName>
               </term><term>
                  <geogName type="modernCountry" key="LY">Libya</geogName>
               </term><term>
                  <placeName type="modernFindspot" key="http://www.geonames.org/2215692/leptis-magna.html">Leptis Magna</placeName>
               </term></keywords></textClass></profileDesc><revisionDesc>
<change><date>2008-09-09</date><respStmt><name>ZA</name></respStmt><item>converted using CHET-C</item></change>
<change><date>2009-05-19</date><respStmt><name>RV</name></respStmt><item>Added Figures</item></change>
<change><date>2009-08-24</date><respStmt><name>RV</name></respStmt><item>Added Figures</item></change></revisionDesc></teiHeader><text><body>

<div type="description" subtype="monument">
<head>Description of Monument</head>
<p> <rs type="objectType">Panel</rs>
               (<rs type="dimensions"><measure unit="metre" type="length" dim="width">0.86</measure><measure unit="metre" type="length" dim="height">0.57</measure><measure unit="metre" type="length" dim="depth">0.30</measure></rs>) of fine <rs type="material">grey limestone</rs>, inscribed within a <rs type="decoration">narrow border</rs> (die, <rs type="dimensions"><measure unit="metre" type="length" dim="width">0.79</measure><measure unit="metre" type="length" dim="height">0.51</measure></rs>). </p></div>

<div type="description" subtype="text">
<head>Description of Text</head>
<p>Inscribed on the surviving face.</p></div>

<div type="description" subtype="letters">
<head>Description of Letters</head>
<p> Irregular capitals: <measure unit="metre" type="length" dim="height">0.04</measure>.</p></div>

<div type="description" subtype="date">
<head>Date</head>
<p>
               <date type="textDate" value="0006" precision="circa"> A.D. 6</date> (<rs type="criteria">prosopography</rs>)
            </p></div>

<div type="history" subtype="locations">
<head>Locations</head>
<p>
               <rs type="found">
                  <placeName type="ancientFindspot" ref="http://atlantides.org/batlas/neapolis-lepcis-magna-35-g2" key="db653">Lepcis Magna</placeName>: Findspot unrecorded</rs>
            </p>
<p>
               <rs type="origLocation">Unknown</rs>
            </p>
<p>
               <rs type="lastLocation"> <rs type="monuList" key="db654">Lepcis Museum</rs>.</rs>
            </p></div>


<div type="bibliography">
<head>Bibliography</head>
<p><bibl><author>Romanelli</author>, <xptr from="epigraphica"/> <biblScope>I: 99</biblScope>ff., fig 9</bibl>;
               <bibl><xptr from="ae"/>, <biblScope>1940:68</biblScope></bibl>
               <bibl><author>Aurigemma</author>, <xptr from="afrital"/>, <biblScope>VIII:12</biblScope> ff., fig. 7.</bibl></p></div>

<div type="history" subtype="text-constituted-from">
<head>Text constituted from</head>
<p>Transcription (Reynolds, Ward-Perkins)</p></div>

<div type="edition" lang="la">
<head lang="en">Text</head>
<ab>
               <lb n="1"/><persName type="divine"><name reg="Mars" type="cognomen">Marti</name> <name reg="Augustus" type="cognomen">Augusto</name></persName> <w lemma="sacer">sacrum</w>
               <lb n="2"/><w lemma="auspicium">auspiciis</w> <persName type="emperor"><w lemma="imperator"><expan><abbr>Imp</abbr><ex>eratoris</ex></expan></w> <name reg="Caesar" type="cognomen">Caesaris</name> <name reg="Augustus" type="cognomen"><expan><abbr>Aug</abbr><ex>usti</ex></expan></name></persName>
               <lb n="3"/><w lemma="pontifex">pontificis</w> <w lemma="magnus">maxumi</w> <w lemma="pater">patris</w>
               <lb n="4"/><w lemma="patria">patriae</w> <w lemma="duco">ductu</w> <persName type="attested"><name reg="Cossus" type="praenomen">Cossi</name> <name reg="Lentulus" type="cognomen">Lentuli</name></persName>
               <lb n="5"/><w lemma="consul"><expan><abbr>co</abbr><ex>n</ex><abbr>s</abbr><ex>ulis</ex></expan></w> <num value="15">XV</num><w lemma="uir">uiri</w> <w lemma="sacer">sacris</w> <w lemma="facio">faciundis</w>
               <lb n="6"/><expan><abbr>proco</abbr><ex>n</ex><abbr>s</abbr><ex>ulis</ex></expan> <w lemma="prouincia">prouincia</w> <placeName type="ethnic" reg="Africus">Africa</placeName>
               <lb n="7"/><w lemma="bellum">bello</w> <placeName type="ethnic" reg="Gaetulicus">Gaetulico</placeName> <w lemma="libero">liberata</w>
               <lb n="8"/><w lemma="ciuitas">ciuitas</w> <placeName type="ethnic" reg="Lepcitanus">Lepcitana</placeName>
            </ab></div>



<div type="translation">
<head>Translation</head>
<p>Sacred to Mars Augustus. Under the auspices of the emperor Caesar Augustus, chief priest, father of the country, and the leadership of Cossus Lentulus, consul, member of the committee of the fifteen for religious ceremonies <note>at Rome</note>, proconsul, the province of Africa was freed from the war with the Gaetuli. The city of Lepcis <supplied reason="subaudible">set this up</supplied>.</p></div>

<div type="commentary">
<head>Commentary</head>
<p>l. 4. Cossus Cornelius Lentulus, cos. B.C. 1, procos. Africae c. A.D. 6, = PIR (2) C 1380. </p>
<p>l. 7. See Dio Cassius LV, 28, 3- 4.</p></div>

<div type="figure">
<head>Photographs</head>
<p>
<figure href="0360"><figDesc>Ward-Perkins Archive, BSR (Sopr. CLM 329)</figDesc></figure>
<figure href="0361"><figDesc>Ward-Perkins Archive, BSR (Sopr. DLM Lastre)</figDesc></figure></p></div></body></text></TEI.2>
