<?xml version="1.0" encoding="UTF-8"?>
<!DOCTYPE TEI.2 SYSTEM "http://www.stoa.org/epidoc/dtd/6/tei-epidoc.dtd">
<TEI.2 lang="en" id="IRT300"><teiHeader><fileDesc><titleStmt><title>Fragmentary <rs type="textType">building</rs> <rs type="textType">dedication</rs> by Q. Manlius Ancharius Tarquitius Saturninus</title><editor>J. M. Reynolds</editor><editor>J. B. Ward-Perkins</editor></titleStmt><publicationStmt>
<p>Creative Commons licence Attribution UK 2.0 (<xref>http://creativecommons.org/licenses/by/2.0/uk/</xref>). </p>
<p>All reuse or distribution of this work must contain somewhere a link back to the URL <xref>http://irt.kcl.ac.uk/</xref>
            </p></publicationStmt><sourceDesc>
<p>Republished from <bibl id="irt1952">
                  <author>J. M. Reynolds</author> and <author>J. B. Ward-Perkins</author>, <title level="m">The Inscriptions of Roman Tripolitania</title>, <pubPlace>Rome</pubPlace>: <publisher>British
                  School at Rome</publisher>, <date>1952</date>. </bibl>
            </p></sourceDesc></fileDesc><encodingDesc>
<p>Marked-up according to the EpiDoc Guidelines version 5 <xref>http://www.stoa.org/epidoc/gl/5/</xref>
         </p></encodingDesc><profileDesc><langUsage><language id="ar">Arabic</language><language id="en">English</language><language id="fr">French</language><language id="de">German</language><language id="grc">Ancient Greek</language><language id="grc-Latn">Transliterated Greek</language><language id="el">Modern Greek</language><language id="he">Hebrew</language><language id="it">Italian</language><language id="la">Latin</language><language id="phn-LY">Punic</language><language id="ber-Latn">Native Libyan language in Latin script</language></langUsage><textClass/><textClass><keywords><term>
                  <geogName type="ancientRegion" key="Tripolitania">Tripolitania</geogName>
               </term><term>
                  <geogName type="modernCountry" key="LY">Libya</geogName>
               </term><term>
                  <placeName type="modernFindspot" key="http://www.geonames.org/2215692/leptis-magna.html">Leptis Magna</placeName>
               </term></keywords></textClass></profileDesc><revisionDesc>
<change><date>2008-09-09</date><respStmt><name>ZA</name></respStmt><item>converted using CHET-C</item></change>
<change><date>2009-05-19</date><respStmt><name>RV</name></respStmt><item>Added Figures</item></change>
<change><date>2009-08-24</date><respStmt><name>RV</name></respStmt><item>Added Figures</item></change></revisionDesc></teiHeader><text><body>

<div type="description" subtype="monument">
<head>Description of Monument</head>
<p>Two courses of <rs type="objectType">block</rs>s of <rs type="material">grey limestone</rs>
               a) Upper course: of the eight original blocks, six survive, nos. 1-3 (together, <rs type="dimensions">
                  <measure unit="metre" type="length" dim="width">2.45</measure>
                  <measure unit="metre" type="length" dim="height">0.43</measure></rs>), followed by a missing block (<rs type="dimensions">
                     <measure unit="metre" type="length" dim="width">1.16</measure>
                     <measure precision="circa" unit="metre" type="length" dim="height">0.43</measure></rs>),  followed  by nos. 5-7 (together, <rs type="dimensions">
                        <measure unit="metre" type="length" dim="width">3.22</measure>
                        <measure unit="metre" type="length" dim="height">0.43</measure></rs>). 
               The last block (<rs type="dimensions"><measure unit="metre" type="length" dim="width">0.70</measure>
                  <measure precision="circa" unit="metre" type="length" dim="height">0.43</measure></rs>) is missing.
               b) Lower course: of the ten (probably) original blocks, nos. 2-4 (together, <rs type="dimensions">
                  <measure unit="metre" type="length" dim="width">2.37</measure>
                  <measure unit="metre" type="length" dim="height">0.52</measure></rs>) survive followed by a gap (length not calculable), followed by  two blocks, 
               of which the right-hand end of the second is broken (together, <rs type="dimensions"><measure unit="metre" type="length" dim="width">1.37</measure>
                  <measure unit="metre" type="length" dim="height">0.52</measure></rs>). 
               The right- hand end of the course is missing.</p></div>

<div type="description" subtype="text">
<head>Description of Text</head>
<p>Inscribed on one face within a moulded panel (together, <rs type="dimensions">
               <measure unit="metre" type="length" dim="width">7.56</measure>
               <measure unit="metre" precision="circa" type="length" dim="height">0.95</measure></rs>).</p></div>

<div type="description" subtype="letters">
<head>Description of Letters</head>
<p>Lapidary capitals: l.1, <measure unit="metre" type="length" dim="height">0.14</measure>;
               l. 2, <measure unit="metre" type="length" dim="height">0.11</measure>:
               l. 3, <measure unit="metre" type="length" dim="height">0.09</measure>;
               l. 4, <measure unit="metre" type="length" dim="height">0.065</measure>;
               l. 5, <measure unit="metre" type="length" dim="height">0.06</measure>. The longitudinal spacing is erratic.</p></div>

<div type="description" subtype="date">
<head>Date</head>
<p>
               <date type="textDate" precision="exact" value="0072">A.D. 72 </date>
            (<rs type="criteria">titulature</rs>)</p></div>

<div type="history" subtype="locations">
<head>Locations</head>
<p>
               <rs type="found">
                  <placeName type="ancientFindspot" ref="http://atlantides.org/batlas/neapolis-lepcis-magna-35-g2" key="db653">Lepcis Magna</placeName>:
                  From the facade of the <rs type="monuList" key="db753">Temple of Magna Mater</rs> in the Forum Vetus</rs>
            </p>
<p>
               <rs type="origLocation">Unknown</rs>
            </p>
<p>
               <rs type="lastLocation"> Now recomposed nearby. </rs>
            </p></div>


<div type="bibliography">
<head>Bibliography</head>
<p><bibl><xptr from="cil"/>, <biblScope>VIII:22671</biblScope></bibl>
               <bibl><xptr from="romanelli1925&gt;"/>, 129</bibl>
               <bibl><author>Bartoccini</author><xptr from="rivarchcrist"/> <biblScope>VIII:26</biblScope>, <biblScope>VIII:29</biblScope></bibl>
              <bibl><xptr from="ae"/>, <biblScope>1934:171</biblScope>. (All publications are of scattered blocks only).</bibl></p></div>

<div type="history" subtype="text-constituted-from">
<head>Text constituted from</head>
<p>Transcription (Reynolds, Ward-Perkins)</p></div>

<div type="edition" lang="la">
<head lang="en">Text</head>
<ab>
               <lb n="1"/>
               <persName type="emperor"><w lemma="imperator"><expan><abbr>Imp</abbr><ex>eratore</ex></expan></w> <name reg="Caesar" type="cognomen">Caesare</name> <name reg="Vespasianus" type="cognomen">Vespasiano</name> 
               <supplied reason="lost"><name reg="Augustus" type="cognomen"><expan><abbr>Aug</abbr><ex>usto</ex></expan></name></supplied></persName>
               <supplied reason="lost"><w lemma="pontifex"><expan><abbr>pont</abbr><ex>ifice</ex></expan></w></supplied>
               <w lemma="magnus"><expan><abbr><supplied reason="lost">m</supplied>ax</abbr><ex>imo</ex></expan></w> 
               <w lemma="tribunicius"><expan><abbr>trib</abbr><ex>unicia</ex></expan></w> 
               <w lemma="potestas"><expan><abbr>potest</abbr><ex>ate</ex></expan></w> <num value="3">III</num> 
               <w lemma="imperator"><expan><abbr>imp</abbr><ex>eratore</ex></expan></w> <num value="10">X</num> 
               <w lemma="consul"><expan><abbr>co</abbr><ex>n</ex><abbr>s</abbr><ex>ule</ex></expan></w> <num value="4">IIII</num> 
               <w lemma="designo"><expan><abbr>des<supplied reason="lost">ig</supplied></abbr><supplied reason="lost"><ex>nato</ex></supplied></expan></w> 
               <supplied reason="lost"><num value="5">V</num> 
                  <w lemma="pater"><expan><abbr>p</abbr><ex>atre</ex></expan></w> <w lemma="patria"><expan><abbr>p</abbr><ex>atriae</ex></expan></w></supplied> 
               <lb n="2"/>
               <persName type="attested"><name reg="Quintus" type="praenomen"><expan><abbr>Q</abbr><ex>uintus</ex></expan></name> <name reg="Manlius" type="gentilicium">Manlius</name> <name reg="Ancharius" type="gentilicium">Ancharius</name> 
               <name reg="Tarquitius" type="gentilicium">Tarq<supplied reason="lost">uitius</supplied></name> <name reg="Saturninus" type="cognomen"><supplied reason="lost">Saturni</supplied>nus</name></persName> 
               <w lemma="proconsul"><expan><abbr>proco</abbr><ex>n</ex><abbr>s</abbr><ex>ul</ex></expan></w> <w lemma="patronus">patronus</w> 
               <w lemma="dedico">d<supplied reason="lost">edicauit</supplied></w> 
               <lb n="3"/>
               <gap reason="lost" extent="1" unit="character"/> 
               <persName type="attested"><name reg="Volumnius" type="gentilicium">Volumnius</name> <name reg="Memor" type="cognomen">Memor</name> <name reg="Felix" type="cognomen">Felix</name></persName> 
               <supplied reason="lost"><w lemma="legatus">legatus</w></supplied> <w lemma="pro">pro</w> <w lemma="praetor">pr<supplied reason="lost">aetore</supplied></w>
               <gap reason="lost" extent="unknown" unit="character"/>
               <lb n="4"/><persName type="attested"><name reg="Iddibal" type="cognomen">Iddibal</name> <persName type="attested"><name reg="Balsillec" type="cognomen">Balsillecis</name></persName> 
               <supplied reason="lost"><w lemma="filius"><expan><abbr>f</abbr><ex>ilius</ex></expan></w></supplied> 
               <persName type="attested"><name reg="Annobal" type="cognomen">Annobalis</name></persName> 
               <w lemma="nepos"><expan><abbr>n</abbr><ex>epos</ex></expan></w> 
               <persName type="attested"><name reg="Asmun" type="cognomen">Asmunis</name></persName> <w lemma="pronepos">pro<supplied reason="lost">nepos</supplied></w></persName>
               <gap reason="lost" extent="unknown" unit="character" id="gap1"/><certainty locus="#gi" target="gap1" degree="low"/><w part="F">us</w> 
               <w lemma="templum">templum</w> <persName type="divine"><name reg="Mater">Matris</name> <w lemma="magnus">Magna<supplied reason="lost">e</supplied></w></persName>
               <gap reason="lost" extent="unknown" unit="character"/>
               <lb n="5"/> <w lemma="et">et</w> <w lemma="exorno">exor<supplied reason="lost">nauit</supplied></w> <w lemma="ex"><supplied reason="lost">e</supplied>x</w> 
               <w lemma="sestertius"><expan><abbr><am><g type="sestertius"/></am></abbr><ex>sestertiis</ex></expan></w> <num value="200">CC</num> 
               <w lemma="mille"><expan><abbr>m</abbr><ex>ilibus</ex></expan></w> 
               <w lemma="nummus"><expan><abbr>n</abbr><ex>ummum</ex></expan></w> 
               <w lemma="de"><expan><abbr>d</abbr><ex>e</ex></expan></w> 
               <w lemma="suus"><expan><abbr>s</abbr><ex>ua</ex></expan></w> 
               <w lemma="pecunia"><expan><abbr>p</abbr><ex>ecunia</ex></expan></w> 
               <w lemma="do"><expan><abbr>d</abbr><ex>edit</ex></expan></w>
               <gap reason="lost" extent="unknown" unit="character" id="gap2"/><certainty locus="#gi" target="gap2" degree="low"/><w part="F" lemma="is">is</w> <w lemma="et">et</w> 
               <persName type="attested"><name reg="Passienus" type="cognomen">Passienus</name> <name reg="Maris" type="cognomen">Maris</name></persName> <w part="I"><expan><abbr>e</abbr><ex cert="low"/></expan></w>
               <gap reason="lost" extent="unknown" unit="character"/>
            </ab></div>



<div type="translation">
<head>Translation</head>
   <p>When emperor Caesar Vespasian <supplied reason="lost">Augustus was</supplied> Chief <supplied reason="lost">priest</supplied>, holding tribunician power for the third time, had been acclaimed victor ten times, was consul for the fourth time and designated <supplied reason="lost">for a fifth, father of the country</supplied>, Quintus Manlius Ancharius Tarq<supplied reason="lost">uitius Saturni</supplied>nus proconsul, patron, d<supplied reason="lost">edicated</supplied><supplied reason="subaudible"> this</supplied>, <gap reason="lost"/> Volumnius Memor Felix, his <supplied reason="lost">legate</supplied> holding propraetorian powers <supplied reason="lost">being present too</supplied>. Iddibal, <supplied reason="lost">son</supplied> of Balsillac, grandson of Annobal, great grandson of Asmun <gap reason="lost"/><supplied reason="lost">built</supplied> the temple of Mater Magna <gap reason="lost"/> and adorned it at a cost of 200,000 sesterces given from his own funds <gap reason="lost"/> and Passienus Maris <note> or ? son of Mar</note> from <gap reason="lost"/></p></div>

<div type="commentary">
<head>Commentary</head>
<p>l. 1. trib. pot. III -  1 July 71 - 30 June 7, cos. iiii - 1 January 72. </p>
<p>Line 2:  Probably <foreign lang="la">Q. Manlius Tarquitius Saturninus</foreign>, cos. an. inc. under Nero (Pugliese Carratelli, <title>Parola del Passato</title>,  vol 1 (1946) 381). Not otherwise recorded as <foreign lang="la">procos. Africae</foreign>. </p><p>l. 3. <foreign lang="la">Volumnius Memor Felix</foreign>. Otherwise unknown; but see <title level="m">ILS</title> 6675 for a <foreign lang="la">C. Volumnius Memor</foreign> and 8086 for a <foreign lang="la">P. Volumnius Felix</foreign>.</p></div>

<div type="figure">
<head>Photographs</head>
<p>
<figure href="0354"><figDesc>Ward-Perkins Archive, BSR (Sopr. DLM 1567 Leica)</figDesc></figure>
<figure href="0355"><figDesc>Ward-Perkins Archive, BSR (Sopr. DLM 1567 Leica)</figDesc></figure>
<figure href="0356"><figDesc>Ward-Perkins Archive, BSR (Photo RGG)</figDesc></figure>
<figure href="0357"><figDesc>Ward-Perkins Archive, BSR (BSR 47.XVII.26)</figDesc></figure>
<figure href="0358"><figDesc>Ward-Perkins Archive, BSR (BSR 48.XIV.7)</figDesc></figure>
<figure href="0359"><figDesc>Ward-Perkins Archive, BSR (BSR 48.XIV.8)</figDesc></figure></p></div></body></text></TEI.2>
