<?xml version="1.0" encoding="UTF-8"?>
<!DOCTYPE TEI.2 SYSTEM "http://www.stoa.org/epidoc/dtd/6/tei-epidoc.dtd">
<TEI.2 lang="en" id="IRT308"><teiHeader><fileDesc><titleStmt><title><rs type="textType">Title</rs>  and <rs type="textType">dedication</rs> for an image of Augusta Salutaris</title><editor>J. M. Reynolds</editor><editor>J. B. Ward-Perkins</editor></titleStmt><publicationStmt>
<p>Creative Commons licence Attribution UK 2.0 (<xref>http://creativecommons.org/licenses/by/2.0/uk/</xref>). </p>
<p>All reuse or distribution of this work must contain somewhere a link back to the URL <xref>http://irt.kcl.ac.uk/</xref>
            </p></publicationStmt><sourceDesc>
<p>Republished from <bibl id="irt1952">
                  <author>J. M. Reynolds</author> and <author>J. B. Ward-Perkins</author>, <title level="m">The Inscriptions of Roman Tripolitania</title>, <pubPlace>Rome</pubPlace>: <publisher>British
                  School at Rome</publisher>, <date>1952</date>. </bibl>
            </p></sourceDesc></fileDesc><encodingDesc>
<p>Marked-up according to the EpiDoc Guidelines version 5 <xref>http://www.stoa.org/epidoc/gl/5/</xref>
         </p></encodingDesc><profileDesc><langUsage><language id="ar">Arabic</language><language id="en">English</language><language id="fr">French</language><language id="de">German</language><language id="grc">Ancient Greek</language><language id="grc-Latn">Transliterated Greek</language><language id="el">Modern Greek</language><language id="he">Hebrew</language><language id="it">Italian</language><language id="la">Latin</language><language id="phn-LY">Punic</language><language id="ber-Latn">Native Libyan language in Latin script</language></langUsage><textClass/><textClass><keywords><term>
                  <geogName type="ancientRegion" key="Tripolitania">Tripolitania</geogName>
               </term><term>
                  <geogName type="modernCountry" key="LY">Libya</geogName>
               </term><term>
                  <placeName type="modernFindspot" key="http://www.geonames.org/2215692/leptis-magna.html">Leptis Magna</placeName>
               </term></keywords></textClass></profileDesc><revisionDesc>
<change><date>2008-09-09</date><respStmt><name>ZA</name></respStmt><item>converted using CHET-C</item></change>
<change><date>2009-05-19</date><respStmt><name>RV</name></respStmt><item>Added Figures</item></change>
<change><date>2009-08-24</date><respStmt><name>RV</name></respStmt><item>Added Figures</item></change></revisionDesc></teiHeader><text><body>

<div type="description" subtype="monument">
<head>Description of Monument</head>
<p> <rs type="objectType">Panel</rs> (<rs type="dimensions"><measure unit="metre" type="length" dim="width">4.56</measure>
                                                  <measure unit="metre" type="length" dim="height">0.69</measure>
                                                  <measure unit="metre" type="length" dim="depth">0.25</measure></rs>) 
               and fragment from the left end of similar <rs type="objectType">panel</rs> (<rs type="dimensions"><measure unit="metre" type="length" dim="width">1.24</measure>
                                                  <measure unit="metre" type="length" dim="height">0.65</measure>
                                                  <measure unit="metre" type="length" dim="depth">0.27</measure></rs>), both of <rs type="material">grey limestone</rs>, inscribed within a <rs type="decoration">moulded border</rs> 
               (die of complete panel, <rs type="dimensions"><measure unit="metre" type="length" dim="width">4.35</measure><measure unit="metre" type="length" dim="height">0.48</measure></rs>). 
               The first letter of l. 2 of the fragment is set <measure unit="metre" type="length" dim="height">0.98</measure> from the border, as against <measure unit="metre" type="length" dim="height">0.11</measure> on the complete panel, but in all other respects they seem to have been identical. </p></div>

<div type="description" subtype="text">
<head>Description of Text</head>
<p>Inscribed on the surviving faces.</p></div>

<div type="description" subtype="letters">
<head>Description of Letters</head>
<p>Lapidary capitals: l.1, <measure unit="metre" type="length" dim="height">0.25</measure>: l. 2, <measure unit="metre" type="length" dim="height">0.16</measure>. </p></div>

<div type="description" subtype="date">
<head>Date</head>
<p>
               <date type="textDate" value="0030" precision="circa" cert="low">A.D. 30</date>
            (<rs type="criteria">prosopography</rs>)</p></div>

<div type="history" subtype="locations">
<head>Locations</head>
<p>
               <rs type="found">
                  <placeName type="ancientFindspot" ref="http://atlantides.org/batlas/neapolis-lepcis-magna-35-g2" key="db653">Lepcis Magna</placeName>:  
                  <rs type="monuList" key="db728">Decumanus maximus</rs>. Both found beside the base of a formal arch, which spans the street between Reg. II, ins. 1 and Reg. III, ins 1. </rs>
            </p>
<p>
               <rs type="origLocation">Unknown</rs>
            </p>
<p>
               <rs type="lastLocation">Findspot</rs>
            </p></div>


<div type="bibliography">
<head>Bibliography</head>
<p>Not previously published.</p></div>

<div type="history" subtype="text-constituted-from">
<head>Text constituted from</head>
<p>Transcription (Reynolds, Ward-Perkins)</p></div>

<div type="edition" lang="la">
<head lang="en">Text</head>
<ab>
               <lb n="1"/><persName type="divine"><name reg="Augusta" type="cognomen">Augusta</name> <name reg="Salutaris">Salutaris</name></persName>
               <lb n="2"/><persName type="attested"><name reg="Caius" type="praenomen"><expan><abbr>C</abbr><ex>aius</ex></expan></name> <name reg="Vibius" type="gentilicium">Vibius</name> 
                  <name reg="Marsus" type="cognomen">Marsus</name> <w lemma="proconsul"><expan><abbr>proco</abbr><ex>n</ex><abbr><supplied reason="lost">s</supplied></abbr><supplied reason="lost"><ex>ul</ex></supplied></expan></w></persName>
               <num value="3"><supplied reason="lost">I</supplied>II</num> <w lemma="dedico">dedicauit</w> </ab></div>

<div type="apparatus">
<head>Apparatus</head>
<p>
               <app loc="2"><lem><num value="3">III</num></lem><note>The superscript bar shows that a figure is lost.</note></app>
            </p></div>

<div type="translation">
<head>Translation</head>
<p>Augusta Salutaris. Caius Vibius Marsus, proconsul for the third year dedicated <supplied reason="subaudible">this</supplied>.</p></div>

<div type="commentary">
<head>Commentary</head>
<p>l. 2. C. Vibius Marsus. Cos. suff. 17 - PIR (1) V 388. </p></div>

<div type="figure">
<head>Photographs</head>
<p>
<figure href="0369"><figDesc>Ward-Perkins Archive, BSR (BSR 46.XXI.28)</figDesc></figure>
<figure href="0371"><figDesc>Ward-Perkins Archive, BSR (Sopr. CLM 817)</figDesc></figure></p></div></body></text></TEI.2>
