<?xml version="1.0" encoding="UTF-8"?>
<!DOCTYPE TEI.2 SYSTEM "http://www.stoa.org/epidoc/dtd/6/tei-epidoc.dtd">
<TEI.2 lang="en" id="IRT320"><teiHeader><fileDesc><titleStmt><title><rs type="textType">Dedication</rs> to Augustus</title><editor>J. M. Reynolds</editor><editor>J. B. Ward-Perkins</editor></titleStmt><publicationStmt>
<p>Creative Commons licence Attribution UK 2.0 (<xref>http://creativecommons.org/licenses/by/2.0/uk/</xref>). </p>
<p>All reuse or distribution of this work must contain somewhere a link back to the URL <xref>http://irt.kcl.ac.uk/</xref>
            </p></publicationStmt><sourceDesc>
<p>Republished from <bibl id="irt1952">
                  <author>J. M. Reynolds</author> and <author>J. B. Ward-Perkins</author>, <title level="m">The Inscriptions of Roman Tripolitania</title>, <pubPlace>Rome</pubPlace>: <publisher>British
                  School at Rome</publisher>, <date>1952</date>. </bibl>
            </p></sourceDesc></fileDesc><encodingDesc>
<p>Marked-up according to the EpiDoc Guidelines version 5 <xref>http://www.stoa.org/epidoc/gl/5/</xref>
         </p></encodingDesc><profileDesc><langUsage><language id="ar">Arabic</language><language id="en">English</language><language id="fr">French</language><language id="de">German</language><language id="grc">Ancient Greek</language><language id="grc-Latn">Transliterated Greek</language><language id="el">Modern Greek</language><language id="he">Hebrew</language><language id="it">Italian</language><language id="la">Latin</language><language id="phn-LY">Punic</language><language id="ber-Latn">Native Libyan language in Latin script</language></langUsage><textClass/><textClass><keywords><term>
                  <geogName type="ancientRegion" key="Tripolitania">Tripolitania</geogName>
               </term><term>
                  <geogName type="modernCountry" key="LY">Libya</geogName>
               </term><term>
                  <placeName type="modernFindspot" key="http://www.geonames.org/2215692/leptis-magna.html">Leptis Magna</placeName>
               </term></keywords></textClass></profileDesc><revisionDesc>
<change><date>2008-09-09</date><respStmt><name>ZA</name></respStmt><item>converted using CHET-C</item></change>
<change><date>2009-05-19</date><respStmt><name>RV</name></respStmt><item>Added Figures</item></change>
<change><date>2009-08-24</date><respStmt><name>RV</name></respStmt><item>Added Figures</item></change></revisionDesc></teiHeader><text><body>

<div type="description" subtype="monument">
<head>Description of Monument</head>
<p>Rectangular <rs type="objectType">base</rs> (<rs type="dimensions"><measure unit="metre" type="length" dim="width">0.785</measure><measure unit="metre" type="length" dim="height">0.39</measure><measure unit="metre" type="length" dim="depth">0.465</measure></rs>) of <rs type="material">grey limestone</rs>,
               with four <rs type="decoration">sockets</rs> on the upper surface. 
               </p></div>

<div type="description" subtype="text">
<head>Description of Text</head>
<p>inscribed on one face within a moulded panel (die, <rs type="dimensions"><measure unit="metre" type="length" dim="width">0.63</measure><measure unit="metre" type="length" dim="height">0.24</measure></rs>). 
               Uniform with <xref type="inscription">328</xref>.</p></div>

<div type="description" subtype="letters">
<head>Description of Letters</head>
<p>Irregular capitals: <measure unit="metre" type="length" dim="height" from="0.045" to="0.035">0.045- 0.035</measure></p></div>

<div type="description" subtype="date">
<head>Date</head>
<p>
               <date type="textDate" value="-0002" precision="exact">2 B.C.</date>
            </p></div>

<div type="history" subtype="locations">
<head>Locations</head>
<p>
               <rs type="found">
                  <placeName type="ancientFindspot" ref="http://atlantides.org/batlas/neapolis-lepcis-magna-35-g2" key="db653">Lepcis Magna</placeName>:
                  <rs type="monuList" key="db756">Theatre</rs>, in the vaults below the stage. </rs>
            </p>
<p>
               <rs type="origLocation">Unknown</rs>
            </p>
<p>
               <rs type="lastLocation">Findspot</rs>
            </p></div>


<div type="bibliography">
<head>Bibliography</head>
<p>Not previously published.</p></div>

<div type="history" subtype="text-constituted-from">
<head>Text constituted from</head>
<p>Transcription (Reynolds, Ward-Perkins)</p></div>

<div type="edition" lang="la">
<head lang="en">Text</head>
<ab>
               <lb n="1"/><persName type="emperor"><w lemma="imperator"><expan><abbr>Imp</abbr><ex>eratori</ex></expan></w> <name reg="Caesar" type="cognomen">Caesari</name> 
                  <persName type="emperor"><w lemma="diuus">Diui</w></persName> <w lemma="filius"><expan><abbr>f</abbr><ex>ilio</ex></expan></w> 
                  <name reg="Augustus" type="cognomen"><expan><abbr>Aug</abbr><ex>usto</ex></expan></name></persName>
               <lb n="2"/><w lemma="pontifex"><expan><abbr>pont</abbr><ex>ifici</ex></expan></w> 
               <w lemma="magnus"><expan><abbr>max</abbr><ex>imo</ex></expan></w> 
               <w lemma="consul"><expan><abbr>co</abbr><ex>n</ex><abbr>s</abbr><ex>uli</ex></expan></w> 
               <w lemma="designo"><expan><abbr>desig</abbr><ex>nato</ex></expan></w> <num value="13">XIII</num>
               <lb n="3"/><w lemma="tribunicius">tribunicia</w> <w lemma="potestas">po<supplied reason="lost">t</supplied>estate</w> <num value="21">XXI</num>
               <lb n="4"/><persName type="attested"><name reg="Fuluius" type="gentilicium">Fuluii</name> <w lemma="Lepcitanus"><placeName type="ethnic" reg="Lepcitanus">Lepc<supplied reason="lost">itani</supplied></placeName></w></persName> 
               <w lemma="conservator"><supplied reason="lost">c</supplied><unclear>on</unclear>s<supplied reason="lost">er</supplied><unclear>ua</unclear>tori</w>
            </ab></div>



<div type="translation">
<head>Translation</head>
<p>To Emperor Caesar Augustus, son of the deified <supplied reason="subaudible">Caesar</supplied>, chief priest, designated consul for the thirteenth time, holding tribunician power for the twenty-first; the Fulvii of Lepcis <supplied reason="subaudible">set this up</supplied> to their saviour.</p></div>

<div type="commentary">
<head>Commentary</head>
<p>l. 3. trib. pot. XIII - 1 July 3 B.C. - 30 June 2 B.C. Augustus was cos. XIII on 1 Jan. 2 B.C. </p>
<p>l. 4. Fuluii Lepcitani. See also <xref type="inscription">328</xref> , l. 3 ;  <xref type="inscription">596</xref> , l. 1. </p></div>

<div type="figure">
<head>Photographs</head>
<p>
<figure href="0393"><figDesc>Ward-Perkins Archive, BSR (Sopr. DLM 1624 Leica)</figDesc></figure></p></div></body></text></TEI.2>
