<?xml version="1.0" encoding="UTF-8"?>
<!DOCTYPE TEI.2 SYSTEM "http://www.stoa.org/epidoc/dtd/6/tei-epidoc.dtd">
<TEI.2 lang="en" id="IRT305"><teiHeader><fileDesc><titleStmt><title><rs type="textType">Dedication</rs> to Neptune Augustus </title><editor>J. M. Reynolds</editor><editor>J. B. Ward-Perkins</editor></titleStmt><publicationStmt>
<p>Creative Commons licence Attribution UK 2.0 (<xref>http://creativecommons.org/licenses/by/2.0/uk/</xref>). </p>
<p>All reuse or distribution of this work must contain somewhere a link back to the URL <xref>http://irt.kcl.ac.uk/</xref>
            </p></publicationStmt><sourceDesc>
<p>Republished from <bibl id="irt1952">
                  <author>J. M. Reynolds</author> and <author>J. B. Ward-Perkins</author>, <title level="m">The Inscriptions of Roman Tripolitania</title>, <pubPlace>Rome</pubPlace>: <publisher>British
                  School at Rome</publisher>, <date>1952</date>. </bibl>
            </p></sourceDesc></fileDesc><encodingDesc>
<p>Marked-up according to the EpiDoc Guidelines version 5 <xref>http://www.stoa.org/epidoc/gl/5/</xref>
         </p></encodingDesc><profileDesc><langUsage><language id="ar">Arabic</language><language id="en">English</language><language id="fr">French</language><language id="de">German</language><language id="grc">Ancient Greek</language><language id="grc-Latn">Transliterated Greek</language><language id="el">Modern Greek</language><language id="he">Hebrew</language><language id="it">Italian</language><language id="la">Latin</language><language id="phn-LY">Punic</language><language id="ber-Latn">Native Libyan language in Latin script</language></langUsage><textClass/><textClass><keywords><term>
                  <geogName type="ancientRegion" key="Tripolitania">Tripolitania</geogName>
               </term><term>
                  <geogName type="modernCountry" key="LY">Libya</geogName>
               </term><term>
                  <placeName type="modernFindspot" key="http://www.geonames.org/2215692/leptis-magna.html">Leptis Magna</placeName>
               </term></keywords></textClass></profileDesc><revisionDesc>
<change><date>2008-09-09</date><respStmt><name>ZA</name></respStmt><item>converted using CHET-C</item></change>
<change><date>2009-05-19</date><respStmt><name>RV</name></respStmt><item>Added Figures</item></change>
<change><date>2009-08-24</date><respStmt><name>RV</name></respStmt><item>Added Figures</item></change></revisionDesc></teiHeader><text><body>

<div type="description" subtype="monument">
<head>Description of Monument</head>
<p> Left half of a rectangular <rs type="objectType">base</rs> 
               (<rs type="dimensions"><measure unit="metre" type="length" dim="width">0.39</measure><measure unit="metre" type="length" dim="height">0.74</measure><measure unit="metre" type="length" dim="depth">0.68</measure></rs>) 
               of <rs type="material">yellow limestone</rs> marked with red; inscribed on one face. 
               One line in lightly inscribed Neo- Punic (not yet deciphered in 1952) follows the Latin text. 
               The Neo-Punic inscription is unpublished and may include the name (not otherwise attested in Phoenician onomastics) A<unclear>t</unclear>arba'al or I<unclear>tt</unclear>arba'al. See Introduction.</p></div>

<div type="description" subtype="text">
<head>Description of Text</head>
<p>Inscribed on the surviving face.</p></div>

<div type="description" subtype="letters">
<head>Description of Letters</head>
<p>Lapidary capitals: 1. l, <measure unit="metre" type="length" dim="height">0.075</measure>; 1. 2, <measure unit="metre" type="length" dim="height">0.07</measure>, I1. 4- 5, <measure unit="metre" type="length" dim="height">0.045</measure>.</p></div>

<div type="description" subtype="date">
<head>Date</head>
<p>
               <date type="textDate">Unknown</date>
            </p></div>

<div type="history" subtype="locations">
<head>Locations</head>
<p>
               <rs type="found">
                  <placeName type="ancientFindspot" ref="http://atlantides.org/batlas/neapolis-lepcis-magna-35-g2" key="db653">Lepcis Magna</placeName>:
                  <rs type="monuList" key="db729">Punic Market</rs>, in the South West portico.</rs>
            </p>
<p>
               <rs type="origLocation">Unknown</rs>
            </p>
<p>
               <rs type="lastLocation">Findspot</rs>
            </p></div>


<div type="bibliography">
<head>Bibliography</head>
<p>Not previously published.</p></div>

<div type="history" subtype="text-constituted-from">
<head>Text constituted from</head>
<p>Transcription (Reynolds, Ward-Perkins)</p></div>

<div type="edition" lang="la">
<head lang="en">Text</head>
<ab>
               <lb n="1"/><persName type="divine"><name reg="Neptunus" type="cognomen">Neptu<supplied reason="lost">no</supplied></name>
               <lb n="2"/><name reg="Augustus" type="cognomen"><expan><abbr>Aug</abbr><ex>usto</ex></expan></name></persName> <w lemma="sacer"><expan><abbr>s<supplied reason="lost">ac</supplied></abbr><ex>rum</ex></expan></w>
               <lb n="3"/><persName type="attested"><name reg="Caius" type="praenomen"><expan><abbr>C</abbr><ex>aius</ex></expan></name> <name reg="Sossius" type="gentilicium">Sossius</name> <gap reason="lost" extent="5" unit="character" precision="circa"/><lb n="4" type="worddiv"/><name type="cognomen"><seg part="F">nus</seg></name></persName> <num value="4">IIII</num><w lemma="uir">u<supplied reason="lost">ir</supplied></w><gap reason="lost" extent="unknown" unit="character"/>
               <lb n="5"/><w lemma="potestas"><expan><abbr>pot</abbr><ex>estate</ex></expan></w> <w lemma="de">de</w> <w lemma="suus">sua</w> <supplied reason="lost"><w lemma="pecunia">pecunia</w></supplied> <supplied reason="lost"><w lemma="pono">posuit</w></supplied>
            </ab></div>

<div type="apparatus">
<head>Apparatus</head>
<p>
               <app loc="5"><note> Presumably <expan><abbr>quinq</abbr><ex>uennalicia</ex></expan> <expan><abbr>pot</abbr><ex>estate</ex></expan> or 
                     <expan><abbr>aed</abbr><ex>ilicia</ex></expan> <expan><abbr>pot</abbr><ex>estate</ex></expan>. <num value="4">IIII</num>viri are not otherwise rewarded at Lepcis. </note></app>
            </p></div>

<div type="translation">
<head>Translation</head>
   <p>Sacred to Neptune Augustus, Caius Sossius <gap reason="lost"/>nus, quattuor-vir with <gap reason="lost"/> powers, <supplied reason="subaudible">set this up</supplied> at his own expense.</p></div>

<div type="commentary">
<head>Commentary</head><p>No comment.</p></div>

<div type="figure">
<head>Photographs</head>
<p>
<figure href="0366"><figDesc>Ward-Perkins Archive, BSR (Sopr. CLM 200)</figDesc></figure>
<figure href="0367"><figDesc>Ward-Perkins Archive, BSR (Sopr. CLM 644)</figDesc></figure></p></div></body></text></TEI.2>
