<?xml version="1.0" encoding="UTF-8"?>
<!DOCTYPE TEI.2 SYSTEM "http://www.stoa.org/epidoc/dtd/6/tei-epidoc.dtd">
<TEI.2 lang="en" id="IRT331"><teiHeader><fileDesc><titleStmt><title><rs type="textType">Building</rs> <rs type="textType">dedication</rs> to Tiberius  for road paving</title><editor>J. M. Reynolds</editor><editor>J. B. Ward-Perkins</editor></titleStmt><publicationStmt>
<p>Creative Commons licence Attribution UK 2.0 (<xref>http://creativecommons.org/licenses/by/2.0/uk/</xref>). </p>
<p>All reuse or distribution of this work must contain somewhere a link back to the URL <xref>http://irt.kcl.ac.uk/</xref>
            </p></publicationStmt><sourceDesc>
<p>Republished from <bibl id="irt1952">
                  <author>J. M. Reynolds</author> and <author>J. B. Ward-Perkins</author>, <title level="m">The Inscriptions of Roman Tripolitania</title>, <pubPlace>Rome</pubPlace>: <publisher>British
                  School at Rome</publisher>, <date>1952</date>. </bibl>
            </p></sourceDesc></fileDesc><encodingDesc>
<p>Marked-up according to the EpiDoc Guidelines version 5 <xref>http://www.stoa.org/epidoc/gl/5/</xref>
         </p></encodingDesc><profileDesc><langUsage><language id="ar">Arabic</language><language id="en">English</language><language id="fr">French</language><language id="de">German</language><language id="grc">Ancient Greek</language><language id="grc-Latn">Transliterated Greek</language><language id="el">Modern Greek</language><language id="he">Hebrew</language><language id="it">Italian</language><language id="la">Latin</language><language id="phn-LY">Punic</language><language id="ber-Latn">Native Libyan language in Latin script</language></langUsage><textClass/><textClass><keywords><term>
                  <geogName type="ancientRegion" key="Tripolitania">Tripolitania</geogName>
               </term><term>
                  <geogName type="modernCountry" key="LY">Libya</geogName>
               </term><term>
                  <placeName type="modernFindspot" key="http://www.geonames.org/2215692/leptis-magna.html">Leptis Magna</placeName>
               </term></keywords></textClass></profileDesc><revisionDesc>
<change><date>2008-09-09</date><respStmt><name>ZA</name></respStmt><item>converted using CHET-C</item></change>
<change><date>2009-05-19</date><respStmt><name>RV</name></respStmt><item>Added Figures</item></change>
<change><date>2009-08-24</date><respStmt><name>RV</name></respStmt><item>Added Figures</item></change></revisionDesc></teiHeader><text><body>

<div type="description" subtype="monument">
<head>Description of Monument</head>
<p> Ten <rs type="objectType">block</rs>s of <rs type="material">grey limestone</rs>
               (together, <rs type="dimensions">
                  <measure unit="metre" type="length" dim="width">4.75</measure>
                  <measure unit="metre" type="length" dim="height">0.95</measure></rs>) inscribed on one face only. .
               An eleventh inscribed block is missing.</p></div>

<div type="description" subtype="text">
<head>Description of Text</head>
<p>Inscribed on one face only. The text is identical with <xref type="inscription">330</xref>.</p></div>

<div type="description" subtype="letters">
<head>Description of Letters</head>
<p> Lapidary capitals: l. 1, <measure unit="metre" type="length" dim="height">0.12</measure>;
                   l. 2, <measure unit="metre" type="length" dim="height">0.09</measure>;
                   remainder, <measure unit="metre" type="length" dim="height" from="0.055" to="0.07">0.055-0.07</measure>. </p></div>

<div type="description" subtype="date">
<head>Date</head>
<p>
               <date type="textDate" notBefore="0035" notAfter="0036" exact="both">A.D. 35-36</date>
            (<rs type="criteria">reign</rs>, <rs type="criteria">titulature</rs>)</p></div>

<div type="history" subtype="locations">
<head>Locations</head>
<p>
               <rs type="found">
                  <placeName type="ancientFindspot" ref="http://atlantides.org/batlas/neapolis-lepcis-magna-35-g2" key="db653">Lepcis Magna</placeName>:
                  From a simple arch across the street at the North angle of the Portico behind the <rs type="monuList" key="db756">Theatre</rs> (Reg. .V, ins. 14).</rs>
            </p>
<p>
               <rs type="origLocation">Unknown</rs>
            </p>
<p>
               <rs type="lastLocation">Findspot</rs>
            </p></div>



<div type="bibliography">
<head>Bibliography</head>
<p>Romanelli, <title level="j">Afr. Ital.</title> VII (1940) 87 ff,., figs. 2, 3; <title level="j">L'Ann. Ep.</title> 1948, 1</p></div>

<div type="history" subtype="text-constituted-from">
<head>Text constituted from</head>
<p>Transcription (Reynolds, Ward-Perkins)</p></div>

<div type="edition" lang="la">
<head lang="en">Text</head>
<ab>
               <lb n="1"/><persName type="emperor"><name reg="Tiberius" type="praenomen"><supplied reason="lost"><expan><abbr>Ti</abbr><ex>berio</ex></expan></supplied></name> <name reg="Caesar" type="cognomen"><supplied reason="lost">Caes</supplied>ari</name> 
               <persName type="emperor"><w lemma="diuus">diui</w> <name reg="Augustus" type="cognomen"><expan><abbr>Aug</abbr><ex>usti</ex></expan></name></persName> 
               <w lemma="filius"><expan><abbr>f</abbr><ex>ilio</ex></expan></w> <name reg="Augustus" type="cognomen">Augusto</name> 
                  <persName type="emperor"><w lemma="diuus">diui</w> <name reg="Iulius" type="gentilicium">Iuli</name></persName>
               <w lemma="nepos"><expan><abbr>n</abbr><ex>epoti</ex></expan></w></persName> 
               <w lemma="pontifex"><expan><abbr>pont</abbr><ex>ifici</ex></expan></w> 
               <w lemma="magnus"><expan><abbr>max</abbr><ex>imo</ex></expan></w> 
               <w lemma="consul"><expan><abbr>co</abbr><ex>n</ex><abbr><supplied reason="lost">s</supplied></abbr><supplied reason="lost"><ex>uli</ex></supplied></expan></w> 
               <supplied reason="lost"><num value="5">V</num></supplied> 
               <w lemma="imperator"><expan><abbr>imp</abbr><ex>eratori</ex></expan></w> <num value="8">VIII</num>
               <lb n="2"/><w lemma="tribunicius"><expan><abbr>trib</abbr><ex>unicia</ex></expan></w> 
               <w lemma="potestas"><expan><abbr>potest</abbr><ex>ate</ex></expan></w> <num value="37">XXXVII</num>
               <lb n="3"/><persName type="attested"><name reg="Caius" type="praenomen"><expan><abbr>C</abbr><ex>aius</ex></expan></name> 
                  <name reg="Rubellius" type="gentilicium">Rubellius</name> <name reg="Blandus" type="cognomen">Blandus</name></persName> 
               <w lemma="quaestor"><expan><abbr>q</abbr><ex>uaestor</ex></expan></w> <persName type="emperor"><w lemma="diuus">diui</w> 
               <name reg="Augustus" type="cognomen"><expan><abbr>Aug</abbr><ex>usti</ex></expan></name></persName> 
               <w lemma="tribunus"><expan><abbr>tr</abbr><ex>ibunus</ex></expan></w> 
               <w lemma="plebs"><expan><abbr>pl</abbr><ex>ebis</ex></expan></w> 
               <w lemma="praetor"><expan><abbr>pr</abbr><ex>aetor</ex></expan></w> 
               <w lemma="consul"><expan><abbr>co</abbr><ex>n</ex><abbr>s</abbr><ex>ul</ex></expan></w> 
               <w lemma="proconsul"><expan><abbr>proco</abbr><ex>n</ex><abbr>s</abbr><ex>ul</ex></expan></w> 
               <w lemma="pontifex"><expan><abbr>pont</abbr><ex>ifex</ex></expan></w> <w lemma="patronus">patronus</w>
               <lb n="4"/><w lemma="ex">ex</w> <w lemma="reditus">r<supplied reason="lost">e</supplied>ditibus</w>
               <w lemma="ager">agrorum</w> <w lemma="qui">quos</w>
               <placeName type="ethnic" reg="Lepcitanus">Lepcitanis</placeName> 
               <w lemma="restituo">restituit</w> <w lemma="uia">uias</w> <w lemma="omnis">omnis</w> 
               <w lemma="ciuitas">ciuitatis</w> <placeName type="ethnic" reg="Lepcitanus">Lepcitanae</placeName> 
               <w lemma="sterno">ster<lb n="5" type="worddiv"/>nendas</w> <w lemma="silex">silice</w>
               <w lemma="curo">curauit</w>
               <lb n="6"/><persName type="attested"><name reg="Marcus" type="praenomen"><expan><abbr>M</abbr><ex>arcus</ex></expan></name> <name reg="Etrilius" type="gentilicium">Etrilius</name> 
                  <name reg="Lupercus" type="cognomen">Lupercus</name></persName> 
               <w lemma="legatus"><expan><abbr>leg</abbr><ex>atus</ex></expan></w> 
               <w lemma="pro">pro</w> <w lemma="praetor"><expan><abbr>pr</abbr><ex>aetore</ex></expan></w> 
               <w lemma="patronus">patronus</w> <w lemma="sub">sub</w>
               <rs type="military"><w lemma="hasta">hasta</w></rs>
               <w lemma="facio"><expan><abbr>f</abbr><ex>aciendum</ex></expan></w>  
              <w lemma="loco"> <expan><abbr>l</abbr><ex>ocauit</ex></expan></w> 
            </ab></div>




   <div type="translation">
      <head>Translation</head>
      <p>To Tiberius Caesar Augustus, son of the deified Augustus, grandson of deified Julius, chief priest, consul <supplied reason="lost">for the fifth time</supplied>, acclaimed victor for the eight, holding tribunician power for the thirty-seventh; Caius Rubellius Blandus, quaestor of deified Augustus, tribune of the people, praetor, consul, proconsul, priest, patron, using the income from land which he restored to the people of Lepcis, <supplied reason="lost">saw to it</supplied> that all the streets of the city of Lapcis were paved with silex. Marcus Etrilius Lupercus, his legate <note>senatorial assistent</note> and civic patron let the contracts for the work. </p></div>
   

<div type="commentary">
<head>Commentary</head>
<p>l. 2. trib. pot. XXXVII - July 35 - 30 June 36. </p>
<p>l. 3. C. Rubellius Blandus. Cos. suff. 18 = <title level="m">PW</title> I A 1158, no. 5; also in  <xref type="inscription">330</xref>, l. 3;  
               <xref type="inscription">540</xref>, l. 1;  <xref type="inscription">269</xref>, l. 2.</p>
<p>l. 4. See also 330. Perhaps an aftermath of the war with Tacfarinas. </p>
<p>l. 6. M. Etrilius Lupercus. PIR2E 103; also in  <xref type="inscription">331</xref> , I. 6;  <xref type="inscription">540</xref> , l. 2.</p></div>

<div type="figure">
<head>Photographs</head>
<p>
<figure href="0409"><figDesc>Ward-Perkins Archive, BSR (Sopr. DLM 1359 Leica)</figDesc></figure>
<figure href="0410"><figDesc>Ward-Perkins Archive, BSR (BSR 46.XVII.25)</figDesc></figure>
<figure href="0411"><figDesc>Ward-Perkins Archive, BSR (Sopr. DLM 135 Lastre)</figDesc></figure>
<figure href="0412"><figDesc>Ward-Perkins Archive, BSR (Sopr. DLM 136 Lastre)</figDesc></figure></p>
</div></body></text></TEI.2>
