<?xml version="1.0" encoding="UTF-8"?>
<!DOCTYPE TEI.2
  SYSTEM "http://www.stoa.org/epidoc/dtd/6/tei-epidoc.dtd">
<TEI.2 lang="en" id="IRT337"><teiHeader><fileDesc><titleStmt><title><rs type="textType">Dedication</rs> to Claudius </title><editor>J. M. Reynolds</editor><editor>J. B. Ward-Perkins</editor></titleStmt><publicationStmt>
<p>Creative Commons licence Attribution UK 2.0 (<xref>http://creativecommons.org/licenses/by/2.0/uk/</xref>). </p>
<p>All reuse or distribution of this work must contain somewhere a link back to the URL <xref>http://irt.kcl.ac.uk/</xref>
            </p></publicationStmt><sourceDesc>
<p>Republished from <bibl id="irt1952">
                  <author>J. M. Reynolds</author> and <author>J. B. Ward-Perkins</author>, <title level="m">The Inscriptions of Roman Tripolitania</title>, <pubPlace>Rome</pubPlace>: <publisher>British
                  School at Rome</publisher>, <date>1952</date>. </bibl>
            </p></sourceDesc></fileDesc><encodingDesc>
<p>Marked-up according to the EpiDoc Guidelines version 5 <xref>http://www.stoa.org/epidoc/gl/5/</xref>
         </p></encodingDesc><profileDesc><langUsage><language id="ar">Arabic</language><language id="en">English</language><language id="fr">French</language><language id="de">German</language><language id="grc">Ancient Greek</language><language id="grc-Latn">Transliterated Greek</language><language id="el">Modern Greek</language><language id="he">Hebrew</language><language id="it">Italian</language><language id="la">Latin</language><language id="phn-LY">Punic</language><language id="ber-Latn">Native Libyan language in Latin script</language></langUsage><textClass/><textClass><keywords><term>
                  <geogName type="ancientRegion" key="Tripolitania">Tripolitania</geogName>
               </term><term>
                  <geogName type="modernCountry" key="LY">Libya</geogName>
               </term><term>
                  <placeName type="modernFindspot" key="http://www.geonames.org/2215692/leptis-magna.html">Leptis Magna</placeName>
               </term></keywords></textClass></profileDesc><revisionDesc>
<change><date>2008-09-09</date><respStmt><name>ZA</name></respStmt><item>converted using CHET-C</item></change>
<change><date>2009-05-19</date><respStmt><name>RV</name></respStmt><item>Added Figures</item></change>
<change><date>2009-08-24</date><respStmt><name>RV</name></respStmt><item>Added Figures</item></change></revisionDesc></teiHeader><text><body>

<div type="description" subtype="monument">
<head>Description of Monument</head>
<p>Low moulded <rs type="objectType">base</rs>
               (<rs type="dimensions">
                  <measure unit="metre" type="length" dim="width">0.70</measure>
                  <measure unit="metre" type="length" dim="height">0.50</measure>
                  <measure unit="metre" type="length" dim="depth">0.50</measure></rs>) of <rs type="material">grey limestone</rs>,
               one of a series of five uniform bases; see also <xref type="inscription">326</xref>, <xref type="inscription">327</xref>, 
               <xref type="inscription">333</xref>, <xref type="inscription">340</xref>. </p></div>

<div type="description" subtype="text">
<head>Description of Text</head>
<p>Inscribed on one face.</p></div>

<div type="description" subtype="letters">
<head>Description of Letters</head>
<p>Irregular capitals: ll. 1 and 3, <measure unit="metre" type="length" dim="height">0.045</measure>;
               l. 2, <measure unit="metre" type="length" dim="height">0.05</measure>;
               l. 4, <measure unit="metre" type="length" dim="height">0.035</measure>.</p></div>

<div type="description" subtype="date">
<head>Date</head>
<p>
               <date type="textDate" notBefore="0045" notAfter="0046" exact="both">A.D. 45-46</date>
            (<rs type="criteria">titulature</rs>)</p></div>

<div type="history" subtype="locations">
<head>Locations</head>
<p>
               <rs type="found">
                  <placeName type="ancientFindspot" ref="http://atlantides.org/batlas/neapolis-lepcis-magna-35-g2" key="db653">Lepcis Magna</placeName>:
                  <rs type="monuList" key="db720">Forum Vetus</rs>, behind the <rs type="monuList" key="db754">Temple of Rome and Augustus</rs>.</rs>
            </p>
<p>
               <rs type="origLocation">Unknown</rs>
            </p>
<p>
               <rs type="lastLocation">Findspot</rs>
            </p></div>


<div type="bibliography">
<head>Bibliography</head>
<p><bibl><author>Aurigemma</author>, <xptr from="afrital"/> <biblScope>VIII:33</biblScope>ff., fig. 18</bibl>;
               <bibl><xptr from="ae"/> <biblScope>1948:15</biblScope></bibl>.</p></div>

<div type="history" subtype="text-constituted-from">
<head>Text constituted from</head>
<p>Transcription (Reynolds, Ward-Perkins)</p></div>

<div type="edition" lang="la">
<head lang="en">Text</head>
<ab>
               <lb n="1"/><persName type="emperor"><name reg="Tiberius" type="praenomen"><expan><abbr>Ti</abbr><ex>berio</ex></expan></name> 
                  <name reg="Claudius" type="gentilicium">Claudio</name> <name reg="Caesar" type="cognomen">Caesari</name> <name reg="Augustus" type="cognomen"><expan><abbr>Aug</abbr><ex>usto</ex></expan></name>
                  <lb n="2"/><name reg="Germanicus" type="cognomen">Germanico</name></persName> <w lemma="pontifex"><expan><abbr>pont</abbr><ex>ifici</ex></expan></w>
               <lb n="3"/><w lemma="magnus"><expan><abbr>max</abbr><ex>imo</ex></expan></w> 
               <w lemma="tribunicius"><expan><abbr>trib</abbr><ex>unicia</ex></expan></w> 
               <w lemma="potestas"><expan><abbr>pot</abbr><ex>estate</ex></expan></w> <num value="5">V</num> 
               <w lemma="imperator"><expan><abbr>imp</abbr><ex>eratori</ex></expan></w> <num value="11">XI</num> 
               <w lemma="pater"><expan><abbr>p</abbr><ex>atri</ex></expan></w> 
               <w lemma="patria"><expan><abbr>p</abbr><ex>atriae</ex></expan></w>
               <lb n="4"/><w lemma="consul"><expan><abbr>co</abbr><ex>n</ex><abbr>s</abbr><ex>uli</ex></expan></w> 
               <w lemma="designo"><expan><abbr>desig</abbr><ex>nato</ex></expan></w> <num value="4">IIII</num> 
            </ab></div>


   <div type="translation">
      <head>Translation</head><p>To Tiberius Claudius Caesar Augustus Germanicus, chief priest, holding tribunician power for the fifth time, acclaimed victor eleven times, father of the country, designated consul for the fourth time. </p></div>
   
<div type="commentary">
<head>Commentary</head>
<p>l. 3. trib. pot. V - 25 Jan. 45 - 24 Jan. 46. </p></div>

<div type="figure">
<head>Photographs</head>
<p>
<figure href="0403"><figDesc>Ward-Perkins Archive, BSR (Sopr. CLM 1090)</figDesc></figure>
<figure href="0420"><figDesc>Ward-Perkins Archive, BSR (Sopr. CLM 1089)</figDesc></figure></p></div></body></text></TEI.2>