<?xml version="1.0" encoding="UTF-8"?>
<!DOCTYPE TEI.2 SYSTEM "http://www.stoa.org/epidoc/dtd/6/tei-epidoc.dtd">
<TEI.2 lang="en" id="IRT324"><teiHeader><fileDesc><titleStmt><title><rs type="textType">Building</rs> <rs type="textType">dedication</rs> of the Chalcidicum to Augustus </title><editor>J. M. Reynolds</editor><editor>J. B. Ward-Perkins</editor></titleStmt><publicationStmt>
<p>Creative Commons licence Attribution UK 2.0 (<xref>http://creativecommons.org/licenses/by/2.0/uk/</xref>). </p>
<p>All reuse or distribution of this work must contain somewhere a link back to the URL <xref>http://irt.kcl.ac.uk/</xref>
            </p></publicationStmt><sourceDesc>
<p>Republished from <bibl id="irt1952">
                  <author>J. M. Reynolds</author> and <author>J. B. Ward-Perkins</author>, <title level="m">The Inscriptions of Roman Tripolitania</title>, <pubPlace>Rome</pubPlace>: <publisher>British
                  School at Rome</publisher>, <date>1952</date>. </bibl>
            </p></sourceDesc></fileDesc><encodingDesc>
<p>Marked-up according to the EpiDoc Guidelines version 5 <xref>http://www.stoa.org/epidoc/gl/5/</xref>
         </p></encodingDesc><profileDesc><langUsage><language id="ar">Arabic</language><language id="en">English</language><language id="fr">French</language><language id="de">German</language><language id="grc">Ancient Greek</language><language id="grc-Latn">Transliterated Greek</language><language id="el">Modern Greek</language><language id="he">Hebrew</language><language id="it">Italian</language><language id="la">Latin</language><language id="phn-LY">Punic</language><language id="ber-Latn">Native Libyan language in Latin script</language></langUsage><textClass/><textClass><keywords><term>
                  <geogName type="ancientRegion" key="Tripolitania">Tripolitania</geogName>
               </term><term>
                  <geogName type="modernCountry" key="LY">Libya</geogName>
               </term><term>
                  <placeName type="modernFindspot" key="http://www.geonames.org/2215692/leptis-magna.html">Leptis Magna</placeName>
               </term></keywords></textClass></profileDesc><revisionDesc>
<change><date>2008-09-09</date><respStmt><name>ZA</name></respStmt><item>converted using CHET-C</item></change>
<change><date>2009-05-19</date><respStmt><name>RV</name></respStmt><item>Added Figures</item></change>
<change><date>2009-08-24</date><respStmt><name>RV</name></respStmt><item>Added Figures</item></change></revisionDesc></teiHeader><text><body>

<div type="description" subtype="monument">
<head>Description of Monument</head>
<p>The greater part of three composite <rs type="objectType">panel</rs>s of <rs type="material">grey limestone</rs>, moulded above and below. 
               a) Seven <rs type="objectType">block</rs>s (together, <measure unit="metre" type="length" dim="height">6.76</measure> ×  height <measure unit="metre" type="length" dim="height">0.51</measure>), from the central gable.
               b) Nine <rs type="objectType">block</rs>s (together, <rs type="dimensions"><measure unit="metre" type="length" dim="width">8.44</measure><measure unit="metre" type="length" dim="height">0.52</measure></rs>), from the left- hand gable.
               c) Eight <rs type="objectType">block</rs>s, from the right-hand gable.</p></div>

<div type="description" subtype="text">
<head>Description of Text</head>
<p>Inscribed on the surviving faces</p></div>

<div type="description" subtype="letters">
<head>Description of Letters</head>
<p>a) Lapidary capitals: l. 1, <measure unit="metre" type="length" dim="height">0.125</measure>; 
               l. 2, <measure unit="metre" type="length" dim="height">0.08</measure>.</p>
<p>b) Lapidary capitals: <measure unit="metre" type="length" dim="height">0.145</measure>.</p>
<p>c) Lapidary capitals: <measure unit="metre" type="length" dim="height">0.145</measure>.</p></div>

<div type="description" subtype="date">
<head>Date</head>
<p>
               <date type="textDate" notBefore="0011" notAfter="0012" exact="both">A.D. 11-12 </date>
            (<rs type="criteria">reign</rs>, <rs type="criteria">titulature</rs>)</p></div>

<div type="history" subtype="locations">
<head>Locations</head>
<p>
               <rs type="found">
                  <placeName type="ancientFindspot" ref="http://atlantides.org/batlas/neapolis-lepcis-magna-35-g2" key="db653">Lepcis Magna</placeName>: 
                  <rs type="monuList" key="db709">Chalcidicum</rs>, from the architraves of the central and lateral gables of the facade.</rs>
            </p>
<p>
               <rs type="origLocation">Unknown</rs>
            </p>
<p>
               <rs type="lastLocation">Findspot</rs>
            </p></div>



<div type="bibliography">
<head>Bibliography</head>
<p><bibl><author>Aurigemma</author>, <xptr from="afrital"/> <biblScope>VIII:17.</biblScope>ff, fig 10, = text a)</bibl>; 
               <bibl><xptr from="ae"/> <biblScope>1948: 7 and 8</biblScope></bibl>.</p></div>

<div type="history" subtype="text-constituted-from">
<head>Text constituted from</head>
<p>Transcription (Reynolds, Ward-Perkins)</p></div>

<div type="edition" lang="la">
<head lang="en">Text</head>

<div type="textpart" subtype="section" n="a">
<ab>
                  <lb n="1"/><persName type="divine"><name reg="Numen">Numini</name> <w lemma="imperator"><expan><abbr>Imp</abbr><ex>eratoris</ex></expan></w> <name reg="Caesar" type="cognomen">Caesaris</name> 
                     <persName type="emperor"><w lemma="diuus">Diui</w></persName> <w lemma="filius"><expan><abbr>f</abbr><ex>ili</ex></expan></w> 
                  <name reg="Augustus" type="cognomen"><expan><abbr>Aug</abbr><ex>usti</ex></expan></name> 
                  <w lemma="pontifex"><expan><abbr>pont</abbr><ex>ificis</ex></expan></w> 
                  <w lemma="magnus"><expan><abbr>m<supplied reason="lost">ax</supplied></abbr><supplied reason="lost"><ex>imi</ex></supplied></expan></w> 
                  <w lemma="imperator"><supplied reason="lost"><expan><abbr>imp</abbr><ex>eratoris</ex></expan></supplied></w> <supplied reason="lost"><num value="20">XX</num></supplied> 
                  <w lemma="consul"><supplied reason="lost"><expan><abbr>co</abbr><ex>n</ex><abbr>s</abbr><ex>ulis</ex></expan></supplied></w> 
                  <num value="13"><supplied reason="lost">XII</supplied>I</num>
                  <w lemma="tribunicius"><expan><abbr>tr</abbr><ex>ibunicia</ex></expan></w> 
                  <w lemma="potestas"><expan><abbr>pot</abbr><ex>estate</ex></expan></w> <num value="34">XXXIIII</num></persName> <w lemma="calchidicum">calchidicum</w> <w lemma="et">et</w> <w lemma="porticus">porticus</w> <w lemma="et">et</w>
                  <lb n="4"/><w lemma="porta">porta</w> <w lemma="et">et</w> <w lemma="uia">uia</w> <w lemma="ab">ab</w> <num value="15">XV</num><w lemma="uir"><expan><abbr>uir</abbr><ex>is</ex></expan></w> 
                  <w lemma="sacer"><expan><abbr>sac</abbr><ex>rorum</ex></expan></w> 
                  <gap reason="lost" extent="7" unit="character" precision="circa"/><w lemma="dedico"><supplied reason="lost">dedica</supplied>ta</w> <w lemma="sum">est</w>
               </ab></div>

<div type="textpart" subtype="section" n="b">
<ab>
                  <lb n="1"/><persName type="attested"><name reg="Iddibal" type="cognomen">Iddibal</name> <persName type="attested"><name reg="Himilis" type="cognomen">Himilis</name></persName> <w lemma="filius"><expan><abbr>f</abbr><ex>ilius</ex></expan></w> <name reg="Caphada" type="cognomen">Caphada</name> <name reg="Aemilius" type="cognomen">Aemilius</name></persName> 
                  <w lemma="de"><expan><abbr>d</abbr><ex>e</ex></expan></w> 
                  <w lemma="suus"><expan><abbr>s</abbr><ex>ua</ex></expan></w> 
                  <w lemma="pecunia"><expan><abbr>p</abbr><ex>ecunia</ex></expan></w> 
                  <w lemma="facio"><expan><abbr>f</abbr><ex>aciendum</ex></expan></w> 
                  <w lemma="curo"><expan><abbr>c</abbr><ex>urauit</ex></expan></w> <w lemma="calchidicum">calchidicum</w> <w lemma="et">et</w> <w lemma="porticus">porticus</w> <w lemma="et">et</w> <w lemma="porta">portam</w> <w lemma="et">et</w>  <w lemma="uia">uiam</w>
               </ab></div>

<div type="textpart" subtype="section" n="c">
<ab>
                  <lb n="11"/><persName type="attested"><name reg="Iddibal" type="cognomen">Iddibal</name> <persName type="attested"><name reg="Himilis" type="cognomen">Himilis</name></persName> <w lemma="filius"><expan><abbr>f</abbr><ex>ilius</ex></expan></w> <name reg="Caphada" type="cognomen">Caphada</name> <name reg="Aemilius" type="cognomen">Aemilius</name></persName> 
                  <w lemma="de"><expan><abbr>d</abbr><ex>e</ex></expan></w> 
                  <w lemma="suus"><expan><abbr>s</abbr><ex>ua</ex></expan></w> 
                  <w lemma="pecunia"><expan><abbr>p</abbr><ex>ecunia</ex></expan></w> 
                  <w lemma="facio"><expan><abbr>f</abbr><ex>aciendum</ex></expan></w> 
                  <w lemma="curo"><expan><abbr>c</abbr><ex>urauit</ex></expan></w> <w lemma="calcidicum">calcidicum</w> <w lemma="et">et</w> <w lemma="porticus">porticus</w> <w lemma="et">et</w> <w lemma="porta">porta</w> <w lemma="et">et</w> <w lemma="uia">uia</w>
               </ab></div></div>



   <div type="translation">
      <head>Translation</head><p>a. To the divine power of Emperor Caesar Augustus, son of the deified <supplied reason="subaudible">Caesar</supplied>, <supplied reason="lost">chief</supplied> priest, <supplied reason="lost">acclaimed victor twenty times, consul thirteen times</supplied>, holding tribunician power for the thirty-fourth; the calchidicum and the porticoes and the gate and the road were dedicated by the commitee of fifteen in charge of sacred affairs <gap reason="lost"/> </p><p>b. Iddibal Caphada Aemilius, son of Himilis, saw to the construction of the calchidicum, porticoes, gate and street at his own expense. </p><p>c. Iddibal Caphada Aemilius, son of Himilis, saw to the construction of the calchidicum, porticoes, gate and street at his own expense. <note>a different, incorrect, case is used for gate and road.</note></p></div>
   
<div type="commentary">
<head>Commentary</head>
<p>a) l. 1. trib. pot. XXXIIII - July 11 - 30 June 12.</p>
<p>a) l. 1. The chalcidicum and porticus are presumably the double porticoes of the court yard behind. </p>
<p>a) l. 2. The XVviri sacrorum: probably a local college of priests; <bibl>N. Degrassi, <title level="s">Epigraphica</title>  VII (1945) 6 ff.</bibl> </p></div>

<div type="figure">
<head>Photographs</head>
<p>
<figure href="0399"><figDesc>Ward-Perkins Archive, BSR (BSR 48.XV.9)</figDesc></figure>
<figure href="0400"><figDesc>Ward-Perkins Archive, BSR (BSR 48.XV.8)</figDesc></figure>
<figure href="0401"><figDesc>Ward-Perkins Archive, BSR (BSR 48.XV.10)</figDesc></figure></p></div></body></text></TEI.2>
