<?xml version="1.0" encoding="UTF-8"?>
<!DOCTYPE TEI.2 SYSTEM "http://www.stoa.org/epidoc/dtd/6/tei-epidoc.dtd">
<TEI.2 lang="en" id="IRT302"><teiHeader><fileDesc><titleStmt><title>Fragmentary <rs type="textType">dedication</rs> to ?Mercury</title><editor>J. M. Reynolds</editor><editor>J. B. Ward-Perkins</editor></titleStmt><publicationStmt>
<p>Creative Commons licence Attribution UK 2.0 (<xref>http://creativecommons.org/licenses/by/2.0/uk/</xref>). </p>
<p>All reuse or distribution of this work must contain somewhere a link back to the URL <xref>http://irt.kcl.ac.uk/</xref>
            </p></publicationStmt><sourceDesc>
<p>Republished from <bibl id="irt1952">
                  <author>J. M. Reynolds</author> and <author>J. B. Ward-Perkins</author>, <title level="m">The Inscriptions of Roman Tripolitania</title>, <pubPlace>Rome</pubPlace>: <publisher>British
                  School at Rome</publisher>, <date>1952</date>. </bibl>
            </p></sourceDesc></fileDesc><encodingDesc>
<p>Marked-up according to the EpiDoc Guidelines version 5 <xref>http://www.stoa.org/epidoc/gl/5/</xref>
         </p></encodingDesc><profileDesc><langUsage><language id="ar">Arabic</language><language id="en">English</language><language id="fr">French</language><language id="de">German</language><language id="grc">Ancient Greek</language><language id="grc-Latn">Transliterated Greek</language><language id="el">Modern Greek</language><language id="he">Hebrew</language><language id="it">Italian</language><language id="la">Latin</language><language id="phn-LY">Punic</language><language id="ber-Latn">Native Libyan language in Latin script</language></langUsage><textClass/><textClass><keywords><term>
                  <geogName type="ancientRegion" key="Tripolitania">Tripolitania</geogName>
               </term><term>
                  <geogName type="modernCountry" key="LY">Libya</geogName>
               </term><term>
                  <placeName type="modernFindspot" key="http://www.geonames.org/2215692/leptis-magna.html">Leptis Magna</placeName>
               </term></keywords></textClass></profileDesc><revisionDesc>
<change><date>2008-09-09</date><respStmt><name>ZA</name></respStmt><item>converted using CHET-C</item></change>
<change><date>2009-05-19</date><respStmt><name>RV</name></respStmt><item>Added Figures</item></change>
<change><date>2009-08-24</date><respStmt><name>RV</name></respStmt><item>Added Figures</item></change></revisionDesc></teiHeader><text><body>

<div type="description" subtype="monument">
<head>Description of Monument</head>
<p> Lower part of a <rs type="objectType">base</rs> 
               (<rs type="dimensions"><measure unit="metre" type="length" dim="width">0.50</measure><measure unit="metre" type="length" dim="height">0.75</measure><measure unit="metre" type="length" dim="depth">0.46</measure></rs>).</p></div>

<div type="description" subtype="text">
<head>Description of Text</head>
<p>Inscribed on one face within a <rs type="decoration">moulded panel</rs> (die, <rs type="dimensions"><measure unit="metre" type="length" dim="width">0.38</measure><measure unit="metre" type="length" dim="height">0.55</measure></rs>). </p></div>

<div type="description" subtype="letters">
<head>Description of Letters</head>
<p> Lettering: ll. 1-7, <measure unit="metre" type="length" dim="height">0.05</measure>; remainder, <measure unit="metre" type="length" dim="height">0.035-0.04</measure>.</p></div>

<div type="description" subtype="date">
<head>Date</head>
<p>
               <date type="textDate">Unknown</date>
            </p></div>

<div type="history" subtype="locations">
<head>Locations</head>
<p>
               <rs type="found">
                  <placeName type="ancientFindspot" ref="http://atlantides.org/batlas/neapolis-lepcis-magna-35-g2" key="db653">Lepcis Magna</placeName>:
                  On the  <rs type="monuList" key="db732">sea- shore West of the Temple of Neptune</rs>.</rs>
            </p>
<p>
               <rs type="origLocation">Unknown</rs>
            </p>
<p>
               <rs type="lastLocation">Findspot</rs>
            </p></div>


<div type="bibliography">
<head>Bibliography</head>
<p><bibl><xptr from="romanelli1925"/>, <biblScope>134</biblScope></bibl>;
               <bibl><xptr from="ae"/>, <biblScope>1926:164</biblScope></bibl>;
               <bibl id="delaet1949"><author>De Laet</author>, <title level="m">Portorium</title> <date>1949</date>, <biblScope>252</biblScope></bibl>; 
               Also <bibl><author>Reynolds</author>, <xptr from="pbsr"/>XIX (1951) 118-121, pl.XX,2.</bibl> </p></div>

<div type="history" subtype="text-constituted-from">
<head>Text constituted from</head>
<p>Transcription (Reynolds, Ward-Perkins)</p></div>

<div type="edition" lang="la">
<head lang="en">Text</head>
<ab>
               <lb n="1"/><gap reason="lost" extent="unknown" unit="character"/><orig>a</orig><gap reason="lost" extent="1" unit="character" extentmax="2"/>
               <lb n="2"/><gap reason="lost" extent="3" unit="character" precision="circa"/><persName type="divine"><name reg="Mercurius" type="cognomen"><supplied reason="lost">Me</supplied>rcurio</name></persName>
               <lb n="3"/><gap reason="lost" extent="5" unit="character" extentmax="6"/><w part="F">imus</w>
               <lb n="4"/><persName type="emperor"><name reg="Traianus" type="cognomen"><unclear>Tr</unclear>aiani</name> <name reg="Augustus" type="cognomen"><expan><abbr>Aug</abbr><ex>usti</ex></expan></name></persName>
               <lb n="5"/><w lemma="seruus"><expan><abbr>ser</abbr><ex>uus</ex></expan></w> 
               <persName type="attested"><name reg="Priscillanus" type="cognomen">Priscil<lb n="6" type="worddiv"/>lanus</name></persName> <w lemma="uilicus"><expan><abbr>uil</abbr><ex>icus</ex></expan></w>
               <lb n="7"/><w lemma="maritimus"><expan><abbr>mari<unclear>t</unclear></abbr><ex>imus</ex></expan></w> <w lemma="et">et </w><num value="20">XX</num>
               <lb n="8"/><w lemma="hereditas"><expan><abbr>hered</abbr><ex>itatium</ex></expan></w> <placeName reg="Lepcis Magna">Lepc<supplied reason="lost">is</supplied>
               <lb n="9"/><expan><abbr>Magn</abbr><ex>ae</ex></expan></placeName> <w lemma="do"><expan><abbr>d</abbr><ex>edit</ex></expan></w> <w lemma="dedico"><expan><abbr>d</abbr><ex>edicauit</ex></expan></w>
            </ab></div>

<div type="apparatus">
<head>Apparatus</head>
<p>
               <app loc="7"><note> Compare vilicus terrestris,  <xref type="inscription">315a</xref>. </note></app>
            </p></div>

<div type="translation">
<head>Translation</head>
   <p><gap reason="lost"/> to Mercury <gap reason="lost"/>imus Priscillanus, slave of Trajan Augustus, superintendent of this tax on seaborne goods and of the levy of a twentieth on inheritances at Lepcis Magna, gave and dedicated <supplied reason="subaudible">this</supplied>.</p></div>

<div type="commentary">
<head>Commentary</head>
<p>No comment.</p></div>

<div type="figure">
<head>Photographs</head>
<p>
<figure href="0362"><figDesc>Ward-Perkins Archive, BSR (BSR 48.X.10)</figDesc></figure></p></div></body></text></TEI.2>
