<?xml version="1.0" encoding="UTF-8"?>
<!DOCTYPE TEI.2 SYSTEM "http://www.stoa.org/epidoc/dtd/6/tei-epidoc.dtd">
<TEI.2 lang="en" id="IRT315"><teiHeader><fileDesc><titleStmt><title>Fragments from a <rs type="textType" cert="high">building</rs> <rs type="textType" cert="low">dedication</rs></title><editor>J. M. Reynolds</editor><editor>J. B. Ward-Perkins</editor></titleStmt><publicationStmt>
<p>Creative Commons licence Attribution UK 2.0 (<xref>http://creativecommons.org/licenses/by/2.0/uk/</xref>). </p>
<p>All reuse or distribution of this work must contain somewhere a link back to the URL <xref>http://irt.kcl.ac.uk/</xref>
            </p></publicationStmt><sourceDesc>
<p>Republished from <bibl id="irt1952">
                  <author>J. M. Reynolds</author> and <author>J. B. Ward-Perkins</author>, <title level="m">The Inscriptions of Roman Tripolitania</title>, <pubPlace>Rome</pubPlace>: <publisher>British
                  School at Rome</publisher>, <date>1952</date>. </bibl>
            </p></sourceDesc></fileDesc><encodingDesc>
<p>Marked-up according to the EpiDoc Guidelines version 5 <xref>http://www.stoa.org/epidoc/gl/5/</xref>
         </p></encodingDesc><profileDesc><langUsage><language id="ar">Arabic</language><language id="en">English</language><language id="fr">French</language><language id="de">German</language><language id="grc">Ancient Greek</language><language id="grc-Latn">Transliterated Greek</language><language id="el">Modern Greek</language><language id="he">Hebrew</language><language id="it">Italian</language><language id="la">Latin</language><language id="phn-LY">Punic</language><language id="ber-Latn">Native Libyan language in Latin script</language></langUsage><textClass/><textClass><keywords><term>
                  <geogName type="ancientRegion" key="Tripolitania">Tripolitania</geogName>
               </term><term>
                  <geogName type="modernCountry" key="LY">Libya</geogName>
               </term><term>
                  <placeName type="modernFindspot" key="http://www.geonames.org/2215692/leptis-magna.html">Leptis Magna</placeName>
               </term></keywords></textClass></profileDesc><revisionDesc>
<change><date>2008-09-09</date><respStmt><name>ZA</name></respStmt><item>converted using CHET-C</item></change>
<change><date>2009-05-19</date><respStmt><name>RV</name></respStmt><item>Added Figures</item></change>
<change><date>2009-08-24</date><respStmt><name>RV</name></respStmt><item>Added Figures</item></change></revisionDesc></teiHeader><text><body>

<div type="description" subtype="monument">
<head>Description of Monument</head>
<p> Six fragments of a <rs type="material">marble</rs> <rs type="objectType">panel</rs>. 
               a) <rs type="dimensions"><measure unit="metre" type="length" dim="width">0.27</measure><measure unit="metre" type="length" dim="height">0.21</measure><measure unit="metre" type="length" dim="depth">0.025</measure></rs>, no edges surviving; 
               b) <rs type="dimensions"><measure unit="metre" type="length" dim="width">0.55</measure><measure unit="metre" type="length" dim="height">0.24</measure><measure unit="metre" type="length" dim="depth">0.025</measure></rs>, no edges surviving; 
               c) <rs type="dimensions"><measure unit="metre" type="length" dim="width">0.17</measure><measure unit="metre" type="length" dim="height">0.16</measure><measure unit="metre" type="length" dim="depth">0.025</measure></rs>, no edges surviving;
               d) <rs type="dimensions"><measure unit="metre" type="length" dim="width">0.10</measure><measure unit="metre" type="length" dim="height">0.08</measure><measure unit="metre" type="length" dim="depth">0.025</measure></rs>, no edges surviving;
               e) <rs type="dimensions"><measure unit="metre" type="length" dim="width">0.15</measure><measure unit="metre" type="length" dim="height">0.17</measure><measure unit="metre" type="length" dim="depth">0.025</measure></rs>, last two lines;
               f) <rs type="dimensions"><measure unit="metre" type="length" dim="width">0.15</measure><measure unit="metre" type="length" dim="height">0.09</measure><measure unit="metre" type="length" dim="depth">0.025</measure></rs>, last line.</p></div>

<div type="description" subtype="text">
<head>Description of Text</head>
<p>Inscribed on the surviving faces.</p></div>

<div type="description" subtype="letters">
<head>Description of Letters</head>
<p>Late form of Rustic capitals: <measure unit="metre" type="length" dim="height">0.05-0.055</measure>; last line <measure unit="metre" type="length" dim="height">0.04</measure>.</p></div>

<div type="description" subtype="date">
<head>Date</head>
<p>
               <date type="textDate" notBefore="0201" notAfter="0300" exact="none" cert="low">Probably third century A.D.</date>
            (<rs type="criteria">lettering</rs>)</p></div>

<div type="history" subtype="locations">
<head>Locations</head>
<p>
               <rs type="found">
                  <placeName type="ancientFindspot" ref="http://atlantides.org/batlas/neapolis-lepcis-magna-35-g2" key="db653">Lepcis Magna</placeName>:
                  <rs type="monuList" key="db725">Hadrianic Baths</rs> (Bartoccini MS notes)</rs>
            </p>
<p>
               <rs type="origLocation">Unknown</rs>
            </p>
<p>
               <rs type="lastLocation"> <rs type="monuList" key="db654">Lepcis Museum</rs>.</rs>
            </p></div>


<div type="bibliography">
<head>Bibliography</head>
<p>Not previously published.</p></div>

<div type="history" subtype="text-constituted-from">
<head>Text constituted from</head>
<p>Bartoccini MS notes; Transcription (Reynolds, Ward-Perkins)</p></div>

<div type="edition" lang="la">
<head lang="en">Text</head>

<div type="textpart" subtype="fragment" n="a">
<ab>
                  <lb n="1"/><gap reason="lost" extent="unknown" unit="character"/><w part="F">ngam</w> <w lemma="ad">ad</w> <w part="I">n</w><gap reason="lost" extent="unknown" unit="character"/>
                  <lb n="2"/><gap reason="lost" extent="unknown" unit="character"/><w part="F">m</w> <persName type="divine"><name reg="Venus" type="cognomen">Vener<unclear>i</unclear></name></persName><gap reason="lost" extent="unknown" unit="character"/>
                  <lb n="3"/><gap reason="lost" extent="unknown" unit="character"/>
                  <w lemma="continuus"><supplied reason="lost">con</supplied>tinu<unclear>a</unclear></w><gap reason="lost" extent="unknown" unit="character"/>
               </ab></div>

<div type="textpart" subtype="fragment" n="b">
<ab>
                  <lb n="1"/><gap reason="lost" extent="unknown" unit="character"/><orig>raess</orig> <w lemma="thermae"><unclear>th</unclear>ermae</w> <w part="I">sa</w><gap reason="lost" extent="unknown" unit="character"/>
                  <lb n="2"/><gap reason="lost" extent="unknown" unit="character"/><w part="F">tatem</w> <w lemma="ad">ad</w> <w lemma="solum">solum</w> <w lemma="deduco">dedu<supplied reason="lost">ct</supplied></w><gap reason="lost" extent="unknown" unit="character"/>
                  <lb n="3"/><gap reason="lost" extent="unknown" unit="character"/><orig><unclear>p</unclear></orig> <w lemma="prouisio">prouisione</w> <w lemma="et">et</w> <w lemma="eximius">exi<supplied reason="lost">mi</supplied></w><gap reason="lost" extent="unknown" unit="character"/>
                  <lb n="4"/><gap reason="lost" extent="unknown" unit="character"/><w part="F" lemma="ab">a</w> <w lemma="renouo">renoua<supplied reason="lost">uit</supplied></w><gap reason="lost" extent="unknown" unit="character"/>   
               </ab></div>

<div type="textpart" subtype="fragment" n="c">
<ab>
                  <lb n="1"/><gap reason="lost" extent="unknown" unit="character"/><w part="F">mio</w> prae<gap reason="lost" extent="unknown" unit="character"/>
                  <lb n="2"/><gap reason="lost" extent="unknown" unit="character"/><orig>esun</orig>
                  <gap reason="lost" extent="unknown" unit="character"/>
               </ab></div>

<div type="textpart" subtype="fragment" n="d">
<ab>
                  <lb n="1"/><gap reason="lost" extent="unknown" unit="character"/><orig>ius</orig><gap reason="lost" extent="unknown" unit="character"/>   
               </ab></div>

<div type="textpart" subtype="fragment" n="e">
<ab>
                  <lb n="1"/><gap reason="lost" extent="unknown" unit="character"/><orig>as<unclear>i</unclear>a</orig>
                  <lb n="2"/><gap reason="lost" extent="unknown" unit="character"/><orig><unclear>m</unclear>ordio</orig>
               </ab></div>

<div type="textpart" subtype="fragment" n="f">
<ab>
                  <gap reason="lost" extent="unknown" unit="character"/>
   <w lemma="curo"><supplied reason="lost" cert="low">curante</supplied></w>
   <persName type="attested"
      ><name reg="Antonius" type="gentilicium">Anton<supplied reason="lost">io</supplied></name></persName>
                  <gap reason="lost" extent="unknown" unit="character"/>
               </ab></div></div>

<div type="apparatus">
<head>Apparatus</head>
<p>
               <app loc="a 2"><note>Fragments a and b perhaps join to give l.2  
                     <foreign lang="la"><supplied reason="lost">Templu</supplied>m Veneri<supplied reason="lost">s ob Vetus</supplied>tatem ad solum 
                        dedu<supplied reason="lost">ctum</supplied></foreign></note></app>
            </p></div>

<div type="translation">
<head>Translation</head>
   <p>a. <gap reason="lost"/><supplied reason="lost" cert="low">temple</supplied> of <note>or for</note> Venus
      <gap reason="lost"/><supplied reason="lost" cert="low">with</supplied> continuous 
      <supplied reason="lost" cert="low">care</supplied><gap reason="lost"/> </p>
   <p>b. <gap reason="lost"/> superintendents of the Bath <gap reason="lost"/> fallen to the ground 
      <supplied reason="lost" cert="low">on account of its age</supplied> <gap reason="lost"/>
      by exercise of forethought and extreme <gap reason="lost"/> he renewed <gap reason="lost"/> </p>
   <p><note>c and d are not usefully translatable</note></p>
   <p>e.<gap reason="lost"/> ?Asia <gap reason="lost"/></p>
   <p>f.  ?with Antonius <gap reason="lost"/> <supplied reason="lost" cert="low">looking after the work</supplied>.</p>
</div>

<div type="commentary">
<head>Commentary</head>
<p>No comment.</p></div>

<div type="figure">
<head>Photographs</head>
<p>
<figure href="0380"><figDesc>Ward-Perkins Archive, BSR (BSR 48.XXII.24)</figDesc></figure></p>
</div>
</body>
</text>
</TEI.2>
