<?xml version="1.0" encoding="UTF-8"?>
<!DOCTYPE TEI.2
  SYSTEM "http://www.stoa.org/epidoc/dtd/6/tei-epidoc.dtd">
<TEI.2 lang="en" id="IRT307"><teiHeader><fileDesc><titleStmt><title>Fragment</title><editor>J. M. Reynolds</editor><editor>J. B. Ward-Perkins</editor></titleStmt><publicationStmt>
<p>Creative Commons licence Attribution UK 2.0 (<xref>http://creativecommons.org/licenses/by/2.0/uk/</xref>). </p>
<p>All reuse or distribution of this work must contain somewhere a link back to the URL <xref>http://irt.kcl.ac.uk/</xref>
            </p></publicationStmt><sourceDesc>
<p>Republished from <bibl id="irt1952">
                  <author>J. M. Reynolds</author> and <author>J. B. Ward-Perkins</author>, <title level="m">The Inscriptions of Roman Tripolitania</title>, <pubPlace>Rome</pubPlace>: <publisher>British
                  School at Rome</publisher>, <date>1952</date>. </bibl>
            </p></sourceDesc></fileDesc><encodingDesc>
<p>Marked-up according to the EpiDoc Guidelines version 5 <xref>http://www.stoa.org/epidoc/gl/5/</xref>
         </p></encodingDesc><profileDesc><langUsage><language id="ar">Arabic</language><language id="en">English</language><language id="fr">French</language><language id="de">German</language><language id="grc">Ancient Greek</language><language id="grc-Latn">Transliterated Greek</language><language id="el">Modern Greek</language><language id="he">Hebrew</language><language id="it">Italian</language><language id="la">Latin</language><language id="phn-LY">Punic</language><language id="ber-Latn">Native Libyan language in Latin script</language></langUsage><textClass/><textClass><keywords><term>
                  <geogName type="ancientRegion" key="Tripolitania">Tripolitania</geogName>
               </term><term>
                  <geogName type="modernCountry" key="LY">Libya</geogName>
               </term><term>
                  <placeName type="modernFindspot" key="http://www.geonames.org/2215692/leptis-magna.html">Leptis Magna</placeName>
               </term></keywords></textClass></profileDesc><revisionDesc>
<change><date>2008-09-09</date><respStmt><name>ZA</name></respStmt><item>converted using CHET-C</item></change>
<change><date>2009-05-19</date><respStmt><name>RV</name></respStmt><item>Added Figures</item></change>
<change><date>2009-08-24</date><respStmt><name>RV</name></respStmt><item>Added Figures</item></change></revisionDesc></teiHeader><text><body>

<div type="description" subtype="monument">
<head>Description of Monument</head>
<p> Two adjoining fragments of a <rs type="material">marble</rs> <rs type="objectType">panel</rs> 
               (<rs type="dimensions"><measure unit="metre" type="length" dim="width">0.11</measure>
                  <measure unit="metre" type="length" dim="height">0.07</measure>
                  <measure unit="metre" type="length" dim="depth">0.02</measure></rs>
               and <rs type="dimensions"><measure unit="metre" type="length" dim="width">0.095</measure>
                  <measure unit="metre" type="length" dim="height">0.08</measure>
                  <measure unit="metre" type="length" dim="depth">0.02</measure></rs>, no edges surviving) from the right-hand edge of the die of a moulded <rs type="decoration">tabella ansata</rs>. </p></div>

<div type="description" subtype="text">
<head>Description of Text</head>
<p>Inscribed on the surviving faces.</p></div>

<div type="description" subtype="letters">
<head>Description of Letters</head>
<p>Second to third centuries lettering: l. 1, c. <measure unit="metre" type="length" dim="height">0.35</measure>; 11. 2- 4. 0.2- <measure unit="metre" type="length" dim="height">0.025</measure>.</p></div>

<div type="description" subtype="date">
<head>Date</head>
<p>
               <date type="textDate" notBefore="0101" notAfter="0300" exact="none">Second to third centuries A.D. </date>
            (<rs type="criteria">lettering</rs>)</p></div>

<div type="history" subtype="locations">
<head>Locations</head>
<p>
               <rs type="found">
                  <placeName type="ancientFindspot" ref="http://atlantides.org/batlas/neapolis-lepcis-magna-35-g2" key="db653">Lepcis Magna</placeName>:
                  <rs type="monuList" key="db749">Severan Harbour</rs> - South side. 
                  (Rel. Scan. 14.8.29</rs>
            </p>
<p>
               <rs type="origLocation">Unknown</rs>
            </p>
<p>
               <rs type="lastLocation"> <rs type="monuList" key="db654">Lepcis Museum</rs>. </rs>
            </p></div>


<div type="bibliography">
<head>Bibliography</head>
<p>Not previously published.</p></div>

<div type="history" subtype="text-constituted-from">
<head>Text constituted from</head>
<p>Transcription (Reynolds, Ward-Perkins)</p></div>

<div type="edition" lang="la">
<head lang="en">Text</head>
<ab>
               <lb n="1"/><gap reason="lost" extent="unknown" unit="character"/><w lemma="deus">di</w>
               <lb n="2"/><gap reason="lost" extent="unknown" unit="character"/><w part="F">tis</w>
               <lb n="3"/><gap reason="lost" extent="unknown" unit="character"/><persName type="divine"><name reg="Neptunus" type="cognomen"><supplied reason="lost">Ne</supplied>ptuni</name></persName>
               <lb n="4"/><gap reason="lost" extent="unknown" unit="character"/><w part="F"><unclear>n</unclear></w>
            </ab></div>

<div type="translation">
   <head>Translation</head><p><gap reason="lost"/> of Neptune <gap reason="lost"/></p></div>

<div type="commentary">
<head>Commentary</head><p>No comment.</p></div>

<div type="figure">
<head>Photographs</head>
<p>
<figure href="0370"><figDesc>Ward-Perkins Archive, BSR (BSR 48.XXII.17)</figDesc></figure></p></div></body></text></TEI.2>